battery_id,cycle_index,total_cycles,rul_cycles,capacity_ah,capacity_ratio,ambient_temperature,voltage_mean,voltage_min,voltage_max,current_mean,current_std,temperature_mean,temperature_max,duration_s,health_class
B0005,1,168,167,1.8564874208181572,1.0115172778353458,24.0,3.5298286688693397,2.612467347907089,4.191491807505295,-1.8187019641679727,0.5950584036965106,32.572328114029,38.98218133148803,3690.234,Healthy
B0005,2,168,166,1.846327249719927,1.0059814533011329,24.0,3.5373201277859714,2.587208728940726,4.189773213846608,-1.8175598506612867,0.5967037718608691,32.72523522519307,39.03339796678704,3672.344,Healthy
B0005,3,168,165,1.835349194223408,1.0,24.0,3.5437367282719,2.65191689384378,4.188186735991303,-1.8164865418840956,0.598033410427442,32.64286193755933,38.81879668981741,3651.641,Healthy
B0005,4,168,164,1.8352625275821128,0.9999527792086825,24.0,3.5436661072601456,2.592947964776547,4.188461118855572,-1.8255891938692528,0.5849720920767387,32.51487646204882,38.7623045063458,3631.563,Healthy
B0005,5,168,163,1.8346455082120416,0.999616592845884,24.0,3.5423432526672167,2.547419651124539,4.188298524761055,-1.8261139590277584,0.5849781734923365,32.38234901543077,38.66539257343368,3629.172,Healthy
B0005,6,168,162,1.8356616600675493,1.0001702487162252,24.0,3.5413347346347575,2.5209480504077413,4.188815807948604,-1.8168108743168805,0.5982374845560281,32.43418218230641,38.75169504640032,3652.281,Healthy
B0005,7,168,161,1.8351461429226603,0.999889366393389,24.0,3.5410250495075215,2.487927319492314,4.18839163793879,-1.816791144707133,0.598027293280686,32.480416444757985,38.8207012322275,3650.828,Healthy
B0005,8,168,160,1.8257567905665535,0.9947735266471113,24.0,3.554133296801584,2.665204904745877,4.188927891511958,-1.8443412120754061,0.5588480400785013,32.41046186109587,38.51713023385634,3572.453,Healthy
B0005,9,168,159,1.8247738529891333,0.9942379677570026,24.0,3.5529355991467955,2.603858472633368,4.189029250882121,-1.853972745505648,0.5439173113548029,32.3461408313,38.526267904657,3550.594,Healthy
B0005,10,168,158,1.824613268496936,0.9941504724222169,24.0,3.5512057319376997,2.552853984885676,4.189223427076418,-1.853589933851096,0.5437675433297863,32.27679750791685,38.52698128472781,3551.25,Healthy
B0005,11,168,157,1.8246195526864504,0.9941538963970845,24.0,3.549292319740949,2.472448301852732,4.188916055911241,-1.863380178294828,0.5281400480827111,32.15709350345252,38.54143406601644,3530.25,Healthy
B0005,12,168,156,1.814201935767392,0.988477801105874,24.0,3.559759220648976,2.64956413267546,4.189876247266316,-1.8729688102878943,0.5130716590837109,32.36407129853099,38.52197451768004,3491.016,Healthy
B0005,13,168,155,1.8137521577549052,0.9882327371072069,24.0,3.558081969139198,2.5724981777366227,4.189286794768804,-1.8826095043160835,0.4956165132448094,32.3181954403762,38.582485834057856,3470.281,Healthy
B0005,14,168,154,1.8134404914735824,0.9880629240371364,24.0,3.555692244172496,2.5249886697730286,4.188837765892728,-1.8825367876363654,0.4956211462224087,32.15709029211502,38.52029413487392,3470.0,Healthy
B0005,15,168,153,1.8025980036306504,0.9821553355100823,24.0,3.562746818017503,2.694621861688723,4.189110301768517,-1.8817935155260215,0.49675893020691225,32.044070003146096,38.21358592965045,3450.297,Healthy
B0005,16,168,152,1.80210690024615,0.9818877551575008,24.0,3.5614521756489204,2.64010141737067,4.18921207304098,-1.8921861285036712,0.4783175942794847,31.931593674911532,38.1983618706913,3429.407,Healthy
B0005,17,168,151,1.802579500826209,0.9821452541563543,24.0,3.5603420474985823,2.573903509838096,4.188899969428112,-1.9027629207037406,0.4583670956269601,31.941655359029298,38.31926916027133,3409.484,Healthy
B0005,18,168,150,1.8030683142834096,0.9824115868295802,24.0,3.5591189041401865,2.4942396831720126,4.188779799856791,-1.9133470605822436,0.4370967010164596,31.965008645476725,38.4787542519308,3390.422,Healthy
B0005,19,168,149,1.802777624719604,0.9822532030382447,24.0,3.557886771846508,2.4556793246645583,4.189272591516219,-1.9131602105481538,0.43739375219380805,31.966241678512723,38.54659017774874,3390.281,Healthy
B0005,20,168,148,1.8470259949329195,1.0063621684343576,24.0,3.5520375235511907,2.632142800798914,4.187614060563439,-1.8553455745575975,0.5414698544768106,32.37143341978575,38.44749852224995,3591.734,Healthy
B0005,21,168,147,1.847417311283644,1.0065753792783518,24.0,3.5525668436897124,2.5027764692056795,4.187628781108399,-1.8746995273150975,0.5092300236214019,32.70024990461686,38.992275791716615,3552.297,Healthy
B0005,22,168,146,1.8361774213478947,1.0004512640575938,24.0,3.5567940383270398,2.617507742871704,4.187447226312926,-1.8738272127883846,0.5103730187309344,32.32266411829938,38.51424197364312,3531.578,Healthy
B0005,23,168,145,1.825780747577624,0.9947865797550135,24.0,3.5614100044534203,2.694074478000972,4.187344026387161,-1.883193546754683,0.49437303605838623,31.98795810666763,38.165816144899125,3492.907,Healthy
B0005,24,168,144,1.8251136435078368,0.9944231044709168,24.0,3.5566107947817986,2.6237674644021887,4.187438187636325,-1.873239184822504,0.5118130466075484,31.894456524691385,38.16526203587147,3511.594,Healthy
B0005,25,168,143,1.825581504220376,0.9946780209271485,24.0,3.5586742170266272,2.5010798299873738,4.18774138117799,-1.9139593751505897,0.4348648966308472,31.78039681801023,38.27549578575718,3431.9370000000054,Healthy
B0005,26,168,142,1.814031127508391,0.9883847352960877,24.0,3.564103182686904,2.68499881852498,4.188261122540052,-1.9030532722310995,0.45733623839603826,31.688747146342205,37.98216079918311,3431.125,Healthy
B0005,27,168,141,1.8147691941158937,0.9887868749051745,24.0,3.559588063594272,2.547109116468133,4.187338767288234,-1.9134590742247914,0.43606619958029547,31.596747992569153,38.11100191887773,3412.406,Healthy
B0005,28,168,140,1.813969388710352,0.988351096575874,24.0,3.556833231052199,2.471314764334132,4.187560306288175,-1.9136209099025532,0.4361071320744154,31.565586498787077,38.18831137948753,3410.688,Healthy
B0005,29,168,139,1.802765665167823,0.9822466868113499,24.0,3.5624410850948944,2.6613903306108773,4.18805176248713,-1.9025819745719061,0.45861118124673544,31.59124667045208,37.99854111908584,3410.718,Healthy
B0005,30,168,138,1.804077040117352,0.9829611965916447,24.0,3.5591407106855666,2.541762355407921,4.187667484260542,-1.9130621638638965,0.4374122485698811,31.603485399391182,38.194201649765226,3392.719,Healthy
B0005,31,168,137,1.8518025516704488,1.0089647013760794,24.0,3.5573161327793144,2.628919415830567,4.2010701773378685,-1.920618117118412,0.4210961516440683,31.91556385491565,38.45796400011448,3470.672,Healthy
B0005,32,168,136,1.8307038456739428,0.997468956553834,24.0,3.561870782772737,2.6312552691827045,4.1996223345495824,-1.9298830859597569,0.39984237764545444,32.081128118597164,38.49126351534004,3414.109,Healthy
B0005,33,168,135,1.8199041089501269,0.9915846612067649,24.0,3.5617586337260088,2.654880745360911,4.199853323702163,-1.9293005284805407,0.40083773658767985,31.849792632896243,38.31473393357882,3395.219,Healthy
B0005,34,168,134,1.809307963702852,0.9858112937840285,24.0,3.5597307651083123,2.6749688422803803,4.199103467081427,-1.923330987770314,0.4140883105105742,31.465690433362017,37.861934640176806,3386.0,Healthy
B0005,35,168,133,1.80460990458052,0.9832515306952829,24.0,3.5575937553540915,2.6159705726789904,4.199998536865001,-1.9284469980320087,0.40250038264104065,31.409348956650316,37.90665575786083,3368.187,Healthy
B0005,36,168,132,1.7993770651972192,0.9804003896700378,24.0,3.5597237883937995,2.658447162110498,4.19967522099872,-1.9231439161693824,0.41507740963490697,31.902247475518077,38.34003238560517,3368.266,Healthy
B0005,37,168,131,1.7884432335370462,0.9744430319668901,24.0,3.559061771422033,2.697942608427116,4.1991847248803165,-1.9170149640438081,0.42788671422977803,31.649024294808623,38.0745950590744,3358.719,Healthy
B0005,38,168,130,1.7829230484252725,0.9714353290571942,24.0,3.557015527748059,2.6617272246516333,4.200012480335,-1.922048805055383,0.4167099351187296,31.48874626238971,38.07252758016199,3339.5,Healthy
B0005,39,168,129,1.7730337158018288,0.9660470723403964,24.0,3.5562481933590964,2.699288287625812,4.1992373656547874,-1.9162302821549881,0.42954137473705156,31.329995610092634,37.80133585100446,3331.265,Healthy
B0005,40,168,128,1.773037755078937,0.9660492731625183,24.0,3.5532756526091784,2.612793240883853,4.199395781118708,-1.9220800182578983,0.41787857151980856,31.569551201845574,38.39873985476869,3321.188,Healthy
B0005,41,168,127,1.7678721106662054,0.9632347436827933,24.0,3.556266431640255,2.6637064901468075,4.199578698026071,-1.9162417890311958,0.4301544929609481,32.111426258867944,38.74929237918251,3321.844,Healthy
B0005,42,168,126,1.762315070409309,0.9602069600466401,24.0,3.5563095420140822,2.6668454289754746,4.199546957512695,-1.9158809823517762,0.4307955266789468,32.271676011112376,38.87275464755104,3311.828,Healthy
B0005,43,168,125,1.7676172924938447,0.9630959046143681,24.0,3.558950851054106,2.684431051981017,4.194091469340824,-1.9114406265753041,0.44067375045589385,31.842291659678658,38.503541429116005,3327.391,Healthy
B0005,44,168,124,1.762668359743147,0.960399451663467,24.0,3.5534418211598053,2.645224362345869,4.200715235801255,-1.9158166997544155,0.4305939836666456,31.759815453754253,38.27009094548294,3312.078,Healthy
B0005,45,168,123,1.7517304870664143,0.9544398921904476,24.0,3.5510121537420285,2.6603527244917,4.1990980807180325,-1.9151304155635374,0.4316514819228713,31.41911167391793,38.11684755251712,3293.172,Healthy
B0005,46,168,122,1.7418496047960008,0.9490562396945015,24.0,3.551317608213949,2.6926849789916263,4.199398534411534,-1.9148485784393638,0.4329328203091831,31.331626572312267,38.04152715355532,3275.328,Healthy
B0005,47,168,121,1.7360913511847138,0.9459188238668157,24.0,3.549003180550162,2.670544734728978,4.199122915612965,-1.9144128654409127,0.4334053453936525,31.35934131425137,38.17980302242767,3265.016,Healthy
B0005,48,168,120,1.7936240148573608,0.9772658088731162,24.0,3.5597648340955175,2.605158060541757,4.190409478081396,-1.9388813849818083,0.3777947502840274,34.31088483888259,40.71218198711114,3328.937,Healthy
B0005,49,168,119,1.7831890223273277,0.9715802463856744,24.0,3.5623454342368555,2.672012007453096,4.199933846791869,-1.927509725704535,0.4046355296077638,33.43585640373787,39.88526123315293,3329.266,Healthy
B0005,50,168,118,1.7673642076278957,0.9629580099473775,24.0,3.558336657621618,2.674271233724938,4.199365021329158,-1.9267185977839403,0.40616422458824464,32.66698125020078,39.18287352945846,3301.579,Healthy
B0005,51,168,117,1.7570177850353066,0.9573207052725213,24.0,3.5540131386228695,2.6309416727017187,4.19902365945384,-1.9261308349663746,0.4074242751781163,32.28423408691397,38.95156480403077,3283.563,Healthy
B0005,52,168,116,1.7468706179837907,0.9517919660639538,24.0,3.552376095886298,2.6629725743154204,4.199432142144215,-1.9202346781375206,0.42078135455068144,32.00739178780946,38.607510759873634,3275.125,Healthy
B0005,53,168,115,1.7417172507457144,0.9489841258696757,24.0,3.549618661283733,2.612942119873717,4.199640922827531,-1.9201011498853633,0.4212115321958238,32.06387071886056,38.920359903369054,3265.656,Healthy
B0005,54,168,114,1.7364225056478186,0.9460992551788227,24.0,3.54938103086703,2.615719844266148,4.199305653118061,-1.914427810545647,0.43348048129389816,32.43754560319043,39.23273115358871,3266.093,Healthy
B0005,55,168,113,1.7263217239235826,0.9405957892683424,24.0,3.5472118680418956,2.6287695472774453,4.198949734540481,-1.9083407065035893,0.4460659525542236,32.16809876635083,38.9649270684008,3257.594,Healthy
B0005,56,168,112,1.7158065389330133,0.9348665334822146,24.0,3.5467052098640246,2.6655106679421823,4.19834220599025,-1.902207182631691,0.45818444187146684,32.05752645824972,38.83927283461771,3248.593,Healthy
B0005,57,168,111,1.710533351135192,0.9319934084036638,24.0,3.544629653883431,2.650495153350403,4.198995776266302,-1.9020484449938708,0.45891308926795626,31.97592092807272,38.82796377704433,3238.766,Healthy
B0005,58,168,110,1.706014499648521,0.9295312875708034,24.0,3.5436291614253204,2.643236235233877,4.19916986492694,-1.8964907679062355,0.47019186364523347,32.21689335291319,39.14007944734004,3240.14,Healthy
B0005,59,168,109,1.7003110272642588,0.9264237195928876,24.0,3.5444946147995258,2.656450207001938,4.199246833083063,-1.895971437908019,0.470704689176496,32.55632993697177,39.349611598028886,3230.109,Healthy
B0005,60,168,108,1.6945798601797897,0.923301062006796,24.0,3.5409201846556857,2.626177688152069,4.19925518864016,-1.8899648799839277,0.4816237581115816,32.40048085325998,39.29444535878087,3229.7810000000027,Healthy
B0005,61,168,107,1.6849029086609286,0.9180285222910196,24.0,3.541195668799061,2.6582230344240045,4.199610827671791,-1.8893703824420507,0.4829576561026725,32.29371860868794,39.10487658009542,3212.469,Healthy
B0005,62,168,106,1.6744741591159715,0.9123463613279829,24.0,3.540671044783382,2.695100237338448,4.1994453812630566,-1.8776883243431417,0.5036968499774821,32.136071448067796,39.0462609369598,3213.219,Healthy
B0005,63,168,105,1.6745692479879102,0.9123981710175165,24.0,3.5376048790268775,2.639091813583503,4.198991968341307,-1.8831065986697755,0.4943331421972539,32.382685497234974,39.398032192832,3203.578,Healthy
B0005,64,168,104,1.663716375981405,0.906484924622409,24.0,3.538422485261741,2.6857210282450983,4.197785116892181,-1.876359921441716,0.5052459745361098,32.30899951427638,39.10678394120843,3195.125,Healthy
B0005,65,168,103,1.659013868748246,0.9039227379562641,24.0,3.53928626988912,2.69017866510873,4.201331130571617,-1.8709550260104437,0.5151556922537976,32.56636929496717,39.44448954135193,3195.312999999994,Healthy
B0005,66,168,102,1.6538540573335014,0.9011113866172467,24.0,3.533690170241391,2.639895313359579,4.199339974904826,-1.8705599868289542,0.5157546970961461,32.46542951751835,39.509602016775695,3186.297,Healthy
B0005,67,168,101,1.642653782130131,0.8950088556990855,24.0,3.534367734544495,2.68991452927918,4.198916244859707,-1.8640049795794804,0.526313550615293,32.347056454418095,39.33486536224533,3176.438,Healthy
B0005,68,168,100,1.6378578430223698,0.8923957621674263,24.0,3.5312941932103548,2.65935818848874,4.198537488587242,-1.8636932149873204,0.527087829798622,32.37153894064616,39.43723270017243,3167.593,Healthy
B0005,69,168,99,1.6327350407099108,0.8896045754392644,24.0,3.5309134771684274,2.6657030585650423,4.198943932259475,-1.857820396301907,0.5368188730291541,32.45549347979197,39.51375235624076,3167.719,Healthy
B0005,70,168,98,1.6277528915533617,0.886890024348807,24.0,3.5287226893409893,2.642986759012803,4.199579806494986,-1.8572160981955346,0.5374001902211297,32.50017194695606,39.60170302810528,3159.077999999994,Healthy
B0005,71,168,97,1.622125485521159,0.8838239015369115,24.0,3.52625493581969,2.631116911889304,4.198782234828033,-1.8568340008006832,0.5383160191069417,32.50100298369444,39.68746359758208,3148.829,Healthy
B0005,72,168,96,1.6113256603765849,0.8779395580133108,24.0,3.5286843243370045,2.696157404617167,4.19910517813207,-1.8448886500218815,0.5567437022145733,32.4728927422438,39.53535075538898,3149.094,Healthy
B0005,73,168,95,1.6065631397488385,0.8753446727224158,24.0,3.525556939424901,2.6667596238241567,4.198510853141954,-1.8444180038305806,0.5575503803894236,32.50480154634882,39.6502371632164,3140.547,Healthy
B0005,74,168,94,1.6015142233917594,0.8725937431592732,24.0,3.5226805646793737,2.6403185448373043,4.198732430468704,-1.8438790389835118,0.558258177729594,32.51218336210202,39.69929058154853,3131.625,Healthy
B0005,75,168,93,1.590369231400328,0.8665213336000954,24.0,3.5246734587890085,2.69892986372897,4.198799630396931,-1.83711254029409,0.5679295356339376,32.45692821941515,39.56076309770468,3121.907,Healthy
B0005,76,168,92,1.5857889968242211,0.8640257678567902,24.0,3.5213155754526824,2.6682466504352997,4.198753541225669,-1.8315957075983758,0.5767088275569217,32.447059186431154,39.63708096307912,3122.125,Healthy
B0005,77,168,91,1.5849430707374117,0.8635648604232228,24.0,3.51803386486462,2.6479207279724903,4.200309982421394,-1.8311195242792309,0.5767399739087574,32.32889654966259,39.43977047692484,3121.672,Healthy
B0005,78,168,90,1.5955263892495937,0.8693312391295158,24.0,3.5236841955396794,2.6741633856529066,4.201124089732316,-1.8432799764914718,0.5590382516984779,32.84488475360107,39.83902225625452,3120.86,Healthy
B0005,79,168,89,1.5747301747801037,0.8580003084625103,24.0,3.519146638240668,2.6892528956736257,4.198150316653697,-1.829798505957538,0.5781334853154986,32.31731555011648,39.41794949618613,3103.828,Healthy
B0005,80,168,88,1.5649019950937946,0.852645371256423,24.0,3.516233648608237,2.688809122993162,4.198524048997099,-1.8236746835609148,0.5877660020442546,32.06376130177751,39.262781682151214,3095.094,Healthy
B0005,81,168,87,1.5597659473370362,0.8498469676758273,24.0,3.514773138461639,2.6743555987897745,4.198840869468569,-1.8176720770210877,0.5961114455245332,32.21997626855924,39.47237839941986,3095.781,Healthy
B0005,82,168,86,1.5594815668184234,0.8496920214021112,24.0,3.5132992979150073,2.6430294964336345,4.198119631667182,-1.8179238657973993,0.5961445220961886,32.7120225448885,40.03754146951368,3094.328,Healthy
B0005,83,168,85,1.55468935359061,0.8470809579364249,24.0,3.514484830704665,2.6584858447131823,4.198320288264955,-1.817160673909645,0.5970349702033854,32.945022147355694,40.14273016201157,3086.531,Healthy
B0005,84,168,84,1.5488741079890418,0.8439124897125735,24.0,3.5109677353595243,2.629782173759164,4.1980467610750285,-1.8110297241968543,0.6051581383309774,32.857549597381336,40.1165626728546,3085.625,Warning
B0005,85,168,83,1.538236598942558,0.8381165849986562,24.0,3.510935874957801,2.6622967647315545,4.199047008209673,-1.8094435644526072,0.6069013859029623,32.629663328789654,39.87503330866132,3067.203,Warning
B0005,86,168,82,1.527914258251028,0.8324924014786924,24.0,3.509393098217416,2.682380966742509,4.197669918520713,-1.8026537331443495,0.6156468293908701,32.379859014262976,39.61961987024145,3058.157,Warning
B0005,87,168,81,1.5285252629756445,0.8328253107291717,24.0,3.5066782411556563,2.640189476892272,4.197600624105256,-1.8031542757366412,0.615721903133411,32.68215852457039,40.067324667444815,3058.812,Warning
B0005,88,168,80,1.522647325284378,0.8296226843789563,24.0,3.5109885623008092,2.693769409137257,4.197985718630326,-1.7965666438696486,0.6234851437507705,32.99387423636739,40.24716716520102,3058.578,Warning
B0005,89,168,79,1.5174859938489869,0.8268105048484146,24.0,3.510305462695178,2.695787450704935,4.198164128530042,-1.7959771394311954,0.6242659960184777,33.045397072111655,40.30253125568348,3049.328,Warning
B0005,90,168,78,1.605818899130659,0.8749391691700008,24.0,3.5222215314850214,2.6920548172137724,4.222920057935785,-1.822916991757235,0.5889299654441851,32.856295641052824,40.09418103142496,3177.219,Warning
B0005,91,168,77,1.5638491446744425,0.8520717199737866,24.0,3.5163492154331264,2.629071246219689,4.200423045909808,-1.8294275689587538,0.5799206922442277,33.33950238056361,40.52238496316615,3082.937,Warning
B0005,92,168,76,1.5480915247767786,0.8434860949890374,24.0,3.5134397623234963,2.631343871050918,4.198372063670128,-1.816317296828028,0.5976282910241006,33.35156485472646,40.56886357314186,3074.266,Warning
B0005,93,168,75,1.5323755631868592,0.8349231677600479,24.0,3.515137522009075,2.6983970036642315,4.198353213898968,-1.8033689952639713,0.6147651065356566,33.147486361012966,40.27804845768325,3066.0,Warning
B0005,94,168,74,1.5269528268489705,0.8319685603453084,24.0,3.50830390643132,2.6338485871981514,4.197873789078739,-1.802670753119494,0.6156394846208406,33.007275861749356,40.2921849196155,3056.437,Warning
B0005,95,168,73,1.5169573017136326,0.8265224440602996,24.0,3.509190808443004,2.671566207861818,4.197955644238241,-1.7958941337499832,0.6242630120504566,32.91990812745461,40.184384347174266,3048.219,Warning
B0005,96,168,72,1.511897596014269,0.8237656358652768,24.0,3.5068097579555353,2.6540810507928123,4.197918434710392,-1.795344963527795,0.6252844674365714,32.99903328622305,40.320066232195046,3039.218,Warning
B0005,97,168,71,1.5065638960681105,0.82085954041328,24.0,3.50609090727422,2.656849703962618,4.197739340034368,-1.7893518988259458,0.633010172459049,33.03772281691292,40.33650561265159,3039.047,Warning
B0005,98,168,70,1.5015453526671363,0.8181251597206197,24.0,3.5037157727265953,2.6363048614501152,4.19785490446139,-1.7883879159763685,0.6338733874724279,33.07740307192613,40.43267631588412,3030.375,Warning
B0005,99,168,69,1.4908444050400238,0.8122946901506911,24.0,3.5067479961367156,2.69951692300468,4.197306756122815,-1.7815447770741009,0.6424340150968986,33.05467981523988,40.314538591575015,3021.0,Warning
B0005,100,168,68,1.485868384561201,0.8095834783036572,24.0,3.5058813026542324,2.698216006032282,4.197528212001444,-1.7753115642966961,0.6496163987691415,33.11570360624461,40.386661855917744,3021.75,Warning
B0005,101,168,67,1.480413677976106,0.8066114517256832,24.0,3.504168333530808,2.6911707598773864,4.19743662221161,-1.7742377662318363,0.650820274975926,33.12942148982365,40.43384612547835,3012.265,Warning
B0005,102,168,66,1.4752095869031632,0.8037759743738407,24.0,3.5030568931470634,2.690162319231471,4.197717228550219,-1.773860289771637,0.6517546907968573,33.130681310493344,40.44479269068758,3002.641,Warning
B0005,103,168,65,1.4859035988304024,0.8096026649899358,24.0,3.4982324882487936,2.6355034454892072,4.192454851360723,-1.7809702419814517,0.6432257233392734,33.20069210329718,40.58499656066617,3012.0,Warning
B0005,104,168,64,1.4960918298136696,0.8151537781052677,24.0,3.5065859365661325,2.6594753656507684,4.202845001527377,-1.7879098523188455,0.6347436730403643,33.78697527817091,40.99869158762305,3020.11,Warning
B0005,105,168,63,1.4808005946928984,0.8068222654051782,24.0,3.501457140697961,2.644554999824577,4.197952808231904,-1.780229415660985,0.6442467919526821,33.673365085761986,40.997807625227495,3002.172000000006,Warning
B0005,106,168,62,1.4697543268466824,0.8008036462339692,24.0,3.5016583871628097,2.6719601666204564,4.198017952345714,-1.7731015168894209,0.6524940973483503,33.535818118317145,40.84213757482493,2992.703,Warning
B0005,107,168,61,1.4539012274845928,0.7921659987432433,24.0,3.4966186408455298,2.6598211033173382,4.192162800008929,-1.7705879947441516,0.655250568309213,33.32269982188509,40.69012464267011,2964.468,Warning
B0005,108,168,60,1.454146206723569,0.7922994770152514,24.0,3.4991645719433246,2.688360455508818,4.196993378341778,-1.7600629827474803,0.6680517358563886,33.346230327490304,40.69938049882204,2983.375,Warning
B0005,109,168,59,1.455023751906683,0.7927776122855726,24.0,3.496080777360074,2.6376728619288525,4.197603515102162,-1.765575132998529,0.6618426180378949,33.64948900485925,41.06026204078849,2975.297,Warning
B0005,110,168,58,1.449042163761236,0.7895185114211304,24.0,3.4959014526388,2.645120521151077,4.196406678544622,-1.7588271887545277,0.6688280176098167,33.79269513542103,41.19696040482682,2974.9850000000006,Warning
B0005,111,168,57,1.4386709371480566,0.783867692140624,24.0,3.497586979902671,2.698012437629632,4.197098662004674,-1.7516428147438297,0.6770407760388341,33.52446663707275,40.84446688602949,2966.25,Warning
B0005,112,168,56,1.433445432156979,0.7810205472989097,24.0,3.4956989619989507,2.692894277298908,4.196909312093871,-1.7513097768253418,0.677860169431853,33.39042251934235,40.764203830749366,2956.359,Warning
B0005,113,168,55,1.4333958900838095,0.7809935540306393,24.0,3.492875380810072,2.6483923655058117,4.197105220217278,-1.7511840784846122,0.6778637436789006,33.67370212742761,41.11212504270441,2956.344,Warning
B0005,114,168,54,1.42806487344776,0.7780889205947632,24.0,3.49551076423368,2.6832134764262,4.196244829545076,-1.7446206812145286,0.6848904297582487,33.91080564765892,41.27256611507568,2956.406,Warning
B0005,115,168,53,1.4229203181741186,0.7752858816472794,24.0,3.4942333590450834,2.684960445221862,4.19680260180666,-1.7436362428649814,0.6856979354646391,33.7850680599871,41.15574924454392,2947.266,Warning
B0005,116,168,52,1.417429032731308,0.7722939248795461,24.0,3.491197414255986,2.669922120529456,4.196227405416926,-1.7425325036061037,0.6865929751072052,33.61126807392732,41.03237216951879,2937.984,Warning
B0005,117,168,51,1.412409228794446,0.769558857377045,24.0,3.488909408157623,2.664105530655056,4.196558172556389,-1.7419837011363046,0.687505691566351,33.45598581472246,40.937269906716935,2929.125,Warning
B0005,118,168,50,1.412578792940193,0.7696512453249519,24.0,3.487376295811431,2.634098605983684,4.196870541112335,-1.7421680980861822,0.687538016943258,33.723267448788484,41.240704611971786,2928.454,Warning
B0005,119,168,49,1.4075983731469897,0.7669376364875281,24.0,3.491994243745711,2.68378702970616,4.196795527524874,-1.735841378420618,0.6944616604006627,34.05007636985734,41.43649987692296,2929.375,Warning
B0005,120,168,48,1.4333920485221476,0.7809914609348546,24.0,3.491585878898649,2.660031949282934,4.189287343772767,-1.7567879869499758,0.6716141949745494,33.889346908026745,41.16703904201915,2946.031,Warning
B0005,121,168,47,1.4382550176792908,0.783641076153827,24.0,3.495576227046425,2.650011641082063,4.201144545237731,-1.7573176114092575,0.6705340304629849,34.067648550088656,41.36216559728765,2955.438,Warning
B0005,122,168,46,1.4173547174485526,0.772253433793169,24.0,3.4938988589692483,2.6936969083341418,4.196925753814179,-1.742762839332656,0.686699579770391,33.75168100943646,41.02198772703674,2937.625,Warning
B0005,123,168,45,1.406981663677643,0.7666016189758265,24.0,3.49159162968384,2.697073130067154,4.196901090271507,-1.7352637407600362,0.6944284081835843,33.46482299584788,40.78818812957494,2929.078,Warning
B0005,124,168,44,1.4012037783587623,0.7634535067053844,24.0,3.4885729299834787,2.6806995515145213,4.196688955833435,-1.7344350518111926,0.6953424822644084,33.40210697922146,40.81506138506309,2918.375,Warning
B0005,125,168,43,1.3967008232726328,0.761000047112898,24.0,3.4869021151089825,2.6695398084864568,4.196339302740304,-1.7280392046289716,0.7022316077780137,33.410688917712235,40.85837421987642,2919.812,Warning
B0005,126,168,42,1.391284788852726,0.7580490912746557,24.0,3.4855485210036417,2.671695307817951,4.196181412764837,-1.7326888725308258,0.6972377722265789,33.38984948261314,40.839876773287166,2900.422,Warning
B0005,127,168,41,1.3862287677978349,0.7552942906782327,24.0,3.4838912547260388,2.661289185949965,4.195770804194879,-1.7260735249920125,0.7040151021068305,33.3700433438796,40.85376069244676,2901.375,Warning
B0005,128,168,40,1.3804366761974138,0.7521384380379553,24.0,3.483198941484065,2.667817533540102,4.195456241846729,-1.7195393742714093,0.710594941844678,33.27215987470977,40.74795214258888,2901.187,Warning
B0005,129,168,39,1.3752364150256224,0.7493050474286049,24.0,3.4836274447098883,2.684008069130594,4.19654355365607,-1.7185829844462919,0.7115856854453629,33.222444215660225,40.68794001196382,2891.64,Warning
B0005,130,168,38,1.3705128024895008,0.7467313614232448,24.0,3.480172442538601,2.6585256208771644,4.194357133255019,-1.717672415155695,0.7126205209603629,33.26207748383125,40.7810749453613,2882.906,Warning
B0005,131,168,37,1.37050855662704,0.7467290480419689,24.0,3.478452148610975,2.6372250579822927,4.195863681881766,-1.7177080769362936,0.7124313037276298,33.312029905516525,40.88159339768709,2883.265,Warning
B0005,132,168,36,1.3647355108681518,0.7435835726321349,24.0,3.4785782556105507,2.6514257735606432,4.19558455466442,-1.7109669363015378,0.7190538318519245,33.25287943255863,40.81191473576834,2882.969,Warning
B0005,133,168,35,1.375392016895762,0.7493898279546374,24.0,3.4825195584604582,2.676384659108382,4.188483624251573,-1.7184206130755166,0.7116002030602224,33.745054045019884,41.11793533148924,2891.656,Warning
B0005,134,168,34,1.3861115151535393,0.7552304049366722,24.0,3.4886823636752835,2.694913850281781,4.200346502821317,-1.7260471943596487,0.70406823889181,33.88841975386692,41.248795355864885,2901.25,Warning
B0005,135,168,33,1.369850003583894,0.7463702318312888,24.0,3.4858502383832755,2.6973343716306277,4.1981749992980655,-1.712021613408506,0.7180955673190298,33.7353756996425,41.16242984455477,2891.703,Critical
B0005,136,168,32,1.3647827949260758,0.7436093356085063,24.0,3.478794177297151,2.642540259937964,4.195715092938243,-1.711022510206629,0.7190570379830655,33.59131052719714,41.16437554618679,2883.016,Critical
B0005,137,168,31,1.3543220466259964,0.737909739949542,24.0,3.4812826020756744,2.699226257883075,4.195755769877104,-1.703421414006958,0.7264082658567215,33.32366688599416,40.86421618020504,2873.453,Critical
B0005,138,168,30,1.3546417018378962,0.7380839058319288,24.0,3.480352041587074,2.676480329780849,4.195911764444989,-1.703574708739156,0.7262019250374426,33.691961507697364,41.25434553511566,2874.031,Critical
B0005,139,168,29,1.354703921319241,0.7381178064550584,24.0,3.4781127815565127,2.642142168479886,4.195824004004723,-1.7034912994217157,0.726374550595392,33.887639684793655,41.45023191903855,2874.234,Critical
B0005,140,168,28,1.349314997503458,0.7351816219770615,24.0,3.4765867130506134,2.644725254926797,4.196258226051591,-1.7023383270190764,0.7274936186035834,33.67308060941856,41.27708509224051,2864.984,Critical
B0005,141,168,27,1.3441891937970554,0.73238879992307,24.0,3.4733769291841643,2.632270655366611,4.196612664794988,-1.7014238498912502,0.7284124959732013,33.411988203265814,41.06460515498328,2855.093,Critical
B0005,142,168,26,1.3389913790695755,0.7295567422722211,24.0,3.4726366397371127,2.639100611887612,4.195850781215982,-1.6950436046971957,0.7345611096739674,33.29926524979532,40.99284868101728,2855.625,Critical
B0005,143,168,25,1.3389145230206971,0.7295148668355902,24.0,3.473439372740961,2.637841830893275,4.196002392961924,-1.695057731610264,0.7347721783758081,33.59980731390034,41.29040553417739,2855.594,Critical
B0005,144,168,24,1.3340066759761655,0.7268407996553616,24.0,3.4754777099091454,2.668286095904868,4.196207586734141,-1.6937809113323188,0.735613407109479,33.61961195858585,41.22740227746052,2847.437,Critical
B0005,145,168,23,1.3286444309174914,0.723919151243413,24.0,3.4722884821666766,2.649019812683856,4.195534582569042,-1.6869434054016965,0.7418705913426481,33.3945201718652,41.04619550953222,2847.36,Critical
B0005,146,168,22,1.323170899227622,0.7209368677046201,24.0,3.471373665098864,2.664058512378051,4.1957439573980455,-1.6860649112944588,0.742747592613886,33.16734508187535,40.85874389007758,2837.328,Critical
B0005,147,168,21,1.3181691588445197,0.7182116422277218,24.0,3.4726160162875095,2.6883611693898826,4.19586805747139,-1.6795829780331426,0.7486911075587083,33.10962161613893,40.79196924883506,2837.281,Critical
B0005,148,168,20,1.3184664436640334,0.718373619480034,24.0,3.4738146874457896,2.6869753836302124,4.195347750909715,-1.679793840292355,0.7488533717853918,33.46501751186519,41.14127834456325,2838.515,Critical
B0005,149,168,19,1.318293040102702,0.7182791396056443,24.0,3.4701426486639693,2.6507536817766586,4.196065828878837,-1.6851739865098712,0.7438768164764807,33.442619101404404,41.14429319149828,2828.328,Critical
B0005,150,168,18,1.323872422244268,0.7213190963392875,24.0,3.467523652225441,2.664632278910652,4.184534803011309,-1.6863812036302581,0.7428319626634493,33.037928170775885,40.66184230912503,2838.265,Critical
B0005,151,168,17,1.3601216766554785,0.7410696999439321,24.0,3.4767525840839255,2.6400211837268666,4.201240476440081,-1.715777469309528,0.7147439225571014,33.4949493613756,41.04669454497069,2864.547,Critical
B0005,152,168,16,1.3395306867947354,0.7298505870222324,24.0,3.4758956827369127,2.674198661305034,4.195703567262997,-1.7007216920098716,0.7293490278732818,33.491363029025784,41.0462053156659,2846.39,Critical
B0005,153,168,15,1.3290286565120697,0.7241284986503194,24.0,3.475812179626641,2.696427051131168,4.195744519551191,-1.6928138295817332,0.7367700122619931,33.329808599922345,40.8683026432256,2837.969,Critical
B0005,154,168,14,1.3236741274998955,0.7212110543683118,24.0,3.4746554404904435,2.692834029769684,4.196363050482315,-1.6861104874993165,0.7427756192144795,33.27302769298771,40.85283588259973,2838.156,Critical
B0005,155,168,13,1.318633896753293,0.7184648572073212,24.0,3.472301781313945,2.681747855329962,4.1957929878569455,-1.685043785043406,0.7437386119488855,33.229879126701434,40.85270645265791,2829.843,Critical
B0005,156,168,12,1.3134751321324272,0.7156540762196474,24.0,3.4729305773503527,2.696791414385091,4.195797286482793,-1.678524839793589,0.7497527985378388,33.20860833999321,40.8263251809212,2829.625,Critical
B0005,157,168,11,1.3132020634442203,0.7155052932583088,24.0,3.4696192030612285,2.664695973142795,4.196349384378125,-1.6839115230941766,0.7449043048958416,33.236115055926255,40.90308836809665,2819.437,Critical
B0005,158,168,10,1.3077959946944353,0.712559767269685,24.0,3.470018470757559,2.679191623358613,4.195609431921248,-1.6773783325850857,0.7507201142394083,33.18660088296571,40.84337405460518,2819.579,Critical
B0005,159,168,9,1.3030329186405918,0.7099645793518572,24.0,3.470762691935286,2.699983457940659,4.195339917236225,-1.676425373206175,0.7517330528835424,33.174058099115534,40.81792110626284,2810.672,Critical
B0005,160,168,8,1.3033573559038203,0.7101413507609435,24.0,3.468111467035994,2.666300786624286,4.19540205700612,-1.67627880896028,0.7519156881213356,33.253984518546055,40.94699384765951,2811.485,Critical
B0005,161,168,7,1.3034100438655642,0.7101700580837298,24.0,3.4648625780221494,2.630850137384784,4.195685302232799,-1.6817992883033976,0.7468204737683256,33.3198093248819,41.07493805830632,2802.422,Critical
B0005,162,168,6,1.2978870806495706,0.7071608415088259,24.0,3.467864133752208,2.673348140468748,4.195561297751176,-1.6750812261110137,0.7527506827263925,33.33765795318199,41.02476444658572,2801.625,Critical
B0005,163,168,5,1.2980735056918902,0.7072624162080201,24.0,3.464021404592563,2.632763831012711,4.196066962029683,-1.675366426273468,0.7525779859252639,33.29076744042025,41.06214198725253,2802.031,Critical
B0005,164,168,4,1.293463613844243,0.7047506915388637,24.0,3.4664623858156745,2.6687371180046218,4.196640912532072,-1.6744879201095209,0.7536990836142821,33.27568841807217,40.98366325567302,2793.39,Critical
B0005,165,168,3,1.288003392619118,0.701775660279248,24.0,3.46850906693551,2.696396337945361,4.1956235749123225,-1.6674467270234996,0.7597499398316081,33.32067807371405,40.98234242711097,2793.39,Critical
B0005,166,168,2,1.2874525221379407,0.7014755154986738,24.0,3.466806213058136,2.6794834862925194,4.195862008850563,-1.6674702882406252,0.7599494093003731,33.37314972896719,41.06375085817118,2792.485,Critical
B0005,167,168,1,1.3090153642307354,0.7132241473997103,24.0,3.4710707220080397,2.6787137407179737,4.18482689434833,-1.6888978346592105,0.7406357353840045,33.71351889594897,41.047029587744966,2802.016,Critical
B0005,168,168,0,1.3250793286429356,0.7219766858609252,24.0,3.475472204020004,2.655378369801326,4.201968615940368,-1.6979281889133206,0.7326261071163669,33.86531768239223,41.051007697556734,2820.39,Critical
B0006,1,168,167,2.035337591005598,1.010932762801604,24.0,3.556946061827572,2.4757677568281857,4.179823027658306,-1.990533350635129,0.20201141652623167,32.14277785992152,39.16298653238707,3690.234,Healthy
B0006,2,168,166,2.025140246031412,1.0058678388432638,24.0,3.56147580138708,2.35152551190002,4.177288238505559,-1.9902775421457088,0.20242633247183914,32.29307515705474,39.2462026826329,3672.344,Healthy
B0006,3,168,165,2.013326371345464,1.0,24.0,3.5667524696413215,2.440479715106544,4.1781213228923,-1.9899467848963859,0.2029938816642971,32.24414709253608,38.999202460252846,3651.641,Healthy
B0006,4,168,164,2.0132846655407413,0.999979285124699,24.0,3.5687953371516272,2.479155853900392,4.1785623580417175,-1.9896009282099438,0.2035012085579055,32.14711742429942,38.84362777186652,3631.563,Healthy
B0006,5,168,163,2.000528337624771,0.9936433387537956,24.0,3.563970503289941,2.280187848173442,4.17824995156942,-1.9895483606575701,0.2033186000179061,32.06687277315468,38.97798888258284,3629.172,Healthy
B0006,6,168,162,2.0138990759931645,1.00028445693448,24.0,3.5735512387791406,2.4392842568466446,4.193216523251186,-1.9901040351037365,0.2028160928599146,32.03447836207717,38.83989920742278,3652.281,Healthy
B0006,7,168,161,2.013101105626967,0.9998881126668269,24.0,3.571139134378589,2.2812068449406446,4.193732603145628,-1.9900886222380374,0.20267701151353956,32.11157496697371,39.04610837498471,3650.828,Healthy
B0006,8,168,160,1.96878982627284,0.9778791229745523,24.0,3.5681507462163036,2.366410527029613,4.176826628115461,-1.9891170520197212,0.20501892649466744,32.112576242471775,38.87507521022778,3572.453,Healthy
B0006,9,168,159,1.9681661764334244,0.9775693620494029,24.0,3.5692834155812436,2.436020049578708,4.176369138969733,-1.9892116643905464,0.20523988331929136,32.03566207329278,38.7260539826455,3550.594,Healthy
B0006,10,168,158,1.9572307917560536,0.9721378608119444,24.0,3.563388513484579,2.1864377487643725,4.176897989902666,-1.989191243247005,0.20541263510948593,31.99527968872302,38.98629728904917,3551.25,Healthy
B0006,11,168,157,1.9455991514129352,0.9663605360281116,24.0,3.566658719765511,2.3406023605912454,4.177579509962451,-1.9891317699701738,0.20600307527378955,31.874127571841353,38.65978861919643,3530.25,Healthy
B0006,12,168,156,1.934750504484113,0.9609721166028137,24.0,3.5687035970122842,2.4263021374140443,4.177996110793395,-1.9887805507702205,0.2071389883620146,32.120959708576166,38.84979195732924,3491.016,Healthy
B0006,13,168,155,1.9232799539368028,0.955274803583641,24.0,3.569207084156356,2.475369770000704,4.176316409477926,-1.9887320866401275,0.20785379099075307,32.11021168908644,38.75128344015104,3470.281,Healthy
B0006,14,168,154,1.911889930948487,0.9496174878347274,24.0,3.5659271296109383,2.342364523655007,4.177992455010172,-1.9887200290368634,0.20776622966478636,31.989061278918154,38.76853764058789,3470.0,Healthy
B0006,15,168,153,1.9010667141979305,0.9442416993363512,24.0,3.5612417270649486,2.188400081882664,4.177439981618572,-1.9887874042287874,0.20826268455814256,31.878814448635442,38.84686112344348,3450.297,Healthy
B0006,16,168,152,1.8891989948061456,0.9383471163414173,24.0,3.557881987836072,2.1206980945954057,4.17561570814845,-1.9885910895930397,0.2086036612242995,31.767450711024402,38.8658897816528,3429.407,Healthy
B0006,17,168,151,1.878278372248849,0.932922947308158,24.0,3.56282437243777,2.369981457799298,4.177602520456299,-1.9884892463229662,0.20953477019261268,31.78991634963658,38.647578733807656,3409.484,Healthy
B0006,18,168,150,1.8675697161520208,0.9276040599934938,24.0,3.5591953280168633,2.247991649924625,4.176354539745044,-1.9883474274444874,0.20994384101713823,31.82883467218067,38.79218188173866,3390.422,Healthy
B0006,19,168,149,1.8675892574453767,0.927613765967465,24.0,3.5580906165580983,2.4115317107898875,4.177450270459645,-1.9774549866256104,0.2562192660865781,31.890449470827843,38.77022223929529,3390.281,Healthy
B0006,20,168,148,1.979626548250818,0.9832616193905387,24.0,3.565899462157853,2.203355846859377,4.174584178175673,-1.9892347833261184,0.20441907733581763,31.51177053595285,37.54320599748628,3591.734,Healthy
B0006,21,168,147,1.9575499080884025,0.9722963628496123,24.0,3.570814209348872,2.35887751155593,4.175224020262452,-1.9890474874073771,0.20564686643947203,31.874488497680712,37.90362577530197,3552.297,Healthy
B0006,22,168,146,1.9458150170787551,0.9664677544448036,24.0,3.5666817833633124,2.218672914041916,4.177217300859919,-1.988682950523383,0.20602952695104126,31.53911453638972,37.6701605139887,3531.578,Healthy
B0006,23,168,145,1.9242461121680092,0.9557546851592054,24.0,3.5668392745025836,2.339723057947995,4.176681511062203,-1.9885447318884861,0.20727753522704145,31.220866832188786,37.34166959188387,3492.907,Healthy
B0006,24,168,144,1.945981133142164,0.9665502627086265,24.0,3.5710519693928755,2.399750820894273,4.190384318239257,-1.9885639445355097,0.20649979709319166,31.119005145018026,37.28979017254232,3511.594,Healthy
B0006,25,168,143,1.901407930553079,0.9444111782444929,24.0,3.5666308474029793,2.491410879472442,4.176973413125379,-1.9880563928902786,0.20878760829678897,31.033244078156734,37.16794481484507,3431.9370000000054,Healthy
B0006,26,168,142,1.878674213680085,0.9331195579704279,24.0,3.5527392240854914,2.1387303309558976,4.173452155236546,-1.9772969675547487,0.2550510279652047,31.001249222460967,37.51577848501052,3431.125,Healthy
B0006,27,168,141,1.8683061328264217,0.9279698311296999,24.0,3.5560959755046615,2.346064498302046,4.1764585468168685,-1.9771693646864965,0.2558583155228212,30.92143474404136,37.24165964092258,3412.406,Healthy
B0006,28,168,140,1.8560244070083,0.9218696150927372,24.0,3.5504500858303394,2.327337743316428,4.17626102066065,-1.9660385076397233,0.29451964671006425,30.929360248207214,37.27233216178077,3410.688,Healthy
B0006,29,168,139,1.8451997961855775,0.9164931341720166,24.0,3.546007083640312,2.486311723336632,4.172855540858831,-1.9445990482746272,0.3586892049903087,31.00810965793079,37.2071345030198,3410.718,Healthy
B0006,30,168,138,1.857228890885317,0.9224678707427697,24.0,3.554257954720065,2.292166351092089,4.188187801734904,-1.9769156942357176,0.2565992948918274,30.96779499306422,37.49607769896255,3392.719,Healthy
B0006,31,168,137,1.9247760889090637,0.9560179195501105,24.0,3.555857469677978,2.434300686181212,4.189991619197343,-1.9997552547832569,0.1472028740367492,31.10097217303459,37.25007396118109,3470.672,Healthy
B0006,32,168,136,1.8822317526092551,0.9348865536149507,24.0,3.5537306734803207,2.472619908000758,4.186982490201218,-1.9884344406296768,0.20930169353012185,31.307368922041046,37.39699052067588,3414.109,Healthy
B0006,33,168,135,1.855276687885587,0.9214982301382882,24.0,3.5452650003621513,2.403422072720937,4.186483106541616,-1.977131099996694,0.2563264313075085,31.131339987164562,37.2852066420257,3395.219,Healthy
B0006,34,168,134,1.839250891718188,0.9135383700800855,24.0,3.538408778928339,2.4006679782182205,4.187721936001791,-1.965705768920947,0.2955907514320496,30.828713779105055,37.080390421974414,3386.0,Healthy
B0006,35,168,133,1.8185396073994429,0.9032512727601889,24.0,3.5297688311332673,2.3194299432177345,4.184171356892756,-1.9542494702422435,0.3305619258645819,30.761533072057244,36.98024266357476,3368.187,Healthy
B0006,36,168,132,1.8134770059567056,0.9007367269246053,24.0,3.5300676840423306,2.340173173498008,4.186779863144672,-1.9490605727432448,0.3461494162209532,31.303056929415803,37.59874124546701,3368.266,Healthy
B0006,37,168,131,1.7971018450305436,0.8926033407239274,24.0,3.5248882875629555,2.382960351080877,4.186482965601712,-1.9373547119632697,0.3755932912194258,31.06432144678013,37.33680914521836,3358.719,Healthy
B0006,38,168,130,1.7810046294120476,0.8846080073057602,24.0,3.5190926887152725,2.351855540704836,4.184741677172267,-1.9312604088713479,0.39034767436231294,30.96654665282149,37.39499820465976,3339.5,Healthy
B0006,39,168,129,1.7710130422682329,0.8796452812986808,24.0,3.5151810230271,2.3535104841115886,4.186114015167315,-1.925413982519257,0.4038178855553746,30.826455697992966,37.35233964342659,3331.265,Healthy
B0006,40,168,128,1.7604712448170945,0.8744092710813739,24.0,3.514029112834162,2.3948058223938364,4.186378094589789,-1.9198444871883995,0.4172601474671679,31.080769482413952,37.58677381866742,3321.188,Healthy
B0006,41,168,127,1.7502913788006589,0.8693530287545858,24.0,3.514139684003936,2.4418858444380294,4.185742966026202,-1.9087331589392134,0.4411657886887326,31.69428781742534,38.20704456989348,3321.844,Healthy
B0006,42,168,126,1.7394925037732578,0.8639893305578625,24.0,3.509578354212467,2.391848815367812,4.18499542353586,-1.90276801874341,0.45298685184075455,31.875581783696685,38.340431886092745,3311.828,Healthy
B0006,43,168,125,1.7546766553637203,0.8715311537846229,24.0,3.5110708693292705,2.3166154227865463,4.175622772952551,-1.9093247566511207,0.44011883860882745,31.543288143901563,38.521539672721865,3327.391,Healthy
B0006,44,168,124,1.7659390941842177,0.87712509969463,24.0,3.5159179315855056,2.4110989960643794,4.191704957733779,-1.930637216793332,0.39194872530536284,31.420983409991024,38.03707160241571,3312.078,Healthy
B0006,45,168,123,1.7337887419624838,0.861156326484627,24.0,3.50585340727078,2.4510125175432287,4.185468369564667,-1.907114151507875,0.4428347677204695,31.15837149963786,37.9342856877206,3293.172,Healthy
B0006,46,168,122,1.713325912040734,0.8509926340932763,24.0,3.5010379345914444,2.471216186082459,4.184201889006967,-1.8953541357988335,0.46674450600859174,31.156614216998822,37.88470784051604,3275.328,Healthy
B0006,47,168,121,1.7024077813673466,0.8455697027549801,24.0,3.4974076626364967,2.470968641396993,4.185838836583766,-1.8892713805954209,0.47839566157516383,31.206611383963256,38.065368726791895,3265.016,Healthy
B0006,48,168,120,1.82371946178183,0.9058240570122152,24.0,3.5388872766749144,2.4288023941361625,4.1729165619005535,-1.9819359924929794,0.23678431221333918,33.61169282822636,39.788440481350335,3328.937,Healthy
B0006,49,168,119,1.8081284050314708,0.8980801278747154,24.0,3.5327430295356828,2.3551430866643166,4.186982012423103,-1.9653277079992455,0.29804523507464725,32.85630077141311,39.21290317800791,3329.266,Healthy
B0006,50,168,118,1.7757610945034283,0.8820035935439142,24.0,3.521214759733266,2.365933525789291,4.186537777937825,-1.9470636598230844,0.3494490754391079,32.210981559158874,38.66937823121345,3301.579,Healthy
B0006,51,168,117,1.7447409841836798,0.8665962007032699,24.0,3.5093111439506677,2.3481961394586457,4.182282350256796,-1.9241628426386395,0.4067688890492981,31.965090081650274,38.5170065164806,3283.563,Healthy
B0006,52,168,116,1.729207034132373,0.8588806359183485,24.0,3.50716091973708,2.46945948630322,4.185961817428056,-1.9124470439353745,0.4323934425051281,31.744801840189538,38.29250529949152,3275.125,Healthy
B0006,53,168,115,1.7081086552553244,0.8484012724245156,24.0,3.500928918686389,2.4666715880697576,4.1836566973224585,-1.8950209973545986,0.46738895101762173,31.876564068962466,38.52091685291118,3265.656,Healthy
B0006,54,168,114,1.6975954237461768,0.8431794506380549,24.0,3.4973019898820894,2.448293126278513,4.184390004467988,-1.8837082435178907,0.48889130939469183,32.24289319481841,38.95436345473558,3266.093,Healthy
B0006,55,168,113,1.6820634524029463,0.8354648686585566,24.0,3.4929038301187156,2.4745215382882586,4.184732708741646,-1.871665199438006,0.5096556977569098,32.07305565938816,38.73136385469604,3257.594,Healthy
B0006,56,168,112,1.6714768322295086,0.830206595422726,24.0,3.4886592248223183,2.469127855241356,4.185835940524748,-1.8654809345089407,0.519890952842277,32.030140929891196,38.74827601131975,3248.593,Healthy
B0006,57,168,111,1.6607591387047655,0.8248832193038405,24.0,3.4822930804774015,2.4177173347922416,4.185703389994729,-1.8592903578575999,0.5300532307868653,31.984935871368258,38.84227056628921,3238.766,Healthy
B0006,58,168,110,1.651121015038069,0.8200960552335385,24.0,3.477575664197982,2.3775131079338427,4.184887437252902,-1.848156298789804,0.5484139851314983,32.23677365476226,39.22138199620832,3240.14,Healthy
B0006,59,168,109,1.640134925619093,0.8146393694346858,24.0,3.4787436506489255,2.443723814618984,4.1845671326128535,-1.8415742473538441,0.5580136833627395,32.56097148037261,39.46651089916252,3230.109,Healthy
B0006,60,168,108,1.629199941616544,0.8092080672085886,24.0,3.4740152461288862,2.4324278256917147,4.184590722398005,-1.8297533943331723,0.575235056243686,32.48984985901219,39.352653481724175,3229.7810000000027,Healthy
B0006,61,168,107,1.6088496302961666,0.7991002617330274,24.0,3.4718387718772696,2.494085641889116,4.181227276564003,-1.8170860697729954,0.5930027640181769,32.42612199208859,39.31890647034385,3212.469,Healthy
B0006,62,168,106,1.6035244898969248,0.7964553153025671,24.0,3.463180130644551,2.382347172890769,4.182601669503782,-1.8111560774496664,0.6010105168060945,32.29984271249387,39.47196886600465,3213.219,Healthy
B0006,63,168,105,1.5989712144027983,0.7941937468063061,24.0,3.463469391967206,2.406668297987779,4.183991041340736,-1.8113056300795982,0.6017500789250887,32.610757585145336,39.74009698783903,3203.578,Healthy
B0006,64,168,104,1.5876273123575604,0.7885593388897908,24.0,3.46021805164007,2.4204142690378765,4.182425008087469,-1.803802475704306,0.6101520531890412,32.25699351958767,39.03600072360686,3195.125,Healthy
B0006,65,168,103,1.5829719744686166,0.7862470769757759,24.0,3.462574876665621,2.4507845245525197,4.190985194174346,-1.7982439953659044,0.617976822972795,32.47193402838835,39.16106395962828,3195.312999999994,Healthy
B0006,66,168,102,1.567137636713563,0.778382312484328,24.0,3.4537077937586056,2.393032881923072,4.181860480163402,-1.7857963808615818,0.6334341515285368,32.40219271195366,39.20051799483514,3186.297,Healthy
B0006,67,168,101,1.5613446139713882,0.7755049733580822,24.0,3.4514035349888337,2.3938995980718403,4.183449364094532,-1.7850748194527644,0.6343837459996637,32.30987415652578,39.15878418316098,3176.438,Healthy
B0006,68,168,100,1.551171189279042,0.7704519303755143,24.0,3.450781146333252,2.4373294683003053,4.182943907496545,-1.7785916660457872,0.6423674423126489,32.35440526839345,39.18225956809825,3167.593,Healthy
B0006,69,168,99,1.5406741606295171,0.7652381563948406,24.0,3.446105572450592,2.3705330061374523,4.182592999177517,-1.7727874712030285,0.6495580854343683,32.4731363791227,39.38159156766375,3167.719,Healthy
B0006,70,168,98,1.5253138744624433,0.7576088488043337,24.0,3.4418152533277135,2.351294851260762,4.177556435498103,-1.7601807681971697,0.6641426527717404,32.52334649341759,39.44712875501599,3159.077999999994,Healthy
B0006,71,168,97,1.5301570318067428,0.7600143988498849,24.0,3.445008015985666,2.436845595522602,4.183199732433941,-1.7653027883569699,0.6581647774776609,32.518264823491045,39.40950590627068,3148.829,Healthy
B0006,72,168,96,1.524656683447409,0.7572824282972624,24.0,3.441164687975023,2.39030487147494,4.183585552184287,-1.7593486488770236,0.6651496523287126,32.5437072434024,39.48443326993031,3149.094,Healthy
B0006,73,168,95,1.5145492986655429,0.7522621867081596,24.0,3.443620591429828,2.4892160721496315,4.183170360974043,-1.7526167898737661,0.6726676811790743,32.56222309600736,39.4416762582387,3140.547,Healthy
B0006,74,168,94,1.509391504602082,0.7497003596060718,24.0,3.439943269617906,2.450611393803655,4.183501501534186,-1.7516949849801622,0.6736465926241109,32.58978020040808,39.53866201326228,3131.625,Healthy
B0006,75,168,93,1.5039974333050703,0.7470211758563418,24.0,3.43602719305159,2.4111946043456745,4.183243008796117,-1.7510429704034998,0.6743880868507957,32.57089563557426,39.5867547936938,3121.907,Healthy
B0006,76,168,92,1.4935201918040188,0.7418172299635307,24.0,3.436309312279291,2.4609139768640715,4.182038001412004,-1.7388746112390865,0.6875098760181514,32.537854347094196,39.49975288442087,3122.125,Healthy
B0006,77,168,91,1.4876323024497422,0.7388927714961527,24.0,3.430470227771154,2.378420264362521,4.182440318401142,-1.738622547139575,0.6874126065884917,32.656450905205084,39.9686395722832,3121.672,Healthy
B0006,78,168,90,1.5302876214401704,0.760079261474885,24.0,3.4417311090871063,2.3844697219937414,4.189962701965466,-1.7870762809520677,0.632045172578117,33.180785234653264,40.42668250871336,3120.86,Healthy
B0006,79,168,89,1.5040760088360112,0.7470602035728905,24.0,3.4355429213552537,2.448639661640692,4.181214475643097,-1.7612682208672186,0.6625185365340356,32.71220835503141,40.02451449021777,3103.828,Healthy
B0006,80,168,88,1.4887593608730894,0.7394525706620445,24.0,3.4272336842373576,2.362869757217078,4.182157933832856,-1.7545532300777185,0.6702555519871066,32.543943889007906,40.02167483360719,3095.094,Healthy
B0006,81,168,87,1.4782779285546637,0.7342465432302272,24.0,3.4307536518687556,2.479712742728869,4.1802491747767325,-1.7364250156958492,0.6902995946833612,32.6655410721976,40.07821178158415,3095.781,Healthy
B0006,82,168,86,1.478459982215684,0.7343369675467273,24.0,3.430880434209888,2.460990256984241,4.182775550999248,-1.7371686757879774,0.6901938590679467,33.160922870564626,40.56578932835109,3094.328,Healthy
B0006,83,168,85,1.473214844899973,0.731731757884567,24.0,3.431984614031654,2.4794507375590507,4.182970513713943,-1.7358183569582517,0.6909643228530621,33.414445545408455,40.75221353269305,3086.531,Healthy
B0006,84,168,84,1.4675164935067897,0.7289014411141295,24.0,3.426913589626702,2.421513989921717,4.182588389688278,-1.7297302660430056,0.697508246759448,33.3541679486525,40.71162611325717,3085.625,Warning
B0006,85,168,83,1.4516292657521337,0.7210104066644893,24.0,3.4220422356705154,2.392798962354417,4.180388252515709,-1.7278671098991139,0.6991910065982325,33.13634596100404,40.58721297402195,3067.203,Warning
B0006,86,168,82,1.4519237720967175,0.7211566851560323,24.0,3.4202687142856667,2.410475236770924,4.182476201666448,-1.7269073147637581,0.700074108720713,32.92241762841388,40.37035790264624,3058.157,Warning
B0006,87,168,81,1.4471484694777743,0.7187848379051804,24.0,3.4248208106770663,2.4915333699239977,4.182567814531136,-1.721199593403834,0.7063457700888194,33.20338483123576,40.667923693760464,3058.812,Warning
B0006,88,168,80,1.4468538105659885,0.718638483634964,24.0,3.4234990883192666,2.444861994529003,4.182606347806988,-1.721141114732718,0.7062879072254995,33.533950654066935,40.99035688395247,3058.578,Warning
B0006,89,168,79,1.4416741930284678,0.7160658170215229,24.0,3.4247420964314874,2.484075539808225,4.183047552179642,-1.7200547727480755,0.7073947804841111,33.5767934055627,40.99774402817452,3049.328,Warning
B0006,90,168,78,1.5935866593100128,0.7915192896644234,24.0,3.450702139255875,2.479017302613424,4.222516216835943,-1.8210481343824243,0.5878723902180896,33.224088400657315,40.77265883698999,3177.219,Warning
B0006,91,168,77,1.5463902376915637,0.7680772773358864,24.0,3.4480475429907522,2.4820670710190385,4.1909374470770855,-1.821445703423604,0.5876960128492275,33.37083344726966,40.52220493430463,3082.937,Warning
B0006,92,168,76,1.51470559175661,0.7523398159953391,24.0,3.4399481891896455,2.452449045714353,4.183028520369727,-1.7899159936953069,0.6287722600386945,33.43366634309322,40.57746834859555,3074.266,Warning
B0006,93,168,75,1.4989786083335404,0.7445283733763465,24.0,3.434112914501242,2.4198491932573414,4.1838942747302825,-1.7769345930773324,0.6443756633067925,33.28676739403043,40.516963879873735,3066.0,Warning
B0006,94,168,74,1.4831110745410492,0.7366471207298184,24.0,3.4325600940363916,2.4706823501191706,4.1839835007856605,-1.7640032117743045,0.6596774682746238,33.14347737377552,40.34325381638243,3056.437,Warning
B0006,95,168,73,1.4729664825468278,0.7316083986733235,24.0,3.4270614887575657,2.413759774558071,4.183640209073579,-1.7571701008871028,0.6676978597082809,33.11021541795579,40.39341126895154,3048.219,Warning
B0006,96,168,72,1.4627604396099307,0.7265391545198897,24.0,3.4273403168120415,2.4562499847243027,4.183387047926521,-1.7502670210777267,0.675333178611846,33.18991802149879,40.46341487442664,3039.218,Warning
B0006,97,168,71,1.4518364681062514,0.7211133220969135,24.0,3.423482197888437,2.401794655879554,4.18356344388626,-1.7439614243216512,0.6822341753195525,33.26265398635676,40.5818264138806,3039.047,Warning
B0006,98,168,70,1.4468670644030392,0.7186450666893754,24.0,3.4220957701069374,2.4087687236133317,4.18171248971767,-1.736850855663561,0.6897837526705198,33.299978841087025,40.61670777074496,3030.375,Warning
B0006,99,168,69,1.441380399427779,0.7159198925430726,24.0,3.421883545422636,2.4308118485818704,4.1832473219705815,-1.7360045229798653,0.6907275433832999,33.31663547841367,40.63164766168104,3021.0,Warning
B0006,100,168,68,1.431210744960774,0.7108687221954609,24.0,3.4195777411151886,2.398886415333129,4.183049768329545,-1.729690117077797,0.6973512566768086,33.39150630507064,40.74323383889164,3021.75,Warning
B0006,101,168,67,1.4260247179525716,0.7082928720590835,24.0,3.4175281789596474,2.3814379490849835,4.183092498086332,-1.7287954627467013,0.6981361664490334,33.41522427488497,40.81715493531611,3012.265,Warning
B0006,102,168,66,1.420487649966195,0.7055426632180418,24.0,3.4197860540725715,2.459885297095542,4.181536580807847,-1.7216729981632184,0.7057008972546366,33.39690850726103,40.72877617289365,3002.641,Warning
B0006,103,168,65,1.4207006230355006,0.7056484449096428,24.0,3.4171369298988705,2.4007285025453995,4.172034399629829,-1.7228162229694666,0.7047731230966316,33.73731993653,41.45494452672042,3012.0,Warning
B0006,104,168,64,1.452255804330839,0.7213216023988832,24.0,3.4305347141293625,2.472830716079143,4.188427549455566,-1.7486639022205694,0.6776895899344237,34.08965316576344,41.39678877103747,3020.11,Warning
B0006,105,168,63,1.431557632772571,0.7110410180620099,24.0,3.4250844180972875,2.467318928642863,4.181499335679726,-1.7345160724760178,0.6925158045467315,33.9987286593769,41.36669473718026,3002.172000000006,Warning
B0006,106,168,62,1.415015751158943,0.7028248232865084,24.0,3.4171339862792935,2.3692462667541,4.179546243153898,-1.7271570233190525,0.7000238827133731,33.907397114007345,41.37787352037061,2992.703,Warning
B0006,107,168,61,1.4097311506517451,0.7002000126336454,24.0,3.417521467040602,2.4482618595124874,4.18101558225098,-1.7305179027385762,0.6961800078331686,33.70518417605219,41.14095609169821,2964.468,Warning
B0006,108,168,60,1.404917318129309,0.6978090279473329,24.0,3.4181623236680356,2.4598632768748825,4.182667734360821,-1.7141443638380731,0.713769009765717,33.7458832944166,41.2168813199875,2983.375,Warning
B0006,109,168,59,1.395164296571563,0.6929647951907588,24.0,3.4203319359051187,2.497869764845928,4.179947555799937,-1.7067823273466607,0.7208414875767243,34.01657212624259,41.40391881889191,2975.297,Warning
B0006,110,168,58,1.3945343832614077,0.6926519232594512,24.0,3.4192916311692465,2.472236707252471,4.182316086490744,-1.7063596521950202,0.720844710362304,34.175023374593785,41.58657133119858,2974.9850000000006,Warning
B0006,111,168,57,1.3893171179312644,0.6900605573466029,24.0,3.414352330355796,2.427874990476308,4.18300582450457,-1.7052696591517462,0.721833425434306,33.976109677640174,41.43504077863728,2966.25,Warning
B0006,112,168,56,1.3838379472327809,0.687339105536074,24.0,3.412701167144591,2.427590520023505,4.182504606082063,-1.704626557443961,0.7225430721555796,33.84150372451663,41.37436880579148,2956.359,Warning
B0006,113,168,55,1.3736814238195123,0.6822944572575731,24.0,3.410409522809144,2.37337869163978,4.179533028548021,-1.6985503106996724,0.7290183585855321,34.1008464215818,41.66477948989921,2956.344,Warning
B0006,114,168,54,1.3786059891863676,0.684740441891234,24.0,3.414419320260644,2.4248604132549767,4.18250512422575,-1.6982347588599789,0.7287515618375687,34.34663683304219,41.81816829502593,2956.406,Warning
B0006,115,168,53,1.3737600299108574,0.682333500153183,24.0,3.4131710032395315,2.426962848243194,4.1828227593786,-1.6971165805711328,0.7298100948222104,34.216231530637586,41.68664700078119,2947.266,Warning
B0006,116,168,52,1.3682580583942712,0.6796007233938395,24.0,3.4107019261975147,2.417287750352038,4.182413969607667,-1.6959199401004303,0.7311075512935267,34.041617020161176,41.565382893773936,2937.984,Warning
B0006,117,168,51,1.3633024037317505,0.6771392970036368,24.0,3.4089059214760367,2.4185087281747166,4.182451170946608,-1.6953163120957457,0.7318900545211959,33.890212870710734,41.46394809540406,2929.125,Warning
B0006,118,168,50,1.35809661401726,0.6745536309195972,24.0,3.4134080258317576,2.480937393224248,4.181305580928812,-1.689038351243322,0.7377818063462684,34.116762412437,41.6123634180086,2928.454,Warning
B0006,119,168,49,1.353269090999531,0.6721558462948904,24.0,3.411221044859532,2.4078214169511205,4.1804870315884735,-1.689240311218937,0.7378539634540039,34.49049358941505,42.0075404495327,2929.375,Warning
B0006,120,168,48,1.3841605738237488,0.6874993510857076,24.0,3.4155210852213678,2.433234589649132,4.163570261072192,-1.7102007614808157,0.7174252697264778,34.23744800906639,41.61679232360952,2946.031,Warning
B0006,121,168,47,1.4051467790651473,0.6979229990049338,24.0,3.4229838362549794,2.440822893388958,4.190012868765637,-1.730244918610445,0.6973693285806507,34.41428886050454,41.80245062827161,2955.438,Warning
B0006,122,168,46,1.378719022627353,0.6847965845229473,24.0,3.414757022019347,2.396078253891397,4.182418011462176,-1.7152465923901479,0.7121617753005012,34.16445180476377,41.653004783464006,2937.625,Warning
B0006,123,168,45,1.3682657783199066,0.6796045578072487,24.0,3.414358716272361,2.449306948268824,4.182070839014939,-1.7013404928191733,0.7256641483192122,33.877146811272176,41.36061809844917,2929.078,Warning
B0006,124,168,44,1.3573151296618016,0.6741654750961893,24.0,3.4091886698418046,2.384185417166802,4.182701902443236,-1.7004366132157598,0.7265368649069731,33.839566254190565,41.42815616511055,2918.375,Warning
B0006,125,168,43,1.3524934638801596,0.6717705997047645,24.0,3.411930366643558,2.4440756213040964,4.182270325485355,-1.6873533635265772,0.7384886031504587,33.818304796930946,41.343265645039,2919.812,Warning
B0006,126,168,42,1.3474099151661236,0.6692456495593796,24.0,3.4094417183837504,2.4296014294774677,4.182394535290608,-1.6919294969110734,0.7347285295063715,33.812621135472135,41.38118673567723,2900.422,Warning
B0006,127,168,41,1.3370075130842318,0.6640788756920407,24.0,3.4081896097479882,2.41022288115442,4.182061947471753,-1.6852952939579415,0.7407257018236469,33.79894614410012,41.378450473707446,2901.375,Warning
B0006,128,168,40,1.3312352966718526,0.6612118708712964,24.0,3.40737851449911,2.4098927032454966,4.182288987105723,-1.6787428835073939,0.7466443851634074,33.702723745621576,41.306600641009794,2901.187,Warning
B0006,129,168,39,1.3259303781727645,0.6585769684657102,24.0,3.4085862639015,2.453938411405305,4.179662143533188,-1.6712137513430332,0.7534012292601404,33.63562651984647,41.20408103671912,2891.64,Warning
B0006,130,168,38,1.321578743867529,0.6564155532241629,24.0,3.404843616147767,2.3940396792395253,4.181392635232333,-1.6768931248947172,0.7486485013416444,33.690724061796516,41.32955629442644,2882.906,Warning
B0006,131,168,37,1.321225074066109,0.6562398888080733,24.0,3.4081057374178703,2.45134737470238,4.182099866234647,-1.6701186583642826,0.7545133516985318,33.71317033815573,41.300370296451625,2883.265,Warning
B0006,132,168,36,1.3156485301862682,0.6534700726673777,24.0,3.4091728540380735,2.475014603796582,4.182054276922838,-1.6634753413292604,0.7602099702768097,33.65376593260612,41.2436462295636,2882.969,Warning
B0006,133,168,35,1.3209025697502388,0.6560797039913142,24.0,3.4110817622184233,2.4569179775419294,4.168816046299314,-1.6645875549232958,0.7591691993982392,33.983578066068176,41.36464929786556,2891.656,Warning
B0006,134,168,34,1.3474328767273906,0.6692570543477904,24.0,3.4167486246717154,2.438240626221148,4.190149239555381,-1.6918384605140158,0.7346364622780435,33.816348135475515,40.89285784811417,2901.25,Warning
B0006,135,168,33,1.3260128072353616,0.6586179101946671,24.0,3.4169689184247174,2.4946397780995584,4.187196878135145,-1.6711981411684524,0.7535373254787405,33.60692030225909,40.652964511118334,2891.703,Critical
B0006,136,168,32,1.3101186784831065,0.6507234480853601,24.0,3.4105763913818787,2.4367455144223555,4.18232296515852,-1.6632769410531225,0.76026616202507,33.47350597721994,40.58410707337388,2883.016,Critical
B0006,137,168,31,1.30521620229393,0.6482884349355049,24.0,3.4113335283009314,2.485868996808533,4.1822817387062585,-1.6559085740676296,0.7667495947329944,33.20917872762011,40.322783635307104,2873.453,Critical
B0006,138,168,30,1.3004061951355774,0.6458993502710358,24.0,3.4081283345557187,2.395755020190792,4.181394192711236,-1.656100922060331,0.7667608374913484,33.58088963686094,40.78032921971219,2874.031,Critical
B0006,139,168,29,1.300235735841116,0.6458146847657867,24.0,3.4125732422699135,2.4504684570147006,4.182109437180301,-1.6493259508429792,0.7722287142049982,33.764008619560336,40.85731522464202,2874.234,Critical
B0006,140,168,28,1.2895066722480757,0.6404856612424569,24.0,3.407693686560286,2.3942028718004007,4.181210531150237,-1.6481131076816378,0.7731245144778003,33.57003564415372,40.74860220857894,2864.984,Critical
B0006,141,168,27,1.279253057384795,0.6353927885670602,24.0,3.4073499608041957,2.4303844034459368,4.180183763169455,-1.6402541382604887,0.7793479123932031,33.272050895552354,40.47227623020844,2855.093,Critical
B0006,142,168,26,1.2792078171714618,0.6353703181847233,24.0,3.409292163767801,2.4755630989048205,4.181641969595387,-1.6339151095418003,0.7850126547127957,33.12740933210319,40.28187574900838,2855.625,Critical
B0006,143,168,25,1.274036760902923,0.6328019038719047,24.0,3.4095492354804775,2.446712151873903,4.1818501497507565,-1.6340244573659812,0.7851240850970459,33.439116773449626,40.637565231244686,2855.594,Critical
B0006,144,168,24,1.2741273923001468,0.6328469196222142,24.0,3.410318915287339,2.4607112018206894,4.1817089329030335,-1.632488007933941,0.7861787494110998,33.482874768414376,40.64243349478575,2847.437,Critical
B0006,145,168,23,1.263763942644078,0.6276994930531462,24.0,3.409269478846638,2.46197885229738,4.178725976011113,-1.6192610042624402,0.796433708568786,33.22136307064441,40.38713367022122,2847.36,Critical
B0006,146,168,22,1.2581373688955233,0.6249048275539829,24.0,3.4094374435069095,2.4999079970509284,4.181148894438262,-1.6178242977824624,0.7975336676909265,32.985627389014255,40.15316398972329,2837.328,Critical
B0006,147,168,21,1.253259864055301,0.6224822174349078,24.0,3.403885091976961,2.4061574188511727,4.181246648937272,-1.6181015728870056,0.7972314769163537,32.970182781539556,40.26211669866818,2837.281,Critical
B0006,148,168,20,1.2532313315493426,0.6224680456114199,24.0,3.4065929107527846,2.40921365026611,4.182124874468928,-1.61809852978642,0.797542939991941,33.31018716138479,40.65437976632703,2838.515,Critical
B0006,149,168,19,1.2480874960313575,0.6199131515856948,24.0,3.4095930016592684,2.4705399687343235,4.179545017207998,-1.6103535053387172,0.8036046939062108,33.23406652671602,40.41021687551566,2828.328,Critical
B0006,150,168,18,1.2534354284944844,0.6225694186168335,24.0,3.409409922814414,2.4996841687041944,4.164241788212258,-1.611644410040853,0.8024149556477133,33.117656712920734,40.49521984011741,2838.265,Critical
B0006,151,168,17,1.28980487732669,0.6406337768599039,24.0,3.4195489282896943,2.4839695531514434,4.189238693156103,-1.6420364978388977,0.7786975534845754,33.784170366860046,41.357879741754175,2864.547,Critical
B0006,152,168,16,1.2635402021758837,0.6275883632972463,24.0,3.4151799904187996,2.4675402264113453,4.180842923747738,-1.6194806393973795,0.7963677470483693,33.806439563441614,41.37902988743146,2846.39,Critical
B0006,153,168,15,1.2479761706842851,0.6198578573479315,24.0,3.4154594925159083,2.4946438160388325,4.18123823034649,-1.6048643562670923,0.8073736815947106,33.63735785291911,41.20920760771975,2837.969,Critical
B0006,154,168,14,1.2321202877943334,0.6119823915935364,24.0,3.4130336456755868,2.4577382116375843,4.1798277092808815,-1.5916400783224374,0.8172445185870439,33.58195933847606,41.20630554355683,2838.156,Critical
B0006,155,168,13,1.2271137666213534,0.6094957002928933,24.0,3.409452435657409,2.40986495422137,4.180792839927961,-1.5901105081883435,0.8184044710265609,33.56245583951572,41.28239317323536,2829.843,Critical
B0006,156,168,12,1.2217397581377356,0.6068264815511618,24.0,3.4138496008165014,2.479418189447868,4.181365190126037,-1.5767754479909835,0.8276512934901961,33.5111267532655,41.1595683576961,2829.625,Critical
B0006,157,168,11,1.211102678915174,0.6015431457870486,24.0,3.410900672125043,2.434585389303289,4.180594670510683,-1.575262673173442,0.8286780991319167,33.53675907012135,41.230427315370186,2819.437,Critical
B0006,158,168,10,1.2056159765131735,0.5988179530512411,24.0,3.4105744140130074,2.425682710641569,4.181424135030176,-1.5684640005188113,0.8331275074290732,33.498030695567785,41.21487873613708,2819.579,Critical
B0006,159,168,9,1.2008936262717274,0.5964724067410865,24.0,3.409651424735992,2.417924401749313,4.181921994951423,-1.5671286757845893,0.8343391999172229,33.516977262709986,41.27439823262361,2810.672,Critical
B0006,160,168,8,1.1905903985558337,0.591354891835141,24.0,3.412857837344254,2.4541577949851603,4.179593598747663,-1.5537993411647464,0.8433112637469293,33.531923269271225,41.237668013317766,2811.485,Critical
B0006,161,168,7,1.185179251041941,0.5886672264914061,24.0,3.4134509017056525,2.463616101176541,4.180557596235595,-1.5521827524962775,0.8440916037889512,33.567636169584304,41.24068073261839,2802.422,Critical
B0006,162,168,6,1.1796706818144624,0.5859311727120096,24.0,3.414388187503409,2.470375229475307,4.181414159913002,-1.5452652929126827,0.8484593754616506,33.60493096509702,41.28133907077437,2801.625,Critical
B0006,163,168,5,1.1745952836753917,0.5834102708794472,24.0,3.412419038813061,2.4357634426689945,4.180815073540562,-1.538651770825325,0.852788066566617,33.54281440778599,41.28338645880181,2802.031,Critical
B0006,164,168,4,1.15381833159625,0.5730905570094814,24.0,3.4148103057455175,2.481190011798763,4.1697037841892834,-1.5169723774339863,0.8662067028044486,33.472459360982775,41.14919304328959,2793.39,Critical
B0006,165,168,3,1.1644009557372264,0.5783468454541136,24.0,3.4166177332601,2.491537251958465,4.180283727512206,-1.5238501013926742,0.8618411900618512,33.58210389885497,41.26268252018065,2793.39,Critical
B0006,166,168,2,1.1587974947916069,0.5755636598636548,24.0,3.4121341541171764,2.40904100737121,4.181170015245673,-1.5237928146868023,0.8618851863140047,33.6634605108384,41.45791806300034,2792.485,Critical
B0006,167,168,1,1.1749748834769171,0.5835988144791975,24.0,3.419700177568569,2.475767645530351,4.1575524997258,-1.5391310859398721,0.8526242406974837,33.730546074122294,41.11666214070682,2802.016,Critical
B0006,168,168,0,1.1856752327929356,0.5889135758950863,24.0,3.4234687742187893,2.4160441724133666,4.188511527828155,-1.5426703969635052,0.8509716769739258,33.8912822372509,41.36263766174168,2820.39,Critical
B0007,1,168,167,1.89105229539079,1.005524448294735,24.0,3.522006703394617,2.145975766935391,4.199497433806136,-1.8691188840185695,0.4765076285696696,32.62485875142121,40.59042914535701,3690.234,Healthy
B0007,2,168,166,1.880637027686859,0.9999863643732256,24.0,3.5319490434317116,2.111016698785212,4.198510349854315,-1.8680422715350309,0.4778200874778309,32.738209593287145,40.26023408628707,3672.344,Healthy
B0007,3,168,165,1.8806626717011388,1.0,24.0,3.5344025220217845,2.025108512818265,4.198280074112568,-1.877784734502072,0.45959674206821344,32.68511456550919,40.27558633997852,3651.641,Healthy
B0007,4,168,164,1.8807709009833444,1.000057548482157,24.0,3.53492504932652,1.922542180649595,4.198267468745592,-1.8875256535871225,0.4403601314030101,32.554748499572646,40.29314715799111,3631.563,Healthy
B0007,5,168,163,1.8794508728285055,0.9993556532541069,24.0,3.534536640068787,1.871159045064988,4.198464224146956,-1.8871559747738404,0.440591196422929,32.46787845303298,40.2688726302198,3629.172,Healthy
B0007,6,168,162,1.8807003517117404,1.0000200354966198,24.0,3.5411626672196816,2.175686706590344,4.197967993115647,-1.8675154082122565,0.478755396723532,32.48624734055599,39.67620802332074,3652.281,Healthy
B0007,7,168,161,1.8799352523566075,0.9996132111539847,24.0,3.541165612176161,2.111788715601944,4.198023461704379,-1.8673304059806155,0.47871973809675844,32.55779966353037,39.80381766292616,3650.828,Healthy
B0007,8,168,160,1.88150881240388,1.0004499162531768,24.0,3.5494581176357975,2.026250619894166,4.199372697237068,-1.9063154499484403,0.39895726438801615,32.45374435641106,39.88810476942348,3572.453,Healthy
B0007,9,168,159,1.8696907870385844,0.9941659475526093,24.0,3.550280546407974,1.950589433290604,4.19921182024681,-1.9164259300038171,0.3754267038591207,32.373246444985035,39.95162250671474,3550.594,Healthy
B0007,10,168,158,1.870052380139199,0.9943582165363328,24.0,3.5481347674910286,1.868824706765806,4.198957678253482,-1.9165016044519982,0.37519732568897796,32.30534276235138,40.05202185471829,3551.25,Healthy
B0007,11,168,157,1.8700442394188577,0.9943538878917205,24.0,3.5484272148956437,1.7896213776724978,4.198832114024662,-1.926771167846017,0.3493180384851065,32.183319483399806,40.1213838436794,3530.25,Healthy
B0007,12,168,156,1.8596518987766364,0.9888279949186756,24.0,3.5560433603714667,1.910336108594535,4.198945227315025,-1.936979366983281,0.32129244449448424,32.378853181816005,40.174657039770814,3491.016,Healthy
B0007,13,168,155,1.8590746560862208,0.9885210591246592,24.0,3.5604849642800684,1.9086884059809104,4.199051302806796,-1.947065774665518,0.2890267632788191,32.2913249500013,40.016434730174936,3470.281,Healthy
B0007,14,168,154,1.8590084577709232,0.9884858596621007,24.0,3.5562872542469752,1.7868782934275431,4.198107645780677,-1.946961601670498,0.28914293139850245,32.14782797344657,40.16569230743226,3470.0,Healthy
B0007,15,168,153,1.8593622586957048,0.9886739853319007,24.0,3.5647746218187315,2.1361343961784502,4.19925638222589,-1.9468510507422583,0.28972612488972677,32.01380948237792,39.46139677634257,3450.297,Healthy
B0007,16,168,152,1.8587355450601035,0.9883407444774766,24.0,3.565438928797127,2.0133501283179167,4.199087384946408,-1.957406371900557,0.2523975612854689,31.881310103471357,39.5636595172155,3429.407,Healthy
B0007,17,168,151,1.847817291322145,0.9825352090658109,24.0,3.565961679108638,1.8575547668336485,4.199009971925293,-1.9680136940585706,0.2071553451064679,31.854304304240507,39.628948319501816,3409.484,Healthy
B0007,18,168,150,1.8485252916137047,0.9829116722679647,24.0,3.572496559005355,2.165755612420893,4.1985172274243965,-1.9680499927642312,0.2078474237440961,31.856555404576753,39.22534721491488,3390.422,Healthy
B0007,19,168,149,1.848378951850034,0.982833859396006,24.0,3.5699492020415136,2.0270686341513207,4.198245740608724,-1.9680218912213907,0.20774034620382403,31.867182607083926,39.4126321606434,3390.281,Healthy
B0007,20,168,148,1.8807805437609768,1.000062675811889,24.0,3.5464338449590023,1.905311669649934,4.196262462698172,-1.9066656790606793,0.39806447016393737,32.35216872128999,39.95874037686836,3591.734,Healthy
B0007,21,168,147,1.88147215974436,1.000430427027346,24.0,3.5531968089006387,1.7951975189442124,4.1969587758867,-1.9267118604677658,0.34835350913108376,32.60219299451182,40.31302300333008,3552.297,Healthy
B0007,22,168,146,1.8810954313244783,1.0002301101786362,24.0,3.5599340214678805,2.1058524852518143,4.197071720130598,-1.9260915660103675,0.34941771040077757,32.19571819720114,39.359447242364645,3531.578,Healthy
B0007,23,168,145,1.8710089649779995,0.9948668589702974,24.0,3.5595604968238,1.846021007590992,4.19690260801443,-1.9468340181835688,0.2883145257229726,31.805988160181123,39.454159451189874,3492.907,Healthy
B0007,24,168,144,1.8701995151941373,0.9944364522865033,24.0,3.552385161941813,1.7370300333706354,4.1966416719103465,-1.936419689671865,0.32067412080801433,31.737001978644926,39.64174827400944,3511.594,Healthy
B0007,25,168,143,1.8706715362800983,0.994687438863237,24.0,3.5707670304281067,2.0506492642329937,4.1971302559922,-1.9675984733558025,0.20673220237051412,31.51707667966367,38.86906912217273,3431.9370000000054,Healthy
B0007,26,168,142,1.8596124644020169,0.9888070265785193,24.0,3.5657224847439295,1.8254369744762284,4.19652461108806,-1.9680130544442065,0.20657881093433816,31.442860781038384,39.11839966443177,3431.125,Healthy
B0007,27,168,141,1.860033909718346,0.9890311206293401,24.0,3.5712835067487103,2.134879000684994,4.196790308710931,-1.9675572757550353,0.20736445048718527,31.32326275303232,38.68010761281634,3412.406,Healthy
B0007,28,168,140,1.8591653109160768,0.9885692627877722,24.0,3.5679716274891398,1.970455493406623,4.196693048697735,-1.967618505240168,0.2071378770938514,31.28571570579735,38.863045678198645,3410.688,Healthy
B0007,29,168,139,1.8481398178778288,0.982706705294527,24.0,3.5646314038791784,1.813269430976001,4.197078923354,-1.9678214300979182,0.2071231422713658,31.331850868998007,39.14531169811219,3410.718,Healthy
B0007,30,168,138,1.849201702126164,0.9832713383168726,24.0,3.568983888921194,2.048365732409564,4.196062203382386,-1.9675056354779956,0.20762918561060117,31.32285733932258,38.8380564174779,3392.719,Healthy
B0007,31,168,137,1.8834677437950849,1.0014915338811978,24.0,3.564620688944316,2.181560983985832,4.206531081984383,-1.9683447778186902,0.2054892980783275,31.608436452122476,38.95965174080089,3470.672,Healthy
B0007,32,168,136,1.8628211117905844,0.9905131525291476,24.0,3.5694388142217837,2.1177799354077496,4.203187727641822,-1.9788067754387157,0.14718865308881668,31.782101501165204,39.05387577229197,3414.109,Healthy
B0007,33,168,135,1.852085039652352,0.9848044880781639,24.0,3.568742147335628,2.1637448793153697,4.202997027311235,-1.9785908218423578,0.14732040327269164,31.51504198920288,38.699551697978606,3395.219,Healthy
B0007,34,168,134,1.8469504648208708,0.9820742936053631,24.0,3.5642424070467817,2.045656147205805,4.2027504558714135,-1.9784335668087778,0.14746473891250106,31.13866351339678,38.6052414906155,3386.0,Healthy
B0007,35,168,133,1.836828431169018,0.9766921302838053,24.0,3.5653038098527605,2.1356202266992863,4.202665067816707,-1.9781601679702336,0.14798217514006312,31.068710515588776,38.42604747702835,3368.187,Healthy
B0007,36,168,132,1.8371619619672277,0.9768694777705335,24.0,3.565432167703823,2.042987153745025,4.20243913428064,-1.9783765899690637,0.1478962003317654,31.618244836823447,39.0468968949422,3368.266,Healthy
B0007,37,168,131,1.8316722583718852,0.9739504515794214,24.0,3.5622303163451425,1.978616239411895,4.202794567899269,-1.9780771457931066,0.1482788677083578,31.331528063668397,38.83676495861389,3358.719,Healthy
B0007,38,168,130,1.8211470951317783,0.9683539331827509,24.0,3.564481026852489,2.15845357648832,4.203135326288817,-1.9780971417908424,0.14864545502326573,31.132569191182142,38.49981470604549,3339.5,Healthy
B0007,39,168,129,1.816506091511515,0.965886184080215,24.0,3.561614556780574,2.092603698932653,4.202837061508687,-1.977978349880126,0.14875595211669995,30.972969676157927,38.582340147970775,3331.265,Healthy
B0007,40,168,128,1.8113815601504557,0.9631613299965084,24.0,3.5630587459190144,2.152888643167804,4.202745735932991,-1.9784334957218424,0.1489055046765652,31.1990648511682,38.787499833494046,3321.188,Healthy
B0007,41,168,127,1.8116056333939583,0.9632804758948528,24.0,3.5629534367704405,2.0537418826405966,4.203198796599359,-1.9782873833989176,0.14909494606505935,31.722267598269813,39.31221126031847,3321.844,Healthy
B0007,42,168,126,1.8060548955557405,0.9603289961203343,24.0,3.5634460120762426,2.079330058633996,4.202901668731174,-1.9781961432676651,0.14917678730582615,31.900827580605675,39.40567993360536,3311.828,Healthy
B0007,43,168,125,1.8132041826994056,0.9641304684690136,24.0,3.563998342345823,2.075979330452076,4.196154302326916,-1.9670969462670498,0.20964922121211446,31.5372402498617,39.32802757827611,3327.391,Healthy
B0007,44,168,124,1.8062641938283532,0.9604402857608223,24.0,3.5604902283110547,2.0674349483094465,4.204477224486428,-1.9781214643703728,0.14917033885171008,31.24662583059252,38.6112528181758,3312.078,Healthy
B0007,45,168,123,1.7958310249900458,0.9548926833144621,24.0,3.5567002097886946,2.037264031192436,4.20211656315423,-1.9780364457328714,0.14964116586615345,30.939399361884792,38.56972695128688,3293.172,Healthy
B0007,46,168,122,1.7858852600390451,0.9496042469028412,24.0,3.558412726344602,2.1632674190148338,4.202901194454151,-1.977935781469453,0.15018937467941154,30.884857004354572,38.34572083526661,3275.328,Healthy
B0007,47,168,121,1.780326860450275,0.9466486931651035,24.0,3.556136820956993,2.106631526845483,4.201790697233378,-1.9780170042003,0.15013792165883974,30.920682316695828,38.48254063494672,3265.016,Healthy
B0007,48,168,120,1.8150756899575575,0.9651256002841514,24.0,3.568999942180493,2.1809272860788376,4.191916354433964,-1.9779140108313502,0.14881074551152104,33.880577817079796,41.0499421893331,3328.937,Healthy
B0007,49,168,119,1.815702515484584,0.9654589006343197,24.0,3.571059290544873,2.1773498094527195,4.20342192245769,-1.978162017642311,0.1487919577838864,33.038339318294426,40.361944885615415,3329.266,Healthy
B0007,50,168,118,1.800243217805667,0.957238767427266,24.0,3.5666921284622095,2.180136101967249,4.202807443974011,-1.9779553399945098,0.14944393853074256,32.27329169539202,39.6676965288026,3301.579,Healthy
B0007,51,168,117,1.7904476205609308,0.9520301793098256,24.0,3.563327431073248,2.128629519907685,4.203276539809248,-1.9779914337720734,0.14982717580366306,31.937919783481355,39.481181404811096,3283.563,Healthy
B0007,52,168,116,1.780343032300132,0.9466572921818757,24.0,3.5590146214829015,2.155901281560187,4.202580870413733,-1.9721889844228178,0.18347784052311344,31.688686599521045,39.4190511430692,3275.125,Healthy
B0007,53,168,115,1.775328769596812,0.9439910709723144,24.0,3.5566945836342914,2.067103728219671,4.203244171517053,-1.9723254573804139,0.18368310473563854,31.779120691032947,39.72196117128354,3265.656,Healthy
B0007,54,168,114,1.770262973473285,0.941297448027725,24.0,3.555013984911923,2.061983186454309,4.202697222668131,-1.9668382736785281,0.21183042025640444,32.133873372089305,40.041366724781085,3266.093,Healthy
B0007,55,168,113,1.760081061854204,0.9358834459462825,24.0,3.5526373754067415,2.143037413381466,4.202581421564202,-1.960929600351624,0.23695032099061025,31.889431533099835,39.66314441864834,3257.594,Healthy
B0007,56,168,112,1.749647593537689,0.9303356842591334,24.0,3.547186025484395,1.992905798820928,4.201275185814673,-1.9607588424014128,0.23724478338724067,31.817363280281278,39.84751541049116,3248.593,Healthy
B0007,57,168,111,1.749650075059311,0.9303370037523415,24.0,3.546814755244375,2.0335961968180234,4.202508747096239,-1.9607439129501683,0.23759808952760889,31.72316205746117,39.74335777163101,3238.766,Healthy
B0007,58,168,110,1.745028739214683,0.9278797125463393,24.0,3.544785017297267,2.0213017345171265,4.202333230196108,-1.9550964299704847,0.2599396573864495,31.957150654392294,40.07246786936068,3240.14,Healthy
B0007,59,168,109,1.739645745528673,0.9250174269450937,24.0,3.5465215420964156,2.0789964919635966,4.202490707154508,-1.955058998571939,0.26015270676704666,32.29917704213345,40.24771611400392,3230.109,Healthy
B0007,60,168,108,1.7285642277717963,0.9191250795700842,24.0,3.540832547654255,1.9925354808829656,4.202290557382721,-1.9491545130405277,0.2803310315268704,32.128842946565555,40.27220819224188,3229.7810000000027,Healthy
B0007,61,168,107,1.723900324588418,0.9166451541408419,24.0,3.5429925113583938,2.14041602578448,4.20313824854604,-1.9485230174751031,0.2814335775032654,32.021134355757404,39.89848456781458,3212.469,Healthy
B0007,62,168,106,1.7139788776485192,0.9113696482836834,24.0,3.5360811169860216,2.006753861515003,4.202703239422359,-1.9431227050969846,0.3003332633410813,31.859048861486652,40.0571305311587,3213.219,Healthy
B0007,63,168,105,1.7139701997004613,0.9113650339803379,24.0,3.5392436935272635,2.121868132176415,4.202907102508285,-1.9430080085541772,0.3007553365017744,32.16100333536097,40.240711749549135,3203.578,Healthy
B0007,64,168,104,1.7036521173638766,0.9058786261881039,24.0,3.5348237062932575,2.011964875882845,4.201457080806326,-1.9425165961920092,0.30141637636855023,32.10276048728767,40.12941739090177,3195.125,Healthy
B0007,65,168,103,1.7040137474382486,0.9060709148317897,24.0,3.5366477402090606,2.0744390946376323,4.204304103661928,-1.9370190075205085,0.3190762556693421,32.33880662180898,40.3959693732437,3195.312999999994,Healthy
B0007,66,168,102,1.6935716157343033,0.9005185465835807,24.0,3.5352062840980913,2.188793384556236,4.20220228055958,-1.9310192096578356,0.3363260807470921,32.21373014824893,40.18751058333668,3186.297,Healthy
B0007,67,168,101,1.6876577363877656,0.8973739744944307,24.0,3.5329852237553396,2.1739523632140685,4.202001482736379,-1.9304738354803441,0.33660133598829284,32.09949526722965,40.14605167557969,3176.438,Healthy
B0007,68,168,100,1.6830744356583152,0.894936907603905,24.0,3.532158560934324,2.1783847786257136,4.202600613133091,-1.9305510314753316,0.3372949098270868,32.11305439113157,40.18846095484838,3167.593,Healthy
B0007,69,168,99,1.6779270142025482,0.8921998822281044,24.0,3.5308376380023527,2.191481814157953,4.202328519159183,-1.9247195409983122,0.35318781500678287,32.20371989479744,40.2789498830108,3167.719,Healthy
B0007,70,168,98,1.6732060275966172,0.8896896039751412,24.0,3.5296958440720005,2.1753473356526807,4.202855889678493,-1.9245739020356052,0.3535934937709248,32.23340825772458,40.310727434969614,3159.077999999994,Healthy
B0007,71,168,97,1.6674367208253988,0.886621905095363,24.0,3.528181937212609,2.1832922624558813,4.202212609390717,-1.9243785304854075,0.35422510059448054,32.212169716369466,40.31733812871393,3148.829,Healthy
B0007,72,168,96,1.6622662630667526,0.8838726306845675,24.0,3.5265730179666974,2.192864020990023,4.202335745153063,-1.918402879916178,0.369401148866462,32.21746401954225,40.332563430145015,3149.094,Healthy
B0007,73,168,95,1.6574243065763063,0.8812980294212445,24.0,3.5245022548553444,2.156097212664392,4.201997273379946,-1.9181664471622712,0.36985386905308787,32.23410177209761,40.431258866851486,3140.547,Healthy
B0007,74,168,94,1.652538684928734,0.8787002101944965,24.0,3.5228548406546385,2.138540138129487,4.201599523927098,-1.9180994998619483,0.370275939922021,32.228343983674435,40.46247985933005,3131.625,Healthy
B0007,75,168,93,1.6472174627573322,0.8758707702042889,24.0,3.5222829121237855,2.1646493163558524,4.20196227209543,-1.9179522150901993,0.37099845889793376,32.1833106060944,40.40103455658551,3121.907,Healthy
B0007,76,168,92,1.6364136810898071,0.8701261027367561,24.0,3.5189923820688493,2.1187211383693167,4.202045571197949,-1.9116539768893375,0.38559264697879414,32.17200142078129,40.4426971996319,3122.125,Healthy
B0007,77,168,91,1.6362554312048496,0.8700419569261656,24.0,3.5177844279570794,2.1377868706438155,4.204697039833386,-1.9115865510736891,0.3856578053246533,32.03316223587618,40.26214977673693,3121.672,Healthy
B0007,78,168,90,1.641119179218384,0.8726281453408773,24.0,3.5212226057273495,2.103155697792567,4.203964293328523,-1.9176487188202131,0.3708855111540938,32.506671891788216,40.64566836195685,3120.86,Healthy
B0007,79,168,89,1.6315700789656966,0.867550626444812,24.0,3.5172227884430147,2.186737546753024,4.201985395805308,-1.9111337702474194,0.38657074885083254,31.961039485620926,39.95209030011925,3103.828,Healthy
B0007,80,168,88,1.621213282987236,0.8620436335458184,24.0,3.5125010864221813,2.100774791159369,4.20178017149305,-1.9108556098369367,0.38704444324805126,31.798082670491866,40.16503458324407,3095.094,Healthy
B0007,81,168,87,1.6164273214762122,0.8594988063511068,24.0,3.5129614635074673,2.1417010068719846,4.202220537976551,-1.9049762303506044,0.40112549953309473,31.95802833708937,40.36674175781141,3095.781,Healthy
B0007,82,168,86,1.615823510161921,0.859177743289997,24.0,3.5125204100391962,2.0912297625621297,4.2013887453306085,-1.9051068520548522,0.4011860765258973,32.418131697462755,40.88269125311642,3094.328,Healthy
B0007,83,168,85,1.61672418029789,0.8596566543406186,24.0,3.5151454557578807,2.166300950520593,4.201620573144587,-1.9049079394753692,0.4017203630206843,32.64044972789331,40.85633220225456,3086.531,Healthy
B0007,84,168,84,1.6108655863730026,0.8565414790287227,24.0,3.5134431794731813,2.1843637809529235,4.201668680267049,-1.898761620917719,0.4151954454598399,32.56399373078006,40.7780246115985,3085.625,Warning
B0007,85,168,83,1.6006603374309376,0.8511150678516274,24.0,3.5097089402574535,2.113995772639173,4.202567159315787,-1.90433828068926,0.40300036642551335,32.28305350922276,40.5829305350897,3067.203,Warning
B0007,86,168,82,1.5959174487005665,0.8485931436374987,24.0,3.5042771471756997,2.0287779476202195,4.201472345711643,-1.904192698545851,0.4037206884803756,32.06065237439007,40.6345689985191,3058.157,Warning
B0007,87,168,81,1.5962179519462243,0.8487529294673445,24.0,3.509207943122176,2.1948906641943635,4.201332830124454,-1.8982712229514884,0.41697849296085937,32.365261126964526,40.75070125010339,3058.812,Warning
B0007,88,168,80,1.5958065114633972,0.8485341552613064,24.0,3.5095064920492853,2.1621122251410005,4.201522880341636,-1.8977934870545978,0.4171326231479289,32.68851871366292,41.0672419235651,3058.578,Warning
B0007,89,168,79,1.5906507821480704,0.84579271236838,24.0,3.505203266169396,2.0092802451741245,4.201386492450036,-1.9036436467205253,0.4043488728701555,32.747733642524246,41.40590880756584,3049.328,Warning
B0007,90,168,78,1.6888211161855506,0.8979925754882669,24.0,3.5281182345919744,2.144268362237989,4.233325435700087,-1.9369923426487148,0.32005599690063535,32.50500516961017,41.01558674901627,3177.219,Warning
B0007,91,168,77,1.6259938279733204,0.86458558062544,24.0,3.519590928396835,2.0962813773920197,4.203917718634026,-1.9233409193548265,0.35787141371175374,32.91993878980997,41.31851435911838,3082.937,Warning
B0007,92,168,76,1.6157433862812898,0.8591351392218476,24.0,3.5146260368096875,2.037656085248936,4.202046403451837,-1.916884219356136,0.37356738954803365,32.948305858317944,41.4002950560853,3074.266,Warning
B0007,93,168,75,1.6056626764846538,0.8537749489291794,24.0,3.5115494818370454,2.050265845971926,4.201592874087554,-1.910472150518363,0.3890050338739006,32.76906651915661,41.2508092329952,3066.0,Warning
B0007,94,168,74,1.5949746921524348,0.8480918540855138,24.0,3.510769869032659,2.1421639870693685,4.201214370586727,-1.904277326283454,0.40358046394844244,32.59734424608833,40.95362783962595,3056.437,Warning
B0007,95,168,73,1.5904102438871943,0.8456648115680422,24.0,3.50804494279531,2.093098662464846,4.201660608337926,-1.904002494100001,0.404096881065216,32.52349894408369,40.989022190981714,3048.219,Warning
B0007,96,168,72,1.5853517062988178,0.8429750481859675,24.0,3.507748080950393,2.109503853325003,4.201750207865124,-1.9036546380501311,0.4049841353119343,32.578228834731775,41.02622774121347,3039.218,Warning
B0007,97,168,71,1.5799737147242376,0.8401154223447657,24.0,3.5066673521067266,2.1295447836320704,4.201226117420626,-1.8977146678452774,0.4183923310345627,32.62728298499839,41.01371342582121,3039.047,Warning
B0007,98,168,70,1.5752185465278068,0.8375869688012445,24.0,3.5061843921745397,2.138556110583413,4.201796973837129,-1.8973347377958825,0.41888498116899225,32.652115712561326,41.04923314430273,3030.375,Warning
B0007,99,168,69,1.569798484648868,0.8347049730236412,24.0,3.5051004339266254,2.143779366990932,4.201200470517945,-1.8970045774163773,0.4194983019730331,32.64767456395258,41.05277512550887,3021.0,Warning
B0007,100,168,68,1.5702565375950357,0.8349485323567742,24.0,3.5054479186890566,2.199196544880164,4.201289094579205,-1.8909127399289274,0.4325474540590139,32.69938792310311,41.02092182377061,3021.75,Warning
B0007,101,168,67,1.565249873909438,0.8322863517536633,24.0,3.500074246846,2.0252901014990434,4.201033482375415,-1.8968789299198896,0.42003052216449815,32.724576765133094,41.34840278359994,3012.265,Warning
B0007,102,168,66,1.559633933561147,0.8293002020135766,24.0,3.5011647157526498,2.0874226328484515,4.201482697501314,-1.8964710309338209,0.4205326571189624,32.70434030242972,41.23753665797544,3002.641,Warning
B0007,103,168,65,1.5649820533392105,0.8321439442000612,24.0,3.500407285435189,2.0863200514042264,4.196165946742788,-1.8967768141795405,0.4203380436684649,32.74051962267582,41.21700308433066,3012.0,Warning
B0007,104,168,64,1.57497949984227,0.8374598611124846,24.0,3.507816455272743,2.0588247910323827,4.205246397279064,-1.9031485600103595,0.40592532218255595,33.38712825139849,41.89753189273277,3020.11,Warning
B0007,105,168,63,1.5652811168780458,0.8323029644982441,24.0,3.5025243992110107,2.007722684403967,4.201509838937999,-1.9028574663381215,0.4072388254877473,33.270627344923426,41.90270996402953,3002.172000000006,Warning
B0007,106,168,62,1.559755497470126,0.8293648408830603,24.0,3.505155823274424,2.190682586389996,4.201909525379603,-1.8963219640753084,0.42140006587670764,33.115074143665915,41.48233804274523,2992.703,Warning
B0007,107,168,61,1.549897685670499,0.8241231715778944,24.0,3.4983646475135717,2.008435320437976,4.199865517000471,-1.908430732943726,0.39550136822821486,32.90572814040102,41.6411622659972,2964.468,Warning
B0007,108,168,60,1.543877153134502,0.8209218890583924,24.0,3.500140843862166,2.164636064139996,4.200859733656452,-1.889754408573026,0.4351014528838576,32.953112654161664,41.433877603827945,2983.375,Warning
B0007,109,168,59,1.5450187488690073,0.8215289068674249,24.0,3.49909547013937,2.064742753691984,4.20162098338246,-1.8959167588975123,0.4226868979879755,33.2282109237263,41.8543569979417,2975.297,Warning
B0007,110,168,58,1.5445940154102908,0.821303064420979,24.0,3.5010357611640606,2.170172617792397,4.201149059944848,-1.889387844169526,0.4361055797477761,33.361342590516294,41.78271326384125,2974.9850000000006,Warning
B0007,111,168,57,1.5343086721758876,0.8158340649086424,24.0,3.497212315865497,2.120750718982474,4.200810741834928,-1.8889185963670394,0.43652920427860664,33.12431679486816,41.62744766181303,2966.25,Warning
B0007,112,168,56,1.5287603942958483,0.8128838931614567,24.0,3.496089957852059,2.13627215665258,4.200373974181371,-1.8885071150010757,0.43696165726297986,32.991553593266204,41.552128441464966,2956.359,Warning
B0007,113,168,55,1.5289260249179843,0.8129719635127368,24.0,3.495877119417779,2.093857236476905,4.201791474587699,-1.8888180820733198,0.4372271352047082,33.2318318845246,41.839167194182565,2956.344,Warning
B0007,114,168,54,1.529091650133123,0.813060030988968,24.0,3.493116071455022,1.9959465760122976,4.20067023466464,-1.8887930414931369,0.43727645525429354,33.509812392094496,42.23998716092915,2956.406,Warning
B0007,115,168,53,1.5239059324661248,0.8103026424657472,24.0,3.492655946458748,2.0305769860653866,4.20021831736756,-1.888168080257056,0.4378463764666701,33.382402850667845,42.04090238497712,2947.266,Warning
B0007,116,168,52,1.5186675419100617,0.8075172463206083,24.0,3.49208824531703,2.0758803797636745,4.200674971032527,-1.887904907597145,0.4386495735333658,33.17829959346276,41.803429062834496,2937.984,Warning
B0007,117,168,51,1.5136482266426952,0.8048483385239611,24.0,3.490216477408044,2.079354904824249,4.200371214024706,-1.88773036624322,0.439151316487272,33.01591345323486,41.6886924602386,2929.125,Warning
B0007,118,168,50,1.5136050185229033,0.8048253635798406,24.0,3.4905931958620466,2.0585109366080414,4.200965645223048,-1.8878077163294118,0.43921002479971744,33.271000362987586,41.98817160118213,2928.454,Warning
B0007,119,168,49,1.5139470614867965,0.8050072372188721,24.0,3.4911419366203664,2.0253107306977376,4.201492773602507,-1.887674933393443,0.43912747667926644,33.61966967517867,42.33252236723314,2929.375,Warning
B0007,120,168,48,1.5339599193158786,0.8156486234335406,24.0,3.49283645226053,2.0069579017420067,4.192768207316796,-1.901022727285377,0.41084397708584325,33.29697162630193,41.63553796804361,2946.031,Warning
B0007,121,168,47,1.5391372798653098,0.8184015682478002,24.0,3.5025157522808223,2.19792648712031,4.204602036514753,-1.8951144121477894,0.4240019425196382,33.393130865360554,41.470498076928735,2955.438,Warning
B0007,122,168,46,1.5236247972838737,0.8101531551672106,24.0,3.4929535655988118,2.0299415196572554,4.200995491738166,-1.8941478117057606,0.4251951881545497,33.138207103628474,41.54038193238441,2937.625,Warning
B0007,123,168,45,1.5135813035589147,0.8048127536820926,24.0,3.491746263651725,2.117150391576778,4.201036137691208,-1.8875042014728927,0.4389657871114934,32.84069778843796,41.13947017697289,2929.078,Warning
B0007,124,168,44,1.5077850749847914,0.80173073974023,24.0,3.490432264232957,2.130989905274772,4.200762329918291,-1.8871434043422721,0.43977035291052685,32.75739655594484,41.09041922644824,2918.375,Warning
B0007,125,168,43,1.5031960676037333,0.799290638466296,24.0,3.488861416967918,2.129431831748565,4.201013677167557,-1.8807630082774924,0.4526303344646541,32.77234087259374,41.10034021580957,2919.812,Warning
B0007,126,168,42,1.497822059699588,0.7964331308520867,24.0,3.4891932104785104,2.164511453629433,4.200439147859412,-1.886419275237733,0.441052769392179,32.720417557744895,41.03075447325996,2900.422,Warning
B0007,127,168,41,1.492848534633516,0.7937885709632189,24.0,3.4878785713375917,2.1743012710834013,4.200264786461796,-1.8800039366336023,0.4540173396292166,32.710022803073514,40.99688397371006,2901.375,Warning
B0007,128,168,40,1.492414389867026,0.7935577242659227,24.0,3.486430546073901,2.1928976284966537,4.200151660684939,-1.8733366537372407,0.4662831517515899,32.62076759783716,40.88481342461614,2901.187,Warning
B0007,129,168,39,1.487482776538081,0.7909354499989039,24.0,3.4812572775226682,2.029849589914729,4.200453152662228,-1.879702248133121,0.45450949833224574,32.57651826255201,41.09400879501426,2891.64,Warning
B0007,130,168,38,1.482535148640411,0.7883046603458107,24.0,3.4823550791204023,2.095949224783681,4.200291122451955,-1.8790751470067306,0.45527109312858494,32.58396494906228,41.01377835587309,2882.906,Warning
B0007,131,168,37,1.4827874322228984,0.7884388064562661,24.0,3.483507428628053,2.177723491219515,4.199877643371451,-1.8728728303565043,0.46785169026162604,32.623742674615976,40.90635248178393,2883.265,Warning
B0007,132,168,36,1.476971179775059,0.7853461452707392,24.0,3.478976541530706,2.056251340337525,4.200436806124781,-1.8726786421400126,0.4675952089691564,32.58599202496769,41.06596192416311,2882.969,Warning
B0007,133,168,35,1.4819015554137276,0.7879677614238417,24.0,3.483501191305966,2.1512510632923165,4.193077426787744,-1.872734820116884,0.466976735288397,32.864544723781215,40.84520330629611,2891.656,Warning
B0007,134,168,34,1.4981366198874824,0.7966003911442314,24.0,3.4899701994096612,2.1693699073642034,4.203372086437543,-1.8800362373714223,0.4540465520661911,33.079651096902374,41.12807910254104,2901.25,Warning
B0007,135,168,33,1.4820775214392872,0.7880613273930117,24.0,3.484801138956006,2.116759239247948,4.202065190134895,-1.8730214281226414,0.46714695079315066,32.932141650182686,41.094988453128494,2891.703,Critical
B0007,136,168,32,1.4771155312812152,0.7854229009315646,24.0,3.47835437960934,2.009424225590032,4.200086642861885,-1.8725486136074456,0.4678085405622447,32.755748003791545,41.11877573165318,2883.016,Critical
B0007,137,168,31,1.4720772783056488,0.7827439234352925,24.0,3.475694933923807,2.0034792344341588,4.199758658258613,-1.8724613181992062,0.468367838824259,32.52965474617847,40.98003499062696,2873.453,Critical
B0007,138,168,30,1.472248013656454,0.7828347081110211,24.0,3.481431873453954,2.172988732474185,4.199843161074874,-1.8659419458758726,0.48060585434657793,32.848065199041,41.017509953482886,2874.031,Critical
B0007,139,168,29,1.4670106672274663,0.7800498671569278,24.0,3.4796060336232353,2.087464676179042,4.200352076636086,-1.865786095147701,0.4804228093905,33.072327061961936,41.299420742573055,2874.234,Critical
B0007,140,168,28,1.461767249533538,0.7772617979445021,24.0,3.47822589673296,2.110564313669325,4.200169604165679,-1.8654605849037513,0.48115241078075843,32.85096451719535,41.105738037939375,2864.984,Critical
B0007,141,168,27,1.4566952670489708,0.7745648855418226,24.0,3.4743233868367187,2.0724687293779813,4.199911577879335,-1.865134613881632,0.48195004159869936,32.57230232995455,40.87704013237699,2855.093,Critical
B0007,142,168,26,1.451354972758956,0.7717253043822815,24.0,3.4737305453330443,2.1253826973270518,4.199564012073342,-1.858515986418667,0.4934210728550704,32.45068444176091,40.73021986226824,2855.625,Critical
B0007,143,168,25,1.451615926257375,0.7718640605251802,24.0,3.474812723214051,2.1147331324879475,4.199951033620322,-1.8588972649148483,0.4936980368379071,32.7394359440147,41.03226257370644,2855.594,Critical
B0007,144,168,24,1.4468161332173683,0.7693118787265885,24.0,3.476096426841386,2.1738445330859366,4.19995987158867,-1.8581969672334215,0.49444769472428574,32.775898242252914,40.89527781087817,2847.437,Critical
B0007,145,168,23,1.4467570607768785,0.7692804682873966,24.0,3.4686822529487804,1.9947266977360072,4.200414702164272,-1.8581200056254086,0.49423269823837684,32.5817324044051,41.02491521192672,2847.36,Critical
B0007,146,168,22,1.4413797481446793,0.7664212034585077,24.0,3.4661964701943586,2.0033802121225017,4.199552965128597,-1.8577209868352302,0.495123229137895,32.35021153014993,40.81596834579472,2837.328,Critical
B0007,147,168,21,1.4362456252208178,0.7636912492774013,24.0,3.468183423895935,2.116470909151213,4.199706970400125,-1.8512458354075154,0.5063643101821768,32.28754240914786,40.65138669632271,2837.281,Critical
B0007,148,168,20,1.4368154153924828,0.7639942223624945,24.0,3.4678606629897453,2.051877342511651,4.199300346769649,-1.8514531972432,0.5063422319981459,32.603239183227075,40.965385542419945,2838.515,Critical
B0007,149,168,19,1.4362945145860049,0.7637172450957491,24.0,3.4662499547181245,2.003221375307111,4.200086391757318,-1.8574211435317929,0.49582125615542155,32.61208344144242,41.11319128215138,2828.328,Critical
B0007,150,168,18,1.4418575315878015,0.7666752540388226,24.0,3.462469269360201,1.9865974995249176,4.189989265375979,-1.857823928669184,0.49512829575750195,32.26742656599958,40.78738321989129,2838.265,Critical
B0007,151,168,17,1.4672063484781797,0.7801539162528438,24.0,3.480518309485383,2.1908121182442706,4.202670619155847,-1.8658259561850365,0.481338293402097,32.637733704417855,40.73001188190229,2864.547,Critical
B0007,152,168,16,1.4518640367848883,0.7719959877076817,24.0,3.4723137993738336,2.033261415031626,4.199186500777735,-1.8647784241320746,0.48247014851293285,32.665258715232376,40.990354594470126,2846.39,Critical
B0007,153,168,15,1.44713797527485,0.7694830109888089,24.0,3.474362108592906,2.19135439601875,4.199638763972608,-1.8578958465335809,0.49523945428193883,32.502652632323915,40.62521315513875,2837.969,Critical
B0007,154,168,14,1.441790586562399,0.7666396575299911,24.0,3.4722823212388754,2.1840705012733683,4.200028390360542,-1.851194762921303,0.5064473876733177,32.446842086875606,40.58944296824891,2838.156,Critical
B0007,155,168,13,1.431630947911111,0.761237498597311,24.0,3.4701761898320465,2.1664368343684446,4.199347098159206,-1.8509042611451945,0.5071528769311282,32.39361892904713,40.584393586876246,2829.843,Critical
B0007,156,168,12,1.4318084249673686,0.7613318680230078,24.0,3.4635011119445216,1.987193667465448,4.199148920577739,-1.8508582746706244,0.5071501586119525,32.417221778010834,40.884444140401214,2829.625,Critical
B0007,157,168,11,1.4262562585106868,0.7583796286128112,24.0,3.467453100453348,2.1314172797434523,4.199648027535327,-1.8504182940365097,0.5080447288031393,32.40094040453025,40.65159637790841,2819.437,Critical
B0007,158,168,10,1.4260877528924911,0.7582900295471566,24.0,3.4675864728547836,2.188995882590831,4.199193175738452,-1.843689287692697,0.5190085183536033,32.36314241861483,40.53138082339522,2819.579,Critical
B0007,159,168,9,1.4212633510031694,0.7557247625474358,24.0,3.462182535852444,2.032246494641712,4.199053572226856,-1.8498733070449755,0.5087455951874705,32.382600705235255,40.821433488540606,2810.672,Critical
B0007,160,168,8,1.4163272748795108,0.7531001152898851,24.0,3.465962999117946,2.1695130053947387,4.199879744716988,-1.843287720729204,0.5197022937246866,32.4323818014572,40.643362943412974,2811.485,Critical
B0007,161,168,7,1.4165781829175994,0.7532335299856006,24.0,3.4601727514874407,1.9917978280585305,4.198680179439704,-1.8494580225090995,0.5096143033077817,32.4886182994049,40.97063567014205,2802.422,Critical
B0007,162,168,6,1.4108401729425175,0.7501824724719788,24.0,3.464226115253961,2.1534486462617077,4.199235005181635,-1.8426221358637018,0.520769116627146,32.524062377970175,40.74888323397497,2801.625,Critical
B0007,163,168,5,1.4109949628347804,0.7502647785094155,24.0,3.458799193390812,2.0101572712330453,4.198950996279868,-1.8427098003104345,0.5204805895168696,32.482615965621896,40.93461596721165,2802.031,Critical
B0007,164,168,4,1.40617142903988,0.747699973099343,24.0,3.4620805499710854,2.132718741006573,4.199393701075195,-1.842239518040086,0.5214152023843951,32.46389583182878,40.74175890345818,2793.39,Critical
B0007,165,168,3,1.4063358479692922,0.7477873991603194,24.0,3.4578782949034514,2.0114763339798887,4.198994975977764,-1.842252843487983,0.5214208870579174,32.55681404542561,41.00964443691023,2793.39,Critical
B0007,166,168,2,1.4004552399066514,0.7446605183267027,24.0,3.461590937144894,2.1610456063312298,4.198421699164089,-1.8356063485512328,0.5320114278467215,32.576296430484255,40.80558697887537,2792.485,Critical
B0007,167,168,1,1.4217865046055154,0.7560029376876234,24.0,3.462906230864041,2.0143553387267827,4.188887274283021,-1.8561013515700384,0.4982417938705447,32.81804879809979,40.92586026351328,2802.016,Critical
B0007,168,168,0,1.4324552720625434,0.7616758143909068,24.0,3.4753580425264796,2.1732119934933296,4.2050716026539625,-1.8574370794605966,0.4967399727413084,32.92941193334214,40.57390100608222,2820.39,Critical
B0018,1,132,131,1.8550045207910817,1.0083728326424954,24.0,3.527546226327255,2.472160843460044,4.188195942647034,-1.9541761960216968,0.32800361075746903,31.773285281389256,38.10180309676608,3434.891,Healthy
B0018,2,132,130,1.8431955317089987,1.0019535147174556,24.0,3.534835576186522,2.4114381994148304,4.186703558364525,-1.9474374301153292,0.34522628237249564,31.92489159472864,38.14987995994155,3425.485,Healthy
B0018,3,132,129,1.8396018424355425,1.0,24.0,3.538246596159443,2.394395968141027,4.188811210133346,-1.9520511323479741,0.33139196286859035,31.31691283374216,37.5266914843442,3410.375,Healthy
B0018,4,132,128,1.8306736044962053,0.9951466465550411,24.0,3.537697945111872,2.3999481734774424,4.188875360300162,-1.9460914562122762,0.34840348066344007,30.821190751176527,37.06279237079503,3404.719,Healthy
B0018,5,132,127,1.8327002069419656,0.9962482993143562,24.0,3.542667604586918,2.3851461229395867,4.189908817357781,-1.9412796601390512,0.36400534219725983,31.95346971511436,38.2110354381278,3417.641,Healthy
B0018,6,132,126,1.8285288846046388,0.9939807856376989,24.0,3.5451037330477333,2.371677070838912,4.190509582057232,-1.9400338819083036,0.3654843265295829,32.02311236185272,38.17496505957075,3411.766,Healthy
B0018,7,132,125,1.8212011895697924,0.9899974807367073,24.0,3.5475142438631493,2.4964491577040797,4.1903241054041,-1.9335667184847714,0.3814317094765695,31.634533158077698,37.64038685475582,3399.516,Healthy
B0018,8,132,124,1.815170010643328,0.9867189566629984,24.0,3.544812433691423,2.4374506721131883,4.190302498850287,-1.9332161326561408,0.3830327169733657,31.28819492159572,37.37602884738843,3388.75,Healthy
B0018,9,132,123,1.8042980520967649,0.9808090046854719,24.0,3.5434780274164095,2.4152206992194847,4.188517549229078,-1.9325959489970461,0.3846816267374156,31.11122470608501,37.28928029078695,3380.406,Healthy
B0018,10,132,122,1.8231002302844224,0.9910297914633132,24.0,3.543133206790044,2.377432309524995,4.191794143442699,-1.9387520938161948,0.3695916845920226,31.13166983979621,37.52377766578506,3404.141,Healthy
B0018,11,132,121,1.8121253520255491,0.9850638927532189,24.0,3.545155146280937,2.3887487262583647,4.190699409462101,-1.9319248326301843,0.3857477415661153,31.51305775907457,37.72420412562674,3396.141,Healthy
B0018,12,132,120,1.8046916382117768,0.9810229564797858,24.0,3.545032366549762,2.432289857016922,4.190263311275428,-1.9249594896453863,0.4014884734995456,31.31102568785445,37.41366095304306,3384.094,Healthy
B0018,13,132,119,1.790844349786295,0.9734956274099535,24.0,3.5440892170496827,2.497495633221204,4.18970538556629,-1.9179528942264987,0.4166722099845821,30.893964711700164,36.94724908852665,3370.656,Healthy
B0018,14,132,118,1.783470722841926,0.9694873541117454,24.0,3.541317108618481,2.478768686108376,4.188354430914051,-1.917373033348097,0.41834757983871346,30.540598970902945,36.70709131205994,3357.797,Healthy
B0018,15,132,117,1.7809386125310702,0.9681109093548173,24.0,3.541197979542517,2.385849407868021,4.193543208571066,-1.9180652422275588,0.4191459293555509,30.82566018736547,37.13061214416645,3363.015,Healthy
B0018,16,132,116,1.771209039672698,0.9628219535416992,24.0,3.541255460524435,2.372854084449551,4.190238041929225,-1.9106033469326071,0.43401802048220867,31.451400678644543,37.686600065941576,3357.734,Healthy
B0018,17,132,115,1.7686303996707076,0.961420215435927,24.0,3.5427478949705886,2.4086912736769084,4.19075698083662,-1.909404549449075,0.43519927252961843,31.518847747922937,37.633580732302406,3344.187,Healthy
B0018,18,132,114,1.7536304801917124,0.9532663208632102,24.0,3.541251093602656,2.496331992137246,4.189715378549557,-1.8960567702455418,0.46155228798292747,31.11237289077096,37.15252578645951,3339.969,Healthy
B0018,19,132,113,1.7462197416415093,0.949237873848615,24.0,3.5350260562177453,2.4199896352919668,4.187635645163932,-1.8948411660605735,0.46362243413137183,30.586452588663985,36.78829001793698,3327.641,Healthy
B0018,20,132,112,1.7376647337053737,0.9445874066992621,24.0,3.5326627624319777,2.3587321881999297,4.191004692440202,-1.90021436299665,0.45317391700372484,30.242913021104116,36.541146197392216,3312.844,Healthy
B0018,21,132,111,1.7315166735475835,0.9412453464686361,24.0,3.5333109441755526,2.4458096660548825,4.1906972904216495,-1.8936767267608487,0.4669019504705275,30.10270376338569,36.372087786130464,3302.031,Healthy
B0018,22,132,110,1.7085949894470602,0.9287852132094869,24.0,3.52738705832889,2.3808537751929744,4.185877977731026,-1.8739718829459886,0.5024658658127134,30.251184852221932,36.52608510498833,3305.547,Healthy
B0018,23,132,109,1.711469957068211,0.9303480337910017,24.0,3.5296025965720452,2.436955746154759,4.188109147549676,-1.8791764961687347,0.4935111882303175,30.212407704391104,36.476252762052624,3289.562,Healthy
B0018,24,132,108,1.7075021373272627,0.9281911432892532,24.0,3.5289707694229833,2.4671365731790718,4.188302415854336,-1.8780560689384003,0.494731682617585,30.125011009636175,36.37720890237669,3283.797,Healthy
B0018,25,132,107,1.7492382064360228,0.9508786989037352,24.0,3.5322741848919814,2.4129371999368505,4.18962510592865,-1.8993718818269214,0.4567200125973096,30.22428629982563,36.64000948247426,3325.235,Healthy
B0018,26,132,106,1.7327697147429957,0.9419264945119286,24.0,3.532438322521663,2.3497771039810256,4.190150750158746,-1.8926958551018207,0.4705544011293551,30.976376254737342,37.38165499248184,3317.547,Healthy
B0018,27,132,105,1.7222313328292376,0.9361978734208528,24.0,3.5363211310943603,2.4904700018477026,4.189151018945234,-1.8783667048362822,0.4958526515854287,31.415702913300986,37.59824760372582,3311.766,Healthy
B0018,28,132,104,1.711846298984729,0.9305526117098951,24.0,3.53353527421993,2.4650908929255406,4.189631312089484,-1.8708343396819402,0.5085963634369716,31.383299841535273,37.56055515516341,3305.218,Healthy
B0018,29,132,103,1.699267835126687,0.9237150104595133,24.0,3.527012841842043,2.363133281953362,4.187690359657657,-1.8696567234639716,0.510458501473927,31.167937826253638,37.52114200586718,3295.453,Healthy
B0018,30,132,102,1.6940366439243106,0.9208713564243278,24.0,3.52925730014011,2.4790616361836206,4.190215357888677,-1.8623726014599724,0.5227478974145736,30.994690437264207,37.21887096740918,3287.0,Healthy
B0018,31,132,101,1.6819027078768087,0.9142753986645568,24.0,3.527821497534469,2.491905723274248,4.189776104976122,-1.8547843408980225,0.5352863944103575,31.055317978554886,37.33441415744885,3276.922,Healthy
B0018,32,132,100,1.6769770618433686,0.9115978377272842,24.0,3.525692957415014,2.4337177596826547,4.189846430994002,-1.8538766950740675,0.536947140227542,31.373945543706103,37.7331798444306,3268.687,Healthy
B0018,33,132,99,1.6655229306478936,0.9053714190907871,24.0,3.524396248234728,2.4424506461535755,4.188109551881256,-1.845735037450336,0.5490915965506679,31.56128410753226,37.84649344841882,3260.594,Healthy
B0018,34,132,98,1.6571924575832084,0.9008430081746206,24.0,3.520797576383474,2.4383419399858552,4.186368648390758,-1.8382538558498933,0.5602053123990604,31.318474723902874,37.6701649416618,3258.812,Healthy
B0018,35,132,97,1.6482241555294048,0.8959678760417183,24.0,3.519457281260753,2.4157245398944123,4.1901657245031085,-1.8435676915974055,0.5523858583153195,31.104012325043954,37.53185198546868,3243.422,Healthy
B0018,36,132,96,1.6387701497987262,0.890828717386516,24.0,3.513165600287965,2.323395712524894,4.189966178473989,-1.83704467002657,0.5623536642493775,30.989730398009076,37.593333753421376,3236.515,Healthy
B0018,37,132,95,1.6276486907262062,0.8847831379486331,24.0,3.517217159454334,2.4985039496028567,4.188259618341401,-1.8211904293154166,0.5854202439037296,30.967851972472324,37.36141011067826,3230.734,Healthy
B0018,38,132,94,1.62215370227252,0.8817960848119549,24.0,3.5120091114107965,2.350237238739749,4.18974005757658,-1.8270453339799269,0.5775148427624969,31.285342046153826,37.89980324671546,3222.093,Healthy
B0018,39,132,93,1.6140066510467586,0.8773673812534852,24.0,3.50911052654104,2.3337740352348813,4.1862359225351335,-1.819052179250902,0.5883016026735614,31.41096207271253,38.03149707759718,3220.344,Healthy
B0018,40,132,92,1.6760516154424625,0.9110947688677309,24.0,3.516106699716392,2.317647291087635,4.189625262426538,-1.8693745969498121,0.5115312648072848,30.755137125871208,37.42220155418978,3250.75,Healthy
B0018,41,132,91,1.649300642552199,0.8965530499624886,24.0,3.519010068254593,2.492394514304757,4.186586244011676,-1.839770443871628,0.5578305966902095,30.977446633931525,37.32511174435206,3239.344,Healthy
B0018,42,132,90,1.63238299185809,0.8873566845839289,24.0,3.5124212742229295,2.372828310153791,4.189366482043888,-1.837963396328485,0.5605506174973947,30.800512192698992,37.31088262198154,3222.25,Healthy
B0018,43,132,89,1.6164159719025777,0.8786770781673725,24.0,3.50815215295169,2.3560703177076867,4.188553804618968,-1.8296109578903785,0.5729052675059204,30.616192795676138,37.23234655688736,3206.157,Healthy
B0018,44,132,88,1.6109028378249377,0.8756801611440992,24.0,3.508648568515266,2.4644431530094417,4.188764708195774,-1.8210831511954937,0.5849188022567446,30.399839302766903,36.94850857727268,3197.969,Healthy
B0018,45,132,87,1.5954638693695655,0.8672876013525023,24.0,3.5051993439595477,2.4195167274486726,4.188636968174337,-1.8199201144788144,0.5868385117109034,30.38386825126278,37.002663545357386,3181.625,Healthy
B0018,46,132,86,1.726707440085764,0.9386310669267912,24.0,3.523165280193865,2.3422406504312434,4.188466199744378,-1.8951156248467713,0.4646171251346768,30.576239500422755,36.71025442949399,3302.36,Healthy
B0018,47,132,85,1.7165673917429751,0.9331189783275734,24.0,3.527269876472835,2.3755467142668496,4.189570916346704,-1.8867694858233446,0.4791257929311746,30.705906284556665,36.72807623650589,3285.812,Healthy
B0018,48,132,84,1.6958235570934848,0.9218427150781159,24.0,3.526762654741574,2.414629137532592,4.189584987657955,-1.8786631828974334,0.49407846014370227,30.62583594950684,36.72959308355185,3260.016,Healthy
B0018,49,132,83,1.6777783190792557,0.9120333978672035,24.0,3.523020179476104,2.3844645496129964,4.189371286385834,-1.870474802329599,0.5082058740243448,30.597357068657974,36.787462351640364,3240.031,Healthy
B0018,50,132,82,1.6606586897774192,0.9027272377477012,24.0,3.5197923457982654,2.398646371281655,4.187606340824144,-1.8562833971202242,0.5326432027762483,30.528493896066262,36.75689163314213,3232.265,Healthy
B0018,51,132,81,1.6664109274827466,0.9058541305201675,24.0,3.5251014582287223,2.4557130111721626,4.188829347125095,-1.8625354754370638,0.5221704114976312,31.203754246103966,37.35015763097096,3232.031,Healthy
B0018,52,132,80,1.6468336174407805,0.8952119852524466,24.0,3.518519199837846,2.323665882820083,4.189202115880737,-1.8606833274060013,0.5248684995787435,31.172639449335037,37.48126030855565,3209.5149999999994,Healthy
B0018,53,132,79,1.6257639928779952,0.8837586239452574,24.0,3.5190801794284594,2.488054079510012,4.186778882107656,-1.8383636766891702,0.5595108894052471,30.96825922704022,37.12544389762631,3196.125,Healthy
B0018,54,132,78,1.6121577411874597,0.8763623214537783,24.0,3.5114167272902406,2.3306937114568003,4.187888599491238,-1.8436958588115402,0.5517155422065936,30.821704306343126,37.19112571388883,3172.562,Healthy
B0018,55,132,77,1.6057366823755344,0.8728718602769053,24.0,3.5108038681605738,2.389399831578687,4.18915752014188,-1.8362729789790888,0.5631945663434421,30.765219721637393,37.17642722353301,3172.735,Healthy
B0018,56,132,76,1.673645314879889,0.9097867137728374,24.0,3.5143261179075496,2.4864200723178747,4.191289655270872,-1.8646902787950443,0.5189834946907256,30.809988428281613,37.11936678632194,3238.109,Healthy
B0018,57,132,75,1.6404348572349936,0.8917336455062137,24.0,3.5196664048265602,2.4673631110639858,4.190628233635541,-1.8572649157581866,0.5309019686925572,31.03903359070028,37.2702464066457,3191.063,Healthy
B0018,58,132,74,1.6132653317422077,0.8769644031266698,24.0,3.512403849382274,2.375173080957567,4.189158279329032,-1.8483454421357695,0.544955976023811,31.04176453157222,37.39550861947664,3165.828,Healthy
B0018,59,132,73,1.5920964324686278,0.865457076494754,24.0,3.5077862234460104,2.371626022111289,4.185868202467219,-1.839168422289249,0.558982777511567,30.959784195511766,37.378956702246384,3140.407,Healthy
B0018,60,132,72,1.5866011820698824,0.8624698809658183,24.0,3.5076596102713244,2.463955873060647,4.186906972044146,-1.830332610270234,0.5717503704578598,30.843513277103145,37.245718322158105,3131.922,Healthy
B0018,61,132,71,1.580076649033625,0.8589231716259217,24.0,3.5074833565874615,2.475545296633258,4.189576283423886,-1.829290599843924,0.573513693345493,30.797157400797865,37.21755583353321,3121.109,Healthy
B0018,62,132,70,1.5641732953289167,0.8502781739216069,24.0,3.5023865933440717,2.3791563087604626,4.189808713646982,-1.8278449003095165,0.5753377250326289,30.984434580754094,37.56150979821064,3105.265,Healthy
B0018,63,132,69,1.555618272193922,0.8456276985102167,24.0,3.503693493885047,2.4776158338943337,4.188889298039903,-1.8188198987741453,0.5879523768419997,30.967899275139946,37.4174791317661,3091.25,Healthy
B0018,64,132,68,1.5402045278637395,0.8372488504493909,24.0,3.4989948462048113,2.4205549690097223,4.188220838257245,-1.817194042260449,0.5899823940553199,30.976616345195186,37.55101533655474,3076.703,Healthy
B0018,65,132,67,1.5321613015959863,0.8328765857113298,24.0,3.495405576723954,2.415388497112405,4.186454063976498,-1.8157980815469457,0.5920349096110298,30.89768961926806,37.59895044072871,3062.328,Healthy
B0018,66,132,66,1.5316232403693415,0.8325840978401867,24.0,3.494528300232307,2.3974205597873093,4.1895672733133145,-1.822108117298183,0.5832853420027148,30.815688222379325,37.48923978216981,3050.563,Warning
B0018,67,132,65,1.5222595950771978,0.8274940587479521,24.0,3.4962554827793926,2.497752653580319,4.189297764105604,-1.8129628028687816,0.5964398762316433,30.726188079151118,37.37911114363861,3034.672,Warning
B0018,68,132,64,1.5065267126851285,0.8189417285484782,24.0,3.48769646191346,2.3726090777895896,4.186793087812023,-1.8044876731207795,0.6077218695085601,30.76818712651005,37.559604168615785,3031.25,Warning
B0018,69,132,63,1.5014219556532926,0.8161668036087003,24.0,3.486547580844067,2.36844257542991,4.188594535127793,-1.809986175960184,0.6005171816917168,30.775415173787835,37.61805450748922,3011.343,Warning
B0018,70,132,62,1.4963534117486457,0.8134115639760109,24.0,3.482298183882304,2.331968556073514,4.186295492358637,-1.8090400456598725,0.6015346118668679,30.761821976538275,37.71101994346608,3003.0,Warning
B0018,71,132,61,1.5334262000312422,0.833564179301463,24.0,3.491819481711868,2.4057755306304176,4.187384370589753,-1.8273691233501441,0.5765261995920948,30.913721930762733,37.767989299214086,3045.187,Warning
B0018,72,132,60,1.523845267514426,0.8283560237670397,24.0,3.493995853241935,2.4720838848798987,4.188929264481706,-1.8180385592622932,0.5895707990203048,31.228215653165606,37.91919394450186,3028.469,Warning
B0018,73,132,59,1.501192099426124,0.8160418547084186,24.0,3.484377015629623,2.342731326096539,4.185269759332432,-1.8085351614741645,0.6029133604760181,31.261679783387308,37.99328509003338,3012.937,Warning
B0018,74,132,58,1.492417671450291,0.811272111727396,24.0,3.4859116793558376,2.4198650452188226,4.18799771486628,-1.8068041184926535,0.6047203809473584,31.18408593575448,37.984838024989045,2998.875,Warning
B0018,75,132,57,1.483323851940123,0.8063287488211445,24.0,3.484278753976679,2.438879997223475,4.187899339921793,-1.8050190987020625,0.6069178832141437,31.001432353085377,37.8288851383529,2983.547,Warning
B0018,76,132,56,1.4807376792294196,0.8049229159658786,24.0,3.4829886521206714,2.430465824271706,4.1882916128809375,-1.8118563821702207,0.5981252434394352,30.981374033120872,37.844837975501,2966.86,Warning
B0018,77,132,55,1.4735077809902477,0.8009927730010292,24.0,3.483799876979844,2.4907267597860656,4.187409532380725,-1.8021525551783737,0.6115114596412922,31.088687926688607,37.8984610468502,2954.797,Warning
B0018,78,132,54,1.46801928526661,0.7980092492857175,24.0,3.4787540756450497,2.367832802864477,4.188656943531829,-1.8092953592546854,0.6015709818366892,31.336420133762665,38.27784043980244,2945.735,Warning
B0018,79,132,53,1.458092355711902,0.7926130111836915,24.0,3.475219435178451,2.3532703553328904,4.188198669984733,-1.8000309691416814,0.6137236339762075,31.225999871035654,38.24434303919528,2941.375,Warning
B0018,80,132,52,1.44786609888914,0.7870540600091139,24.0,3.470739535801023,2.362897904778893,4.184528192003684,-1.7981302589297095,0.6158664083527366,31.037323488688802,38.06956259266949,2923.953,Warning
B0018,81,132,51,1.4527808777541982,0.7897257135983228,24.0,3.474600910003521,2.420200016704328,4.1927676322495895,-1.8058248446047425,0.6059608523475356,30.811349225731828,37.81744565252647,2921.031,Warning
B0018,82,132,50,1.4425356364492432,0.7841564425372595,24.0,3.4740521567700093,2.472605886588914,4.187873640279204,-1.795955865281378,0.6194837327474192,30.932223179746046,37.90256777035479,2902.75,Warning
B0018,83,132,49,1.4392712877203313,0.7823819559860882,24.0,3.475075728648004,2.483165462226557,4.1880559282136725,-1.7951057003644757,0.6202550885933535,31.215527070380897,38.16628336469349,2897.875,Warning
B0018,84,132,48,1.4286475681888218,0.7766069457167767,24.0,3.472424307596416,2.434198683008624,4.188063095530185,-1.7940097981352856,0.6219148875143559,31.400797084337558,38.36789486715962,2892.094,Warning
B0018,85,132,47,1.4249026750004896,0.7745712371727071,24.0,3.471751102262539,2.497859027600416,4.185913481526783,-1.7841592631620102,0.6336068636911543,31.259213269721236,38.19823604401131,2886.921,Warning
B0018,86,132,46,1.4698115324524124,0.7989835074890195,24.0,3.4745407296058963,2.374740845794832,4.187259539606346,-1.8136320536623207,0.5958586431455523,31.134701292957466,38.09998280757164,2942.531,Warning
B0018,87,132,45,1.4525819651050202,0.7896175854998455,24.0,3.471720060423485,2.3589340839760866,4.187670932765983,-1.810960446087532,0.5992123003543539,31.246879695988095,38.21452378284136,2912.469,Warning
B0018,88,132,44,1.442834198908794,0.7843187398630523,24.0,3.4713984098288235,2.4413266342198545,4.187836103953847,-1.800802328247715,0.6128154420706069,31.027558674438325,37.93969653616424,2895.594,Warning
B0018,89,132,43,1.428376058807949,0.7764593543333537,24.0,3.4626491088970703,2.311419659807122,4.18719517574786,-1.798647877727257,0.6152244037239007,30.931917385258963,38.06666733482501,2884.406,Warning
B0018,90,132,42,1.4154547844370715,0.7694354026972918,24.0,3.466072725920186,2.495315923820125,4.183339938829854,-1.7804067367547436,0.6384555022191082,30.667082236656018,37.63260475617888,2873.766,Warning
B0018,91,132,41,1.454576670077708,0.7907018989239106,24.0,3.4730670533412877,2.4398479869382084,4.192209704853633,-1.8167125180994765,0.5918312151441142,31.226789107710772,38.18223603956323,2893.375,Warning
B0018,92,132,40,1.4283179548274056,0.7764277692483623,24.0,3.4668548162926327,2.376538319699514,4.186622455926472,-1.7981268087177564,0.6165234637062809,31.387733116648285,38.3907466519188,2884.9839999999967,Warning
B0018,93,132,39,1.4197026883204058,0.7717445457875761,24.0,3.46527367520258,2.3722299202290382,4.186945959000922,-1.7964439222994821,0.618937124028915,31.505666838292886,38.51622654624205,2870.234,Warning
B0018,94,132,38,1.4155606630306516,0.7694929578655557,24.0,3.4638878223448684,2.361475505115684,4.18744003081614,-1.795371462470329,0.6199586104036519,31.5462258449116,38.56612180540248,2864.11,Warning
B0018,95,132,37,1.405680035419228,0.7641218893095784,24.0,3.457807923440064,2.317937855025735,4.1845980039811215,-1.7937175263130196,0.6226970471134031,31.389977882297476,38.5606541602861,2846.64,Warning
B0018,96,132,36,1.4084461071166137,0.7656255145145431,24.0,3.459813554486507,2.3372859753156225,4.186742025132256,-1.8014517734888207,0.6120664216870488,31.385433749863733,38.53842073636507,2839.532,Warning
B0018,97,132,35,1.3968547782872414,0.7593245158082003,24.0,3.458027727779737,2.35288102649522,4.1871520936423146,-1.7915215753378781,0.6250407299756072,31.423707199142058,38.548873480234754,2832.703,Warning
B0018,98,132,34,1.3935670371440676,0.757537313236789,24.0,3.4613996718507845,2.4646122144537173,4.187096292904282,-1.7816941240706174,0.6376654439726294,31.435368910968148,38.45838357496903,2827.077999999994,Warning
B0018,99,132,33,1.3893644292809475,0.7552527928769072,24.0,3.4611285476693214,2.4684655225527004,4.187367312766795,-1.779737998541223,0.6402225139571769,31.542375291159843,38.54382874673793,2821.531,Warning
B0018,100,132,32,1.378565141566671,0.7493823444651037,24.0,3.455556822823358,2.409292353940073,4.18534593452204,-1.7856528650965158,0.6326884615160128,31.52669677306915,38.650883957434026,2805.156,Warning
B0018,101,132,31,1.384901110085747,0.7528265509085411,24.0,3.459598362944341,2.477625480372779,4.186646524222555,-1.7784070647657095,0.641138761124272,31.435921914290375,38.45654834997334,2814.906,Warning
B0018,102,132,30,1.3703251814242443,0.7449031360014301,24.0,3.4506569891269216,2.335608852853518,4.184730834033599,-1.7778412667349817,0.6428335150293821,31.475238112886494,38.6564130442344,2801.156,Warning
B0018,103,132,29,1.3733464385229082,0.7465454789416088,24.0,3.455515243082573,2.441999086782534,4.187175976285891,-1.7764462760420034,0.6441113795474609,31.5817445550721,38.655587491253975,2794.187,Warning
B0018,104,132,28,1.3679487285504814,0.7436113059874873,24.0,3.455840338587253,2.465168783147216,4.186108406696249,-1.7752748972563315,0.6454613276661518,31.647958536134297,38.6997087046862,2785.391,Warning
B0018,105,132,27,1.3567141087089647,0.7375042128207167,24.0,3.448678293668265,2.370892032033162,4.183460397462309,-1.774201326872465,0.6466846597520867,31.662032275252905,38.87481687744787,2779.5,Warning
B0018,106,132,26,1.4604310209194575,0.7938842999776075,24.0,3.4745031786447553,2.461879783248223,4.187091541628412,-1.8196650877007408,0.5878693389724974,30.434500875864142,37.36397452607736,2899.234,Critical
B0018,107,132,25,1.4500998937104097,0.7882683416921069,24.0,3.474031881945217,2.424706636890725,4.18736921126964,-1.8096836854216038,0.6016441539956099,31.017997058077018,37.88258787662229,2894.922,Critical
B0018,108,132,24,1.4381406901824496,0.7817673678117336,24.0,3.474404210386772,2.444722297403138,4.187597633155394,-1.7993287687468957,0.6146655593877023,31.39483761465523,38.15898073660424,2888.25,Critical
B0018,109,132,23,1.4283681980964316,0.7764550812828837,24.0,3.471767043833224,2.443569395327192,4.187608979498198,-1.7959419603883284,0.6188320217766714,31.24511885640641,38.05243159675446,2873.906,Critical
B0018,110,132,22,1.4147874517552432,0.7690726433944718,24.0,3.4685305272975935,2.4666000274194886,4.186194120124063,-1.7956017209600372,0.6197305988329743,31.05306925187263,37.89096376444466,2847.406,Critical
B0018,111,132,21,1.413889163393182,0.7685843375332035,24.0,3.4651213646662598,2.4272514813701016,4.186991375693876,-1.7929541659933774,0.6231537508776085,30.88589263299332,37.81203585126145,2849.281,Critical
B0018,112,132,20,1.3989331662177225,0.7604543189441492,24.0,3.465287985947589,2.4762628371779,4.185443351643291,-1.784474211719448,0.6337843829348875,31.053992379018933,37.9591954678784,2833.688,Critical
B0018,113,132,19,1.3953322584033976,0.7584968802575487,24.0,3.461799526154992,2.3607989727330003,4.186308413669027,-1.793581043096934,0.623462474737998,31.492840068071885,38.52104349883516,2826.453,Critical
B0018,114,132,18,1.390046129540245,0.7556233623357825,24.0,3.463260140320492,2.377011586588198,4.187179397572641,-1.7920645354970144,0.6248397802525874,31.93832684630049,38.87868799770175,2818.312,Critical
B0018,115,132,17,1.3860271454209647,0.7534386590882801,24.0,3.462839429201602,2.456756319667845,4.1854460754417,-1.7809541104468565,0.6378101640549725,31.74562722135923,38.65118899876309,2812.7189999999973,Critical
B0018,116,132,16,1.388215260193751,0.754628109284682,24.0,3.4569152237960306,2.3277314025979847,4.193052368415502,-1.7989851707207014,0.6150607583595225,31.31018499405759,38.434235278537344,2803.5,Critical
B0018,117,132,15,1.3761826562394497,0.7480872352342567,24.0,3.4574690175816127,2.4537913827403948,4.186241953638429,-1.7873231599598716,0.6298747207649471,31.127360345471814,38.10387572433,2783.25,Critical
B0018,118,132,14,1.3647168898640163,0.7418544917617598,24.0,3.4502191781217797,2.3475608877759067,4.186011006323472,-1.7861666392556754,0.6315209990588402,30.985550813719595,38.12742842632319,2776.391,Critical
B0018,119,132,13,1.3589854739373584,0.7387389176225918,24.0,3.4486728051793962,2.3558347560196564,4.18675624032869,-1.7849995504167617,0.6324083126317878,30.899653280757406,38.03962943213698,2766.516,Critical
B0018,120,132,12,1.34623087640088,0.7318055708285964,24.0,3.444632719716698,2.379110236294476,4.1831553230638425,-1.7783310205058362,0.6409763052863646,30.706123644966482,37.85657903247749,2751.516,Critical
B0018,121,132,11,1.4268427818454643,0.775625871278969,24.0,3.467272639213176,2.444740635238248,4.191989955143364,-1.809775952165901,0.6013127924655565,30.47122187456595,37.43017193410286,2848.859,Critical
B0018,122,132,10,1.4064481483279665,0.7645394323294971,24.0,3.464490491162134,2.431867772331712,4.185628679672912,-1.7896694300229212,0.6274028594881518,30.939221783021114,37.8264149292754,2840.016,Critical
B0018,123,132,9,1.3934907492075153,0.757495843428055,24.0,3.459667012281024,2.344037291947413,4.186834478731371,-1.79700972481249,0.6177710945055984,31.111640631561894,38.08307173716899,2817.375,Critical
B0018,124,132,8,1.3882493512249316,0.7546466410291032,24.0,3.462241956955771,2.456436863057259,4.186613091061155,-1.7861513769566686,0.6312740378102863,31.037910219908994,37.88279649093536,2809.234,Critical
B0018,125,132,7,1.3701878338420928,0.7448284744203296,24.0,3.4555661695067355,2.395547668334432,4.183907160253637,-1.784162084841115,0.6340096391052586,30.967950840538833,37.96027066990377,2791.187,Critical
B0018,126,132,6,1.379695166560862,0.7499966214070614,24.0,3.458696199585801,2.453674917297921,4.18533882899107,-1.7845257009241222,0.6341667224930294,30.93996203578424,37.880513353762176,2794.016,Critical
B0018,127,132,5,1.3686586323935683,0.7439972067985817,24.0,3.4525282614097663,2.3062728144586413,4.185280284017658,-1.7920667435100546,0.625132688002326,31.295019295352862,38.43416278222213,2774.719,Critical
B0018,128,132,4,1.3627371779096438,0.7407783284808231,24.0,3.4552290080443044,2.3471092023857154,4.186281579801858,-1.7827798732717042,0.6367021285636031,31.81846533166901,38.847489737859576,2777.844,Critical
B0018,129,132,3,1.3634051133928071,0.7411414154639712,24.0,3.4619744219744675,2.4884289104730986,4.185356132672309,-1.7725212915953121,0.6488383119287078,32.00067162597675,38.80283421497622,2781.125,Critical
B0018,130,132,2,1.3518646035305233,0.7348680417392499,24.0,3.452221905520614,2.3992178234155577,4.181406543107895,-1.769870119236631,0.6514922165839537,31.73992229230571,38.72699121838442,2760.906,Critical
B0018,131,132,1,1.3547969729652622,0.7364620657106853,24.0,3.4476500494421916,2.278633888650029,4.185252405343103,-1.7884847819526568,0.6286723328477213,31.52613649688221,38.67191958148309,2753.25,Critical
B0018,132,132,0,1.341051440640485,0.7289900508389352,24.0,3.447928507599004,2.365584676338373,4.185763363191996,-1.77774044867741,0.6422823524717661,31.27624493654335,38.371813640118894,2742.843,Critical
B0025,1,28,27,1.847011162956716,0.9999458537035051,24.0,3.400080836543819,1.9182683747066007,4.196965327364252,-1.0680263652396946,1.7777687414266676,33.13281956573637,41.81748104839704,6515.422000000006,Healthy
B0025,2,28,26,1.8485654344528384,1.0007873144208237,24.0,3.4067357604110753,1.8939610306669548,4.202556431495687,-1.0683949803553137,1.7779202613460972,32.848310333012144,41.50441060959557,6516.219,Healthy
B0025,3,28,25,1.847111177186175,1.0,24.0,3.407792325190085,1.82462740970999,4.202713117217314,-1.071886802134967,1.7795472187375723,33.07297579198606,41.67077619357013,6489.5,Healthy
B0025,4,28,24,1.8489837601535537,1.001013790068788,24.0,3.425685226676254,1.9612044915457985,4.203084581094102,-1.069881568315977,1.7787946975419038,33.12836651135456,41.58349706133725,6471.25,Healthy
B0025,5,28,23,1.837012071856044,0.9945324864822076,24.0,3.4102415310941074,1.7869386268841287,4.200058863569411,-1.0696478002906964,1.778148458609166,33.20066590827124,41.82908827830225,6466.672,Healthy
B0025,6,28,22,1.817549211247137,0.9839955676170659,24.0,3.3956511580583038,1.9399607811955053,4.178122904439056,-1.0609975004031984,1.7740420583153085,32.8030291471027,41.15307253815554,6410.672,Healthy
B0025,7,28,21,1.839863822522073,0.9960763841648436,24.0,3.3987545550856617,1.7632585904014149,4.198227921922519,-1.070055639766417,1.778445628990846,32.70663040910488,41.167510218490015,6474.156,Healthy
B0025,8,28,20,1.8430595619731431,0.997806512535318,24.0,3.4107861698937034,1.7411634552856723,4.201052747751877,-1.0673189298080559,1.7768655233237627,32.88774741633189,41.40744159178738,6460.75,Healthy
B0025,9,28,19,1.8401871729536057,0.9962514415385016,24.0,3.4362212866947472,1.990361763373611,4.2014816169511375,-1.0619524466901569,1.7746976311944664,32.85054388832057,41.089112912518665,6448.907,Healthy
B0025,10,28,18,1.8281265632888255,0.9897219971749237,24.0,3.429899192703782,1.8524105657072527,4.201461223125712,-1.0617949104462785,1.7743671647253518,33.21344988692114,41.56081694228564,6447.125,Healthy
B0025,11,28,17,1.8253563336445804,0.9882222338263714,24.0,3.406197718925981,1.7970500760271888,4.190430872833885,-1.0616392954595641,1.7741491671215104,32.54793058844526,41.027186904575295,6431.219,Healthy
B0025,12,28,16,1.8214180552626156,0.9860901053272281,24.0,3.431364532702854,1.9099130781506344,4.197641122625931,-1.0590758191027096,1.7730500834196778,32.95568065114475,41.20659187421087,6442.203,Healthy
B0025,13,28,15,1.830315627968932,0.990907125989661,24.0,3.437199999112006,1.934448897147264,4.200877212432817,-1.0596169539874956,1.7733730839330974,33.31259035127085,41.45812420664237,6427.079,Healthy
B0025,14,28,14,1.8175491643824844,0.9839955422452024,24.0,3.4349851634526334,1.8425883947903756,4.20189282071032,-1.0597552847363263,1.7732310742391166,33.27639301328207,41.50830652935,6417.156,Warning
B0025,15,28,13,1.810901200296979,0.9803964280350699,24.0,3.4358715577304486,1.828585254411004,4.200832471783116,-1.059854592361014,1.7731845302907105,33.13052620279671,41.36968179986157,6398.907,Warning
B0025,16,28,12,1.8083032603084237,0.9789899398817618,24.0,3.437200278486185,1.8355395996102943,4.200683407820828,-1.0604451363745762,1.773480150448241,33.262538649813465,41.46226760798129,6384.75,Warning
B0025,17,28,11,1.7928016149381063,0.9705975672071878,24.0,3.388736246577245,1.949278391612896,4.176908127442872,-1.061164896269225,1.7744748702177056,33.4559068625216,41.32045149274522,6284.063,Warning
B0025,18,28,10,1.812563150045885,0.9812961842432683,24.0,3.3997812429989795,1.7363301713780446,4.198430576015103,-1.0644657893096274,1.775607129268032,33.359161719231366,41.29100352861782,6370.937000000005,Warning
B0025,19,28,9,1.807772607491239,0.978702651913534,24.0,3.4092528162288933,1.7105280581137303,4.201378297006623,-1.0636693462251967,1.7750785393458162,33.19907517017467,41.08913600776219,6359.812,Warning
B0025,20,28,8,1.8048055175003967,0.9770963111434228,24.0,3.413290161572333,1.6755342791432477,4.201267329262803,-1.063944284256531,1.7751508293862674,33.10915637159371,41.02067280816404,6346.156,Warning
B0025,21,28,7,1.800538555899242,0.9747862381744231,24.0,3.418321145613461,1.6704419000715314,4.201007650907643,-1.0644931821377202,1.775224602433338,32.8730319628199,40.73588950026045,6328.172,Warning
B0025,22,28,6,1.7942356098033032,0.9713739118489767,24.0,3.422800244593675,1.7016507714607274,4.200640308563649,-1.0611486398597036,1.773594506046923,32.8903015920882,40.76227622359968,6326.062,Warning
B0025,23,28,5,1.807409052434889,0.9785058283217327,24.0,3.4103062616510487,1.8891035060983297,4.199028873312285,-1.057828326267502,1.7726555367717092,32.07013291213046,39.71112605386658,6352.843,Critical
B0025,24,28,4,1.7902504816962077,0.9692164195678861,24.0,3.4104689136383888,1.756482386846181,4.200691577023061,-1.0619681305424282,1.7743523368104892,32.18349666127279,39.797043058510575,6309.172000000006,Critical
B0025,25,28,3,1.7961223845359495,0.9723953851397835,24.0,3.4208452515825636,1.8323981556137667,4.199965507353377,-1.0623591353414312,1.774906253657654,32.133961271398654,39.64019141128942,6284.297,Critical
B0025,26,28,2,1.7912236690350776,0.9697432894991007,24.0,3.426965494192803,1.89712686584404,4.200628533399999,-1.0638074812423732,1.7755495210247358,32.19734869129393,39.75344188854835,6265.969,Critical
B0025,27,28,1,1.7854822365303245,0.9666349587306737,24.0,3.4343195510923628,1.9934958310371556,4.200021709929957,-1.0603658561835867,1.7742108649511334,32.128660226085096,39.57317189988566,6266.641,Critical
B0025,28,28,0,1.7677890780323615,0.9570561316863179,24.0,3.379891621690332,1.9679550948765452,4.179880908916163,-1.0606190479243294,1.7742160469852117,32.16680073898097,39.45687787991913,6198.75,Critical
B0026,1,28,27,1.8132504303869896,0.9994262933306116,24.0,3.404890220315493,1.98069037313681,4.185453870728775,-1.0495360191773455,1.767567523394696,32.764485625071856,40.711455499237935,6515.422000000006,Healthy
B0026,2,28,26,1.8149760087078304,1.0003773965627678,24.0,3.418631404129339,1.9296821070764223,4.191986600147927,-1.0501897262481417,1.767711658697259,32.560591865941106,40.56984371986605,6516.219,Healthy
B0026,3,28,25,1.8135354175561995,0.9995833723889684,24.0,3.4453022579697716,2.169258771295841,4.19141376026019,-1.0474152615120336,1.7662686400716856,32.70948277164228,40.42073541309615,6489.5,Healthy
B0026,4,28,24,1.815149273310334,1.0004728964432827,24.0,3.4281919482774947,1.898741105703338,4.188502919522219,-1.0511342688931857,1.7682034784178895,32.89402601565415,40.839359753382105,6471.25,Healthy
B0026,5,28,23,1.81429130140682,1.0,24.0,3.433945869545595,1.9095478812878095,4.191429313781171,-1.051239794627214,1.768292784484009,32.88851048708752,40.762597974826,6466.672,Healthy
B0026,6,28,22,1.3863373424430123,0.7641205915323698,24.0,3.2986715430208906,2.044256084427152,3.986547462246525,-0.8176606997984733,1.6195870070782301,31.60887613480477,39.78739652537364,6410.672,Healthy
B0026,7,28,21,1.8165277958816064,1.001232709693891,24.0,3.395711592779412,1.8584184081271529,4.1842030048921135,-1.051071206615797,1.7682729564539332,32.4909596779559,40.12859054534907,6474.156,Healthy
B0026,8,28,20,1.8085638576011065,0.996843150931015,24.0,3.4209107644287986,1.9288388497995343,4.189253474215399,-1.048981367462035,1.7670491246996236,32.63416073863936,40.39287009990307,6460.75,Healthy
B0026,9,28,19,1.804936077644182,0.9948435933328987,24.0,3.4290052342029878,1.935441772448038,4.190404777859946,-1.0490946281054965,1.7671763467008779,32.646683898798194,40.37811271633581,6448.907,Healthy
B0026,10,28,18,1.8049315924982108,0.994841121212811,24.0,3.4422746572295977,2.084244057146889,4.188068725985081,-1.0429437842976168,1.7636854873694179,32.95341147758712,40.6345527951007,6447.125,Healthy
B0026,11,28,17,1.717679232699393,0.9467494174543454,24.0,3.391747147883427,1.896444377630184,4.137907749692748,-1.002108129626011,1.7406373925176062,32.14122281811957,40.0980220096873,6431.219,Healthy
B0026,12,28,16,1.809804813280106,0.9975271401437932,24.0,3.433128893119263,2.039907733440496,4.186123854255208,-1.046478428570111,1.7657546664531725,32.73498021932445,40.34748376711444,6442.203,Healthy
B0026,13,28,15,1.806556213274488,0.9957365787256246,24.0,3.4445618404708633,2.1312634408664395,4.1900980869893365,-1.0467914868488972,1.7658777336114757,33.077725434853896,40.65512551876581,6427.079,Healthy
B0026,14,28,14,1.7938155707698509,0.9887141989706437,24.0,3.435084142217923,1.8782785619868927,4.18806162606315,-1.0469850347811238,1.7658501093728307,33.067457381369145,40.78648924035223,6417.156,Warning
B0026,15,28,13,1.799304949381792,0.9917398314077748,24.0,3.4457210478614795,1.9640553148703688,4.1883484559434,-1.0475275600281526,1.7661700647299972,32.902717226956746,40.64545029611132,6398.907,Warning
B0026,16,28,12,1.7842197448470132,0.9834251773480427,24.0,3.4449342432242034,1.9028600928182504,4.18723267594963,-1.0476470565655591,1.7663344224544746,33.04143942038261,40.753548433947245,6384.75,Warning
B0026,17,28,11,1.6818819918515189,0.9270187155432925,24.0,3.348388974288582,2.066791178782658,4.116319031433004,-0.99787222854682,1.7387120496549204,33.28920270851618,40.90407080657346,6284.063,Warning
B0026,18,28,10,1.8007519383961936,0.9925373819517693,24.0,3.4115903895548496,2.1735697218309302,4.182977160580856,-1.05175253436239,1.7692390402604146,33.31828122927918,40.76016987388447,6370.937000000005,Warning
B0026,19,28,9,1.795972684272296,0.9899031555074317,24.0,3.4077180188358045,1.869998135001252,4.188680037627242,-1.0581306387784024,1.7724144061714373,33.24546150252619,40.86760057065783,6359.812,Warning
B0026,20,28,8,1.7931026940553298,0.9883212760072981,24.0,3.416993809879986,1.834360851438286,4.189566172290167,-1.0584303641401285,1.772485645772996,33.19381621015531,40.8457724786952,6346.156,Warning
B0026,21,28,7,1.8010267542068712,0.9926888547667823,24.0,3.4279308915459796,1.8588013920189888,4.191202777072821,-1.058835499937123,1.7727585147539215,32.950371591621256,40.61328442378913,6328.172,Warning
B0026,22,28,6,1.7824572301269948,0.9824537155333651,24.0,3.4504230620169447,2.1656553710973343,4.18738502716279,-1.048570222149277,1.7673902830948418,32.98142836772341,40.55411444614823,6326.062,Warning
B0026,23,28,5,1.7959303030608789,0.9898797958565397,24.0,3.4243550860962872,2.161441726851442,4.187376898822461,-1.0522245912177104,1.769369527275782,32.285643510120714,39.89740047610024,6352.843,Critical
B0026,24,28,4,1.7783142127341005,0.9801701696718589,24.0,3.419928142613709,1.8357784756785411,4.187719914558781,-1.0562946339613315,1.771008957052944,32.40988062398286,40.148009555945954,6309.172000000006,Critical
B0026,25,28,3,1.771719092984802,0.9765350754925589,24.0,3.4304184604928114,1.7730752055194368,4.187714468300498,-1.0562794361681302,1.770867877420283,32.395070835603484,40.16428171644192,6284.297,Critical
B0026,26,28,2,1.7790749489536772,0.9805894718087246,24.0,3.4416415585585702,1.803496921850417,4.188634886565279,-1.0570022650761444,1.771244383644024,32.48055490141574,40.34822918896084,6265.969,Critical
B0026,27,28,1,1.7733229782464677,0.9774191040167667,24.0,3.448941537538792,1.8019162984387032,4.188731148597371,-1.0532958143214939,1.769400594255141,32.39831599080119,40.155136061235744,6266.641,Critical
B0026,28,28,0,1.768754111010884,0.974900838492349,24.0,3.3679598202717265,2.094755756018166,4.16813557610843,-1.061746365944055,1.774560915889312,32.5316653403438,40.01460073648428,6198.75,Critical
B0027,1,28,27,1.8233077742149364,1.0049989619735884,24.0,3.415635388206693,2.4407952016086623,4.201942981365258,-1.048298128077691,1.7517030347394746,33.531461449042084,42.07194057268294,6515.422000000006,Healthy
B0027,2,28,26,1.814238465116796,1.0,24.0,3.405140913759623,2.4193060956450503,4.206957767652323,-1.049212058679183,1.7519905096454098,33.768115475386416,42.526459613766654,6516.219,Healthy
B0027,3,28,25,1.812859679313087,0.9992400195287336,24.0,3.425659661801085,2.4982363525248754,4.206087528624208,-1.0465273412198817,1.750533925426768,34.0575363030056,42.65704114936764,6489.5,Healthy
B0027,4,28,24,1.814424244673997,1.0001024008479442,24.0,3.4201699208239194,2.47983581845354,4.206597549468143,-1.050325186760964,1.752342226815099,34.34311925332076,43.07456793109374,6471.25,Healthy
B0027,5,28,23,1.812800333853042,0.9992073085807596,24.0,3.4180604683404985,2.4669313816061296,4.206708529635488,-1.0497801003401392,1.752059386913408,34.3900563067441,43.12836631992577,6466.672,Healthy
B0027,6,28,22,1.7946038703195293,0.9891775005464881,24.0,3.3978401981445576,2.492471012096456,4.182675464297748,-1.0476986183510903,1.7514526143020164,34.16207101391941,42.9279467397339,6410.672,Healthy
B0027,7,28,21,1.816519171293833,1.0012571148836766,24.0,3.3984422668226393,2.4232193266263646,4.202445131277022,-1.057277544603645,1.7566120097310605,33.65117316898919,42.34490965860999,6474.156,Healthy
B0027,8,28,20,1.819833556519024,1.0030839889627563,24.0,3.411384397730043,2.4791120561344835,4.207150334625055,-1.0548269593999815,1.7547868386653585,33.993154419553875,42.50145921854708,6460.75,Healthy
B0027,9,28,19,1.816980986440728,1.0015116652946476,24.0,3.40775629545449,2.428102703648056,4.206634870908589,-1.0553776405080413,1.7551577027864314,34.121102900157744,42.75456095698592,6448.907,Healthy
B0027,10,28,18,1.8047602710768988,0.994775662504054,24.0,3.4031041806987625,2.4202095510772232,4.206620391551443,-1.0554671306178591,1.7552082623367051,34.521504581092735,43.20868549225104,6447.125,Healthy
B0027,11,28,17,1.802177888140868,0.9933522647613188,24.0,3.38665218439762,2.3998890148152445,4.194991220811618,-1.0556702942579712,1.7554802594515793,33.91883669839733,42.59572185384836,6431.219,Healthy
B0027,12,28,16,1.810054375611175,0.9976937488725599,24.0,3.414036913012559,2.483742346997907,4.2023598960429815,-1.0529574586448567,1.753692819700695,34.20379110985749,42.63365730314649,6442.203,Healthy
B0027,13,28,15,1.8191618703574552,1.002713758601928,24.0,3.3945090590148355,2.382935984422233,4.206738745019596,-1.0601013419063348,1.7578623087315306,34.48622307207775,42.89197473994752,6427.079,Healthy
B0027,14,28,14,1.806344581230731,0.995648927063424,24.0,3.4204049256076163,2.4903839742860163,4.205268152663341,-1.0537206430621189,1.7542538727298096,34.40141739485764,42.73670303920533,6417.156,Warning
B0027,15,28,13,1.8120006378747944,0.9987665197905186,24.0,3.401908039296132,2.39789040439265,4.205946910651655,-1.0609023642037643,1.7580446537638015,34.3150259504104,42.71819238433457,6398.907,Warning
B0027,16,28,12,1.809238569578753,0.9972440802936448,24.0,3.407597938928066,2.41937557251393,4.205053312485709,-1.061328199408463,1.758243732998886,34.450526992415796,42.87852551010068,6384.75,Warning
B0027,17,28,11,1.7820717716005336,0.9822698646651219,24.0,3.3774091842080276,2.444119634453687,4.181855642136106,-1.061988907424718,1.7587620976684957,34.74150404461673,42.99196482622249,6284.063,Warning
B0027,18,28,10,1.8145504562341048,1.0001719680865044,24.0,3.3771878224396685,2.395925863485738,4.20282058770571,-1.0662806393885873,1.761029345141331,34.663008920131865,42.920147884014575,6370.937000000005,Warning
B0027,19,28,9,1.809153485164282,0.9971971821509217,24.0,3.390746744780089,2.408349641748691,4.206436642050531,-1.0653782286766844,1.7607495486480977,34.47643463041281,42.77821015998406,6359.812,Warning
B0027,20,28,8,1.806555150809371,0.9957649920585657,24.0,3.3939882666698242,2.399239705167686,4.20638281753962,-1.0657949875596555,1.7611886756981487,34.45771838499012,42.71393681070588,6346.156,Warning
B0027,21,28,7,1.802401655959492,0.993475604566381,24.0,3.3952705696224297,2.378335964879865,4.205465867894676,-1.0664883306260853,1.7617283965631718,34.276431502022604,42.66066961608101,6328.172,Warning
B0027,22,28,6,1.7964331683322998,0.9901858013007403,24.0,3.4104656511949063,2.437999478526856,4.206584936190674,-1.0632318841030186,1.7596150729784519,34.35292925698558,42.64239690775237,6326.062,Warning
B0027,23,28,5,1.8088036930508289,0.99700437832707,24.0,3.4006414041604756,2.484818012933219,4.202786069304105,-1.0590432103446814,1.7569657948549,33.64812848797218,41.86831727976231,6352.843,Critical
B0027,24,28,4,1.7915527748749651,0.987495750598381,24.0,3.403879368199544,2.456168013420922,4.206301818692852,-1.0635509942186294,1.7593696772789096,33.75077258934032,41.97207960495628,6309.172000000006,Critical
B0027,25,28,3,1.7853375192239571,0.9840699299190648,24.0,3.4141854712687336,2.4697995830050976,4.205750597989692,-1.0638261484808667,1.7596922829632649,33.72038549007088,41.92250461031742,6284.297,Critical
B0027,26,28,2,1.793209210325309,0.9884087702935275,24.0,3.4230599701504794,2.491582666091738,4.20589200120434,-1.0651012851496238,1.7598952235817955,33.812030459081335,42.14300769699952,6265.969,Critical
B0027,27,28,1,1.7873097711102113,0.9851570261989506,24.0,3.4023930606429906,2.394485973926669,4.205560793070628,-1.0684596107286113,1.7618655759929995,33.79680193008211,42.43039551713637,6266.641,Critical
B0027,28,28,0,1.7700926253324452,0.9756670136626671,24.0,3.3633791712406205,2.4249816079125552,4.186200185347402,-1.0694140697591354,1.762469716834803,33.92036482801563,42.033372446715575,6198.75,Critical
B0028,1,28,27,1.8046847720100736,1.0039308135326626,24.0,3.676492835528995,2.6151397684307285,4.181907184700754,-0.9970402880141495,0.9981246036068561,30.261078788805897,31.679728237853865,6515.422000000006,Healthy
B0028,2,28,26,1.804783321452588,1.003985635750665,24.0,3.677932362103996,2.578716047628789,4.186798367560072,-0.9969604106618353,0.997775042460827,30.023214006195516,31.42728999177483,6516.219,Healthy
B0028,3,28,25,1.797618668222458,1.0,24.0,3.681544140844236,2.679890873914289,4.186905629206883,-0.9970702802711341,0.9979615036198028,30.21665562692593,31.694210133469813,6489.5,Healthy
B0028,4,28,24,1.7929913687761174,0.9974258726123955,24.0,3.6819955552100256,2.674600586599544,4.1855363847405656,-0.9973030888189302,0.9978646208050663,30.363564779968748,31.849947051821637,6471.25,Healthy
B0028,5,28,23,1.7919180081592216,0.9968287712160481,24.0,3.6822366580622092,2.655983638577288,4.186483098548598,-0.9974129863341045,0.9984918841286045,30.383708693138953,31.89197660091397,6466.672,Healthy
B0028,6,28,22,1.775026135903797,0.987431966123827,24.0,3.6730621916612125,2.5587601304544574,4.167593667891115,-0.9966248234259864,0.9981374196310976,30.151543075778466,31.647839531181656,6410.672,Healthy
B0028,7,28,21,1.7920487852223417,0.9969015213857209,24.0,3.6821638997402064,2.684075980505414,4.183182085400848,-0.9963089849547179,0.9979003584816749,29.942877366572425,31.66717160096336,6474.156,Healthy
B0028,8,28,20,1.790475801581265,0.996026483943752,24.0,3.6829104616020185,2.692955180725203,4.1836584764239335,-0.9974947737184627,0.998319605847836,30.159672019699293,31.543075306784417,6460.75,Healthy
B0028,9,28,19,1.7868365091987264,0.9940019764957195,24.0,3.6830910997567576,2.664091579679959,4.186132992895621,-0.9972667051793968,0.9979770769232355,30.18503729745987,31.63889282611546,6448.907,Healthy
B0028,10,28,18,1.7871529619962183,0.9941780164996904,24.0,3.6823376400116725,2.599501054239839,4.18607245667024,-0.9977254189629399,0.9981580317350774,30.557366977302667,32.06283964981591,6447.125,Healthy
B0028,11,28,17,1.7816340617009505,0.9911078991311802,24.0,3.6779403019036363,2.5987712023407274,4.177617061522188,-0.9970949960183577,0.9983199938573333,29.87809290999813,31.17821904490572,6431.219,Healthy
B0028,12,28,16,1.7850235136604733,0.9929934224734998,24.0,3.6809827017477756,2.568337342317612,4.183570268917493,-0.9972732896654729,0.9981668219563096,30.329541918405045,31.830430244172504,6442.203,Healthy
B0028,13,28,15,1.7803865429693038,0.9904139150545238,24.0,3.6821031308211283,2.571655326217227,4.186886063009724,-0.9970037592871084,0.9977942776223829,30.67805955282036,32.176676996947776,6427.079,Healthy
B0028,14,28,14,1.7789060856417256,0.9895903492150335,24.0,3.68119828344271,2.5464403411304843,4.186431294608572,-0.9977226887954374,0.9983050777472949,30.61748146501738,32.101579055970326,6417.156,Warning
B0028,15,28,13,1.7738387518973049,0.9867714344841182,24.0,3.6808780113914024,2.5488905698718844,4.186605296553263,-0.9976984888319611,0.9982514831945752,30.47693232752601,31.92722580084625,6398.907,Warning
B0028,16,28,12,1.769682881523146,0.984459559086057,24.0,3.6816453877057884,2.592227961453642,4.186411251128915,-0.997566184368524,0.9982545086673892,30.59851621920085,32.17577171129977,6384.75,Warning
B0028,17,28,11,1.7408787283206992,0.9684360532604699,24.0,3.6751321799254955,2.598546956085325,4.1643364768914175,-0.9970360820430222,0.998391639409908,31.100240402928506,32.50607956309833,6284.063,Warning
B0028,18,28,10,1.7648189744011906,0.9817538088577481,24.0,3.6846266213857497,2.6924907199800523,4.183279934429277,-0.9969371531723805,0.9983757326015488,30.938169249041685,32.36361154404582,6370.937000000005,Warning
B0028,19,28,9,1.7617857390844025,0.9800664458088387,24.0,3.6832544826548084,2.6173421756941537,4.185224082214954,-0.9969974742534108,0.9982840178958803,30.779624907003203,32.23987480909281,6359.812,Warning
B0028,20,28,8,1.75770610357021,0.977796979216001,24.0,3.6830019424524427,2.6240203066915697,4.185772001736481,-0.9968197698794886,0.9983464767903459,30.70960684046627,32.1209393902127,6346.156,Warning
B0028,21,28,7,1.7519375960601256,0.9745880074735187,24.0,3.682514927726665,2.63525875804135,4.185968902546653,-0.9963445930927353,0.9979942090054013,30.47705959403915,31.876773372691297,6328.172,Warning
B0028,22,28,6,1.7521244035832175,0.9746919269122708,24.0,3.6802726203570852,2.540126038881981,4.185740020171981,-0.9967865142227076,0.9981985988901667,30.54925924889458,32.13891568195097,6326.062,Warning
B0028,23,28,5,1.759771413398964,0.9789458935354078,24.0,3.67908706723787,2.578459071114453,4.1838351172655095,-0.996914300528855,0.9986076409935629,29.858081061792472,31.30995086456362,6352.843,Critical
B0028,24,28,4,1.7483011320324189,0.9725650734152612,24.0,3.680942088612725,2.6156681128542663,4.185613308228973,-0.9972513551873874,0.9986728176957087,29.927497513672723,31.44390039724308,6309.172000000006,Critical
B0028,25,28,3,1.7411482627836237,0.9685859929933449,24.0,3.681439648314102,2.6736673087239398,4.186072517005326,-0.9970973800951103,0.9986101959156689,29.887309173794996,31.383820135357173,6284.297,Critical
B0028,26,28,2,1.7363833316311177,0.9659353022563503,24.0,3.680615489022298,2.6531966228276134,4.186079245979765,-0.9972667201815385,0.9984542038634081,29.974612767860144,31.360116664622662,6265.969,Critical
B0028,27,28,1,1.736559066269527,0.9660330619433828,24.0,3.6776600467841285,2.5306280538039845,4.185739001637966,-0.997266880260863,0.9986551404034236,29.928807475767645,31.44534438395542,6266.641,Critical
B0028,28,28,0,1.7172335652295243,0.955282449824344,24.0,3.67453404625628,2.651385292787423,4.167590440976821,-0.9969394063653589,0.9987643777858012,30.029795182593666,31.550251048213177,6198.75,Critical
B0029,1,40,39,1.697507332205763,0.9348792126056051,43.0,3.3651860477851834,1.999936473158621,4.122758586822445,-3.9753962170197243,0.43629440230402455,51.631545591665024,58.72626885895911,1572.359,Healthy
B0029,2,40,38,1.844701206961174,1.0159442490392896,43.0,3.3905928994464873,1.852059092593436,4.20134576801382,-3.9342485526057955,0.5886285429117915,52.84944288631656,59.76796387174703,1723.281,Healthy
B0029,3,40,37,1.8254376674722927,1.0053351151123326,43.0,3.3944582472061784,1.8857258246963948,4.20075138362936,-3.9332952670181975,0.5932065805799005,52.905865867265994,59.844347317645614,1705.906,Healthy
B0029,4,40,36,1.815750429913437,1.0,43.0,3.394696317253661,1.8534777499421091,4.20121939681188,-3.932113456162452,0.5964453906082865,52.90438507577814,59.9199472840752,1697.688,Healthy
B0029,5,40,35,1.8132993337127028,0.9986500919067104,43.0,3.398579443319999,1.913443763136564,4.20151734595852,-3.931581069158435,0.5997865631547423,52.87534956891003,59.89475354681757,1686.094,Healthy
B0029,6,40,34,1.8151647619660576,0.9996774512963176,43.0,3.3970260675114696,1.9392366668780088,4.190431936024234,-3.976472905870513,0.42904188647199765,52.762650424805656,59.58813236464061,1678.563,Healthy
B0029,7,40,33,1.8143317955190057,0.999218706287461,43.0,3.4017447799349796,1.926680416628282,4.20151685379873,-3.953172457226365,0.52529211521216,52.78843384352056,59.81336613073259,1677.469,Healthy
B0029,8,40,32,1.801343601809866,0.9920656342048848,43.0,3.400790257856999,1.89070792341858,4.201511694320507,-3.952037378872224,0.5283418296883389,52.7841972696045,59.75433532594285,1666.093,Healthy
B0029,9,40,31,1.7881558802945825,0.9848026748807268,43.0,3.4030834056443755,1.93249158993614,4.201805179645606,-3.951642628329456,0.5312312904771702,52.75173838351513,59.7737242563152,1654.328,Healthy
B0029,10,40,30,1.7760714604539518,0.9781473440370454,43.0,3.4052467951556413,1.9713665258317916,4.201438773335668,-3.9514812160488924,0.5345653131595759,52.7506031720156,59.80010734859943,1643.812,Healthy
B0029,11,40,29,1.7852807447597443,0.9832192328572681,43.0,3.3969592538295337,1.852379628685352,4.19368630303113,-3.974136073511709,0.43823819281773096,52.76187024768883,59.92418745751934,1652.266,Healthy
B0029,12,40,28,1.7698116401111978,0.974699832617179,43.0,3.3978270130572263,1.8385968486453488,4.20025041732416,-3.94933484428352,0.5365002904930106,52.810328108304326,60.120904895462246,1648.672,Healthy
B0029,13,40,27,1.7565231680521758,0.9673813862932227,43.0,3.3976547229925322,1.8332269197665616,4.200366031445772,-3.948773942479504,0.5396272117120692,52.803620504971605,60.15908336784943,1636.969,Healthy
B0029,14,40,26,1.7543413277348154,0.9661797672373129,43.0,3.400358560849027,1.8809955356138472,4.199929373943819,-3.9481894541359304,0.5427693156073063,52.774286568476356,60.0330623550184,1625.187,Healthy
B0029,15,40,25,1.7392875506998715,0.9578891030651108,43.0,3.3951054015762527,1.800038174333754,4.199792574461424,-3.946655613412357,0.5448588154830802,52.80429201579515,60.155675284547456,1622.016,Healthy
B0029,16,40,24,1.7797845109331345,0.98019225638734,43.0,3.3952154633066995,1.9415928705254093,4.186389353535962,-3.97371791832226,0.44407846489341407,52.721179096315566,59.70826330240836,1638.422,Healthy
B0029,17,40,23,1.7657088508465202,0.972440276900112,43.0,3.400939370892573,1.972461938837724,4.200779737725044,-3.924297634283963,0.6242834374426651,52.76566676387698,59.826072535975634,1646.438,Healthy
B0029,18,40,22,1.7523941408724169,0.9651073803991661,43.0,3.3990966930758852,1.9166086737918733,4.20106410059631,-3.922569043688066,0.6280105618754419,52.80160858510679,59.97193555147316,1634.765,Healthy
B0029,19,40,21,1.7380191225603103,0.9571905334166257,43.0,3.4005060708668395,1.941628602033569,4.20039236023258,-3.9219324486852223,0.6320441638861197,52.76338281760698,59.90509096707212,1622.016,Healthy
B0029,20,40,20,1.7312214443143976,0.953446804028531,43.0,3.397536794846482,1.8754484122099284,4.200576454073823,-3.920549166756126,0.6340543103505575,52.793663259837146,60.003884509148,1616.25,Warning
B0029,21,40,19,1.7379128985265808,0.9571320319662174,43.0,3.391570729569499,1.8380927294124036,4.194709553890768,-3.9453058787745463,0.5513406694782395,52.75741582344694,60.25771781052726,1622.218,Warning
B0029,22,40,18,1.7224270683625882,0.9486034203746283,43.0,3.4006008999743154,1.999771637867575,4.200658594506185,-3.895864092268878,0.7087445485957239,52.866554147425745,59.90492726798961,1619.656,Warning
B0029,23,40,17,1.7184213765608034,0.9463973397724743,43.0,3.3937647508109445,1.8317514112942035,4.200792247486221,-3.9179079273158917,0.6403351680392902,52.88238533970063,60.33243416075105,1605.484,Warning
B0029,24,40,16,1.7010220930648232,0.9368149196285288,43.0,3.3990916405291434,1.9739559216587697,4.200103293228043,-3.89292863950299,0.7154789941899611,52.89174684629843,59.98669670538192,1600.75,Warning
B0029,25,40,15,1.693698739563104,0.9327816817005233,43.0,3.396460061958035,1.9069490533352145,4.200392899920808,-3.891007378210508,0.7175563889265547,52.86276331800625,59.99528714045464,1595.0,Warning
B0029,26,40,14,1.713072721286705,0.9434516401950531,43.0,3.3953349055125526,1.9996278665665836,4.193452277045169,-3.8931180785218142,0.7154598821154531,52.85514927949408,59.98821696841703,1612.422,Warning
B0029,27,40,13,1.6976972688567131,0.934983817648138,43.0,3.397203474478597,1.9297361391600047,4.200426069460966,-3.8906661202538677,0.7199357130039661,52.84555100149494,60.01985635641876,1598.969,Warning
B0029,28,40,12,1.6899314034061208,0.9307068722471323,43.0,3.389787970407681,1.811689567857529,4.200350636061038,-3.8880091290817527,0.7227608683920317,52.82153486606997,60.26410091872941,1592.187,Warning
B0029,29,40,11,1.685023551367069,0.9280039390916734,43.0,3.3967598380460484,1.9610731754377528,4.200274898374017,-3.8880141667450476,0.7269907939848403,52.81580315824478,59.92046248220958,1577.484,Warning
B0029,30,40,10,1.678389965463405,0.9243505813425138,43.0,3.3957223246260377,1.9482718394124845,4.200350219079989,-3.886820317431477,0.7290931975277238,52.80521928839473,59.887692512983016,1571.547,Warning
B0029,31,40,9,1.6737947494868326,0.9218198282715693,43.0,3.3892258428534876,1.867494399191276,4.195839706712194,-3.88571106427998,0.7294069077662573,52.80312343851032,60.158935395611046,1578.484,Warning
B0029,32,40,8,1.6687898927884717,0.9190634711115164,43.0,3.3940321153796114,1.926783206032701,4.20011947590298,-3.85843433412322,0.7985976970795619,52.85759471288148,60.04748235788095,1574.469,Critical
B0029,33,40,7,1.6492566306631429,0.9083057910892349,43.0,3.390692269396659,1.869562035017659,4.20020354565233,-3.8565643666104146,0.8014176459671133,52.85638451770691,60.167863371476415,1568.281,Critical
B0029,34,40,6,1.6409676757039668,0.9037407612136418,43.0,3.3912179554575785,1.8881277069953315,4.200021865512612,-3.85547414018331,0.8040871431904814,52.882092513244274,60.09738415148209,1561.422,Critical
B0029,35,40,5,1.6456360229757092,0.9063117903566529,43.0,3.3923453388185667,1.9264548202409049,4.200544725415334,-3.8555734475773074,0.8065581072289095,52.87120880021078,60.02940147619038,1554.234,Critical
B0029,36,40,4,1.654547743574037,0.9112197999881045,43.0,3.3840832974347714,1.8497742851139864,4.193996290293578,-3.854823111014098,0.8041122852580729,52.8949932373189,60.33090148423857,1573.734,Critical
B0029,37,40,3,1.6461201520877546,0.9065784179195986,43.0,3.3935243600466607,1.988399313722457,4.199807562252484,-3.8279463752523526,0.8680723329327109,52.90577737967025,59.88870262903497,1566.578,Critical
B0029,38,40,2,1.6275119188151763,0.8963301850314117,43.0,3.388551594762018,1.8822716064606957,4.199665175987453,-3.851886221713202,0.8122666292286771,52.85049305569667,60.13011665786984,1550.047,Critical
B0029,39,40,1,1.6200530533464497,0.8922223157197231,43.0,3.3876827466759964,1.8693019781355495,4.200099273216301,-3.8509488961783584,0.8150721558178553,52.93318563948955,60.20528139553767,1543.64,Critical
B0029,40,40,0,1.612079811711934,0.8878311606891852,43.0,3.3850191492367943,1.8433554303146655,4.2000806322388815,-3.849366331322892,0.8176876487421767,52.91920185424772,60.24494659507955,1536.781,Critical
B0030,1,40,39,1.6560706096175404,0.9453779663733515,43.0,3.3464479682177357,2.1274170450668684,4.121228264511843,-3.881093691840246,0.746487522696456,52.450611378612734,61.11438949471705,1572.359,Healthy
B0030,2,40,38,1.7815548749509116,1.0170114214227792,43.0,3.3780751936361146,2.1401060472348874,4.191571549203586,-3.7838858314888455,0.9560632385011015,54.113241117794225,61.9990871891876,1723.281,Healthy
B0030,3,40,37,1.761969227822918,1.0058308357977226,43.0,3.3818672028482375,2.1657237815883463,4.191314909952094,-3.78000742647211,0.9633206796076518,54.157828260748424,61.89071493502735,1705.906,Healthy
B0030,4,40,36,1.751755031874225,1.0,43.0,3.3803545588103723,2.095376108282347,4.191510310362352,-3.7771963627067855,0.9685246076495349,54.212018750385205,62.214205409958005,1697.688,Healthy
B0030,5,40,35,1.7381688070362076,0.9922442210293061,43.0,3.383237725223628,2.12524665517798,4.191406236830394,-3.774391482257296,0.9737256261611278,54.19837692352459,62.31179793095802,1686.094,Healthy
B0030,6,40,34,1.750674529346134,0.999383188568932,43.0,3.374148303155992,2.0759632130565406,4.1809364775885,-3.8401506129683893,0.8424662669048505,54.14161744851121,62.29994268441351,1678.563,Healthy
B0030,7,40,33,1.7491047649061158,0.9984870790036928,43.0,3.38062959842195,2.0440070679316857,4.191416983179895,-3.8162308411426897,0.8931720431566161,54.21167948917778,62.48134926186261,1677.469,Healthy
B0030,8,40,32,1.7252544028765475,0.9848719549734508,43.0,3.387081847293872,2.173948548947525,4.19167898729129,-3.790540920260821,0.943794778863719,54.18634900836399,62.158212651524295,1666.093,Healthy
B0030,9,40,31,1.7112621367644252,0.9768843848751637,43.0,3.3879461849049983,2.1712631392036204,4.191660740391253,-3.7878863152954003,0.9490780097180473,54.15360140656882,62.11029841216025,1654.328,Healthy
B0030,10,40,30,1.6990418392711273,0.9699083538257635,43.0,3.3883925705991067,2.1722790601698723,4.190518218566902,-3.78521295034333,0.9547047703928074,54.168189231806274,62.21537292970592,1643.812,Healthy
B0030,11,40,29,1.7185770039532977,0.9810601212399945,43.0,3.3829900242224884,2.1399140868464497,4.18494757447594,-3.8087556215689466,0.9083566175476209,54.22057063412252,62.42078136779365,1652.266,Healthy
B0030,12,40,28,1.70324722921867,0.9723090262206036,43.0,3.3872270612733906,2.112329336316492,4.19138696373963,-3.7838496795424073,0.9573552356531468,54.24400266886001,62.42541404009337,1648.672,Healthy
B0030,13,40,27,1.689458044662304,0.9644373864619252,43.0,3.387969833955272,2.1141726056716275,4.1916098999207785,-3.7810084173912366,0.9628490466305387,54.24150010859244,62.43136471336018,1636.969,Healthy
B0030,14,40,26,1.6756136292719177,0.9565342178461776,43.0,3.3908449439184096,2.1697054636702,4.191138031319589,-3.7778398595622393,0.9684850535538593,54.183697227073836,62.27459158639179,1625.187,Healthy
B0030,15,40,25,1.6718407140871654,0.9543804262965021,43.0,3.3859058007878593,2.0502203248956845,4.191251588829171,-3.7765035959555266,0.9708602218691226,54.22886640157327,62.57843700986901,1622.016,Healthy
B0030,16,40,24,1.7233056681204446,0.9837595079014319,43.0,3.375492904033759,2.056845844411806,4.17866916142942,-3.8520176715688708,0.8178169886800667,54.15865206479903,62.47198799326229,1638.422,Healthy
B0030,17,40,23,1.709207290507283,0.9757113634082617,43.0,3.381550645715128,2.002654873353824,4.19028213835832,-3.8026336945838524,0.921736405104694,54.242750421230845,62.67828739920007,1646.438,Healthy
B0030,18,40,22,1.684001734344571,0.961322618575747,43.0,3.3864480900407194,2.098247338071892,4.18930659174196,-3.7747932414905923,0.9741786657667919,54.26601179807604,62.48426799373123,1634.765,Healthy
B0030,19,40,21,1.66898698813004,0.9527513595005175,43.0,3.387180494037813,2.095250035916422,4.189336480826855,-3.7717048923113476,0.9798223571126149,54.24164371768822,62.520660259063135,1622.016,Healthy
B0030,20,40,20,1.6620689362837142,0.9488021475842119,43.0,3.3813445010797873,1.965222517702767,4.187961671001895,-3.7701783748857105,0.9827159539295985,54.32282816477177,62.83792318174592,1616.25,Warning
B0030,21,40,19,1.6687049625248174,0.9525903634707695,43.0,3.385606758982866,2.1649300939348857,4.183473493335224,-3.770286001350055,0.982750885231099,54.27566161448939,62.47596510401283,1622.218,Warning
B0030,22,40,18,1.652762183550463,0.9434893312577796,43.0,3.3887947335699495,2.1107101939003567,4.189021310957518,-3.74290317214084,1.030216703863092,54.34652062246305,62.54340291733675,1619.656,Warning
B0030,23,40,17,1.648481366235244,0.9410456006919602,43.0,3.390949417762555,2.154272422860638,4.188208290959306,-3.7394250053816305,1.0366217902957573,54.369563893787316,62.54253781933885,1605.484,Warning
B0030,24,40,16,1.6307406443132095,0.9309182018266899,43.0,3.3873404080498895,2.056878607135279,4.188944596283129,-3.737622424800312,1.0395297828658205,54.38101073340462,62.63316972633199,1600.75,Warning
B0030,25,40,15,1.62323023017929,0.9266308363005388,43.0,3.3880651957973615,2.0619330487714467,4.189721988537926,-3.7356557463501385,1.0426432363757354,54.366222070376075,62.63885708285674,1595.0,Warning
B0030,26,40,14,1.654190654039439,0.9443047823128554,43.0,3.3873336724752856,2.182829076635093,4.182121595717829,-3.737388532394875,1.0396438331571125,54.36082826974155,62.50972828784737,1612.422,Warning
B0030,27,40,13,1.638514396616985,0.9353558955466037,43.0,3.391596603751742,2.152270345667462,4.18953881832451,-3.733773399938973,1.0458926950752165,54.329082038301124,62.41430430344205,1598.969,Warning
B0030,28,40,12,1.618847673357618,0.9241290271195011,43.0,3.3844695827460796,1.98536642488698,4.18877344296717,-3.7318248243234815,1.0493672670018825,54.350797312061744,62.71706660837061,1592.187,Warning
B0030,29,40,11,1.6134212267751404,0.9210313071279839,43.0,3.3883015570002266,2.085108474542319,4.187364248433742,-3.72789586160175,1.0556069266401122,54.30570319180818,62.554566036297686,1577.484,Warning
B0030,30,40,10,1.6066443601761986,0.9171626916676981,43.0,3.389973588057286,2.1156809695843,4.188843927084549,-3.7258803546166885,1.0590503195806344,54.311769035681074,62.48691429447336,1571.547,Warning
B0030,31,40,9,1.6138387876938998,0.9212696743146975,43.0,3.386403894086122,2.08588060415804,4.184536605382707,-3.7258300678775145,1.0587950945290694,54.31694947968931,62.59235284434121,1578.484,Warning
B0030,32,40,8,1.596329501327274,0.9112743918419579,43.0,3.382990062267617,1.9452863886536,4.188530465383751,-3.7235246959842048,1.0622170232181818,54.37602664745592,62.84622214879507,1574.469,Critical
B0030,33,40,7,1.589078586740699,0.9071351632085929,43.0,3.3809665909442286,1.916660490161616,4.188200529397757,-3.7209177432015643,1.0657275726914217,54.40922760509474,63.0242156686281,1568.281,Critical
B0030,34,40,6,1.5805481432309574,0.9022655077176567,43.0,3.3813241868366974,1.927250989755404,4.187743893425592,-3.7188832576508455,1.0688186042838723,54.43118438830086,63.00027240816272,1561.422,Critical
B0030,35,40,5,1.584613105427081,0.9045860160776494,43.0,3.3870672693934285,2.051939170845275,4.1898269490660445,-3.7178481811964144,1.072425169364828,54.42543761419732,62.80130766887856,1554.234,Critical
B0030,36,40,4,1.5936651221220737,0.9097534147893904,43.0,3.382718302752806,2.0447593292567268,4.183231697201542,-3.719718780129346,1.0689706916305866,54.40878572720797,62.737405296482684,1573.734,Critical
B0030,37,40,3,1.5849874126960888,0.9047996916556823,43.0,3.3896129797375174,2.1123670299751245,4.187178870202528,-3.6895994891111914,1.1158553199611885,54.42284720424547,62.57852749153667,1566.578,Critical
B0030,38,40,2,1.5787064969416462,0.9012141927473547,43.0,3.38569510149779,2.029028311417829,4.188109008087897,-3.7133420593367292,1.0796346966934303,54.38754363122996,62.84908045214772,1550.047,Critical
B0030,39,40,1,1.570705516096967,0.8966467842346936,43.0,3.387023398111767,2.0574175231777425,4.188695408653485,-3.711313300597217,1.0830374277183668,54.45246463683033,62.7284644620379,1543.64,Critical
B0030,40,40,0,1.562780404428482,0.8921226861020879,43.0,3.3870565445350174,2.068863283525511,4.18874384592953,-3.709186360280257,1.0862213243998224,54.41109814733754,62.69299470731855,1536.781,Critical
B0031,1,40,39,1.6666751942525773,0.9236529694510434,43.0,3.3729664490249562,2.4944372580491163,4.116561748956975,-3.8333672232532003,0.7378624099795472,52.655011353024406,60.84632469517393,1572.359,Healthy
B0031,2,40,38,1.8328583629543171,1.015749844579122,43.0,3.410655663961355,2.470379105199965,4.206499027366964,-3.8451016770532584,0.7078073677421077,53.97231092767106,61.81769411336386,1723.281,Healthy
B0031,3,40,37,1.8139835002945135,1.0052896043332555,43.0,3.411724207737072,2.432998201540817,4.206542652746716,-3.8650342644443447,0.653167303223489,53.99108510894419,61.82805706187581,1705.906,Healthy
B0031,4,40,36,1.8044387333514835,1.0,43.0,3.414079984476593,2.455290559392926,4.206636701109276,-3.863745544431601,0.6566855304894574,53.996608338848425,61.95644236061217,1697.688,Healthy
B0031,5,40,35,1.802147684291295,0.998730325935792,43.0,3.412679097550016,2.379788594335936,4.206755471453542,-3.8849374979545646,0.5923392295554046,53.954262670522155,62.099570509363424,1686.094,Healthy
B0031,6,40,34,1.7715647509798835,0.9817816023542449,43.0,3.3963237722822415,2.3704531055353044,4.172458299789621,-3.8380587255136756,0.7252090062982226,53.973288387308486,62.03750729435005,1678.563,Healthy
B0031,7,40,33,1.8139928165779544,1.0052947673145574,43.0,3.4200798093339357,2.479852487101495,4.2067410088524975,-3.906047424985772,0.5186758516314361,53.88993125496473,61.84294867967338,1677.469,Healthy
B0031,8,40,32,1.8013261041198854,0.9982750152864337,43.0,3.4200087266691894,2.4765516954388933,4.2068100656143335,-3.905358988025778,0.5220195712151371,53.87262295937195,61.8379476525885,1666.093,Healthy
B0031,9,40,31,1.7883722583933568,0.9910961371748623,43.0,3.417702003194436,2.359674470455269,4.206952621072369,-3.9279761474648427,0.42974839732969883,53.81893583109196,61.84646585876763,1654.328,Healthy
B0031,10,40,30,1.776540165737316,0.9845389222152475,43.0,3.420480701190782,2.4195090802038206,4.206832562039922,-3.9274541286439484,0.4322802555256514,53.82033376097016,61.76013798618494,1643.812,Healthy
B0031,11,40,29,1.7856209131823229,0.9895713720719077,43.0,3.4123332615490005,2.3489668209281325,4.193946956737359,-3.927239655425038,0.4322328729508202,53.821133604090825,61.91960614794014,1652.266,Healthy
B0031,12,40,28,1.781363403668594,0.9872119073613375,43.0,3.420910074120947,2.399709439291441,4.206655556995042,-3.9268971976071376,0.43349639565996706,53.81794815350033,61.86471031425517,1648.672,Healthy
B0031,13,40,27,1.768489838397124,0.9800775197905502,43.0,3.4216539858581876,2.4168059304515817,4.207198543313955,-3.926457770086078,0.43620101874885203,53.80194299620242,61.77393480386064,1636.969,Healthy
B0031,14,40,26,1.766505238291406,0.9789776763494643,43.0,3.423749066677016,2.471072287476068,4.206978754188053,-3.925817080441477,0.43868991721421374,53.75880729814269,61.64539051089847,1625.187,Healthy
B0031,15,40,25,1.751740527921767,0.9707952370697357,43.0,3.4209893105313918,2.404447263605832,4.20675228195214,-3.9255513820662964,0.4399731286665271,53.78850848662172,61.88870329111738,1622.016,Healthy
B0031,16,40,24,1.7352349314055016,0.9616480179310682,43.0,3.40095456627701,2.405938768821008,4.168980783747018,-3.852591436358121,0.6872641581345722,53.8368863785077,61.98674236534618,1638.422,Healthy
B0031,17,40,23,1.7782778274549178,0.9855019151312632,43.0,3.421591713831319,2.386904670931757,4.207227268504839,-3.925749357747081,0.43866182532712267,53.773379186088945,61.73655452780071,1646.438,Healthy
B0031,18,40,22,1.7649894859707391,0.9781376631682733,43.0,3.420573981542695,2.365034266156857,4.207303258469689,-3.9249912249362797,0.4414089525686483,53.77386924606414,61.82230520583519,1634.765,Healthy
B0031,19,40,21,1.762591283533551,0.9768086058869914,43.0,3.422624599533156,2.4186775515647607,4.207353806036226,-3.9244475102493666,0.4443390613615374,53.754659591825344,61.70265737807168,1622.016,Healthy
B0031,20,40,20,1.744314576121582,0.9666798566675469,43.0,3.4201177255120836,2.360775838409723,4.206667054740019,-3.9241185399534726,0.4456194212271524,53.766677549195336,61.83339482415222,1616.25,Warning
B0031,21,40,19,1.7628373753518478,0.9769449872524255,43.0,3.4199667649637617,2.4505597087782616,4.198651200144167,-3.924417903030087,0.4456972577605133,53.731744909320135,61.71886225058171,1622.218,Warning
B0031,22,40,18,1.747857930947971,0.9686435447445634,43.0,3.4203305433739613,2.3428829070219703,4.207348617133544,-3.9240126202473213,0.4471242220977128,53.77927288646249,61.9456150656118,1619.656,Warning
B0031,23,40,17,1.7441167338864991,0.9665702146877855,43.0,3.422863512888695,2.411955819284382,4.2072481474909695,-3.9232971090768873,0.44999552271328896,53.77940592279519,61.68681561807962,1605.484,Warning
B0031,24,40,16,1.7268422932817389,0.9569969106539735,43.0,3.4198002859215846,2.3413222526109294,4.207149488755062,-3.92291737914847,0.4513117384095788,53.7498055148608,61.72142337926525,1600.75,Warning
B0031,25,40,15,1.7203093493042263,0.9533764253159214,43.0,3.4194705619732524,2.328244465576847,4.2072173595407625,-3.9226738819129343,0.45286821338697936,53.75572683773813,61.922368397426354,1595.0,Warning
B0031,26,40,14,1.7394245516699778,0.9639698591701413,43.0,3.4145994489347067,2.318164845471509,4.196145238330935,-3.9229572377699213,0.45117898141745877,53.754287656200816,61.87504931919781,1612.422,Warning
B0031,27,40,13,1.7367384416372014,0.9624812466818762,43.0,3.4248774653161553,2.4548236850102603,4.2069462617112805,-3.922700094183036,0.4543788721627967,53.711431807207,61.49120341342234,1598.969,Warning
B0031,28,40,12,1.716963468448543,0.9515221751306192,43.0,3.420974185160828,2.3584309858697914,4.207372373768093,-3.9220779649294735,0.45572110443729175,53.69342764953342,61.70751319442212,1592.187,Warning
B0031,29,40,11,1.7127773558366357,0.9492022777938267,43.0,3.4245085053170605,2.4660401403368404,4.206841499612997,-3.9213702793706045,0.459010040090538,53.61958378565316,61.49432037699378,1577.484,Warning
B0031,30,40,10,1.7061083466554066,0.9455063866239213,43.0,3.423217374797564,2.442554361335084,4.207073830058116,-3.9210732675731483,0.46033124295920747,53.633628437869824,61.505904797603456,1571.547,Warning
B0031,31,40,9,1.713732696207521,0.9497317168671672,43.0,3.4217612690112014,2.455972935605985,4.202288246181564,-3.9208447863377685,0.46047796542728736,53.64298219337473,61.58650298757853,1578.484,Warning
B0031,32,40,8,1.7093475797926974,0.9473015338225598,43.0,3.420095731247544,2.3451886335989784,4.2068098855652165,-3.9207501433470915,0.46197268381532974,53.640194623026446,61.66803036509911,1574.469,Critical
B0031,33,40,7,1.690100045411559,0.9366347630281927,43.0,3.418207639268387,2.3048157078228537,4.207132897125494,-3.9202672088226542,0.46324608911615844,53.65373339276206,61.83745125268187,1568.281,Critical
B0031,34,40,6,1.6946883343387664,0.9391775420333216,43.0,3.4190055604969225,2.327904771892418,4.207018144824621,-3.919741625648533,0.4649885758438988,53.65355338521763,61.7791359328034,1561.422,Critical
B0031,35,40,5,1.687010991299212,0.9349228433851192,43.0,3.4200180230564365,2.3672431402232186,4.206967994384534,-3.9196997597664827,0.46647416419803306,53.647830742878845,61.63755727730526,1554.234,Critical
B0031,36,40,4,1.6957069027070075,0.9397420213638829,43.0,3.41552953622903,2.32931910043758,4.198742074510769,-3.919678832661814,0.4650595494726349,53.654715008055895,61.76541153453152,1573.734,Critical
B0031,37,40,3,1.687696889615565,0.9353029606502142,43.0,3.4189014427486333,2.313616978242905,4.206906802432806,-3.9194105864839486,0.46680928334537725,53.66098543950281,61.71412204720752,1566.578,Critical
B0031,38,40,2,1.6819617127259294,0.9321245890138532,43.0,3.423353784322714,2.464103908062826,4.20664698001037,-3.9186527397651205,0.46993522912080565,53.59867010741405,61.46370523914892,1550.047,Critical
B0031,39,40,1,1.6750033888978846,0.9282683628647277,43.0,3.4227287920309317,2.450218643464606,4.206935457661614,-3.9185184747583235,0.4716570113179492,53.628910349751585,61.45868723262231,1543.64,Critical
B0031,40,40,0,1.6672987794846676,0.9239985534936405,43.0,3.422760457985402,2.4650879684691613,4.207096999865798,-3.918145386509849,0.47335424179674224,53.61379694880726,61.44540062417477,1536.781,Critical
B0032,1,40,39,1.704864107351214,0.913893826943222,43.0,3.31356881404843,2.62709691854036,4.087016142066692,-3.895034492956119,0.6080511995314188,52.14812251926887,59.47600707924567,1572.359,Healthy
B0032,2,40,38,1.8940319526948568,1.0152974082434942,43.0,3.360932103985418,2.6672646952717707,4.187844886919987,-3.9466385151298375,0.4149848024335193,53.49862731805315,60.121290886265,1723.281,Healthy
B0032,3,40,37,1.8747686491853093,1.004971298327754,43.0,3.362818742242725,2.653980741191812,4.187701456265651,-3.9459503925460986,0.41818539146982536,53.56355547229223,60.28987126771494,1705.906,Healthy
B0032,4,40,36,1.8654947184112376,1.0,43.0,3.3620666570592657,2.614778884516638,4.187956631748198,-3.945374357087773,0.42050475802447956,53.636497641934646,60.57061862772471,1697.688,Healthy
B0032,5,40,35,1.8527398169018068,0.9931627244057311,43.0,3.362352506750974,2.611753951946988,4.187837270519941,-3.9451013111259323,0.42297238701774714,53.66821955000141,60.44487262242978,1686.094,Healthy
B0032,6,40,34,1.844174397003866,0.9885712239241667,43.0,3.3539141264171213,2.6899647104301128,4.176580463554566,-3.9441329415172497,0.4253845693648264,53.78514931831166,60.80514996345169,1678.563,Healthy
B0032,7,40,33,1.8430238477512757,0.9879544710375275,43.0,3.359881578137895,2.6352220172441965,4.187717629562103,-3.944073053011351,0.42643736373199503,53.80370465565283,60.79131486140098,1677.469,Healthy
B0032,8,40,32,1.8302818174911863,0.9811240950872053,43.0,3.358862190732693,2.616116680441599,4.18755828453692,-3.943421894744355,0.42894875064937227,53.860865202701575,60.82453443905106,1666.093,Healthy
B0032,9,40,31,1.8173838456081812,0.9742101264998325,43.0,3.3601097902247443,2.637757551280405,4.1878149871796655,-3.9431707154426756,0.4311401823051378,53.86937461780675,60.93844327722512,1654.328,Healthy
B0032,10,40,30,1.805799298110468,0.9680002201498541,43.0,3.3601434422461938,2.6425811435343314,4.187881479812432,-3.9427909793014866,0.43392303202425375,53.919241142689074,61.056928797496845,1643.812,Healthy
B0032,11,40,29,1.8149829605049184,0.9729231300374102,43.0,3.355149818972587,2.6868552360676885,4.180429711622443,-3.942681377393959,0.4338637353111127,54.04736439027928,61.26264235870029,1652.266,Healthy
B0032,12,40,28,1.7995150369321795,0.9646315367029019,43.0,3.3593418283288132,2.6740516269543457,4.187435297570574,-3.9184845032163937,0.5314258717289723,54.07432799473692,61.30909593373104,1648.672,Healthy
B0032,13,40,27,1.7866516942518147,0.9577361311284922,43.0,3.3586297517355432,2.6712280977184064,4.187467933100937,-3.9177419538846427,0.5349868946169266,54.13198237630402,61.35860964032413,1636.969,Healthy
B0032,14,40,26,1.7735550719416031,0.9507156758139013,43.0,3.3590704748251823,2.6834486699239664,4.187491241001438,-3.916992039332035,0.5380074438983674,54.1706485784692,61.48218876912336,1625.187,Healthy
B0032,15,40,25,1.769995333364443,0.9488074749800807,43.0,3.3579238322389635,2.670098200587867,4.1874322769983605,-3.9165301686540293,0.5396501128298057,54.230275057026425,61.55806089309812,1622.016,Healthy
B0032,16,40,24,1.799526080374287,0.9646374565492561,43.0,3.346388148340216,2.6512994484308834,4.174276691190384,-3.941133829882486,0.4407527062115302,54.344649105313806,61.75555924618304,1638.422,Healthy
B0032,17,40,23,1.7968530684449833,0.9632045862747264,43.0,3.3534652549262995,2.625703438629486,4.186860433427951,-3.9168961856121998,0.5379929595204344,54.34024033975075,61.788148736083365,1646.438,Healthy
B0032,18,40,22,1.7838265504081745,0.956221710414374,43.0,3.3539379658636705,2.6363985091733704,4.187242083144707,-3.9161279657117896,0.5411270964921422,54.383818324015124,62.026796878552666,1634.765,Healthy
B0032,19,40,21,1.7696444491040102,0.9486193831795681,43.0,3.352033498067153,2.6091385279000474,4.187348698823322,-3.9150746408037618,0.5445937902506172,54.44223460892958,62.05922080379437,1622.016,Healthy
B0032,20,40,20,1.7512940457049684,0.9387826341296055,43.0,3.356088193037498,2.6928273258727597,4.187458308694366,-3.8893700702054987,0.628545663846189,54.47793957059441,61.81678431928173,1616.25,Warning
B0032,21,40,19,1.7697554297961993,0.9486788744721961,43.0,3.3485978246821815,2.6580053475407666,4.18032452902128,-3.914545791564824,0.5464050114333066,54.52288431969187,62.13034562682843,1622.218,Warning
B0032,22,40,18,1.7547726933914918,0.9406473661238542,43.0,3.350888760453381,2.622656733898926,4.187278944270903,-3.888729603382459,0.6304656957519488,54.63737439274004,62.20855323363066,1619.656,Warning
B0032,23,40,17,1.7389166355812984,0.9321477131075769,43.0,3.351949039148667,2.6579673401898325,4.186871482774904,-3.887437874711392,0.6344083243543543,54.626766126568995,62.27936068413306,1605.484,Warning
B0032,24,40,16,1.7337200518764075,0.9293620800775803,43.0,3.349297591300232,2.62449780009349,4.187368946542894,-3.8867994146602536,0.636254128119382,54.64310926864166,62.40536913200032,1600.75,Warning
B0032,25,40,15,1.7150972597500092,0.9193793168230916,43.0,3.351231111091802,2.6693549937573904,4.187171328295389,-3.8600791350059627,0.7116283818721478,54.70581681215588,62.21600779378832,1595.0,Warning
B0032,26,40,14,1.7462926148815636,0.9361016129645259,43.0,3.3435018088780115,2.6245992054256915,4.179483481777926,-3.8867131837578937,0.6364379469664357,54.73634803491553,62.6157960112704,1612.422,Warning
B0032,27,40,13,1.719149261914565,0.9215513959635818,43.0,3.3521161040604457,2.682984874071112,4.187057003834118,-3.859329219112499,0.7138266105694623,54.729006905014316,62.26360588854172,1598.969,Warning
B0032,28,40,12,1.711582246191498,0.9174950908728274,43.0,3.3500497479561155,2.6671246169170018,4.186996418231206,-3.858428126429743,0.7163465358686759,54.73589338579687,62.42580063958537,1592.187,Warning
B0032,29,40,11,1.69510511952259,0.9086625133767405,43.0,3.346822633241171,2.6334454972272856,4.187162136817356,-3.8566873181204584,0.7209036919981643,54.73540508711326,62.5594040849182,1577.484,Warning
B0032,30,40,10,1.7005124371100973,0.911561110480308,43.0,3.3445668126766406,2.6133538721871226,4.187124475593186,-3.8827695760741974,0.6489136023031378,54.74865999209295,62.582629376324434,1571.547,Warning
B0032,31,40,9,1.7080989351250158,0.9156278590698615,43.0,3.3426166901503263,2.647938106735209,4.181856074494181,-3.882600911283088,0.6490762665720794,54.78747299373422,62.57090441669303,1578.484,Warning
B0032,32,40,8,1.691435430587127,0.9066953735616312,43.0,3.34732439121854,2.6715941703662405,4.18690867607217,-3.854937565206465,0.7256203626881594,54.781382520592445,62.42898686923908,1574.469,Critical
B0032,33,40,7,1.6844494328889932,0.9029505236678274,43.0,3.3453547357724522,2.646261496806368,4.186886051758731,-3.854046236326502,0.7279361269799706,54.78435229628446,62.43152363917722,1568.281,Critical
B0032,34,40,6,1.664037581688075,0.8920087338040094,43.0,3.346646262078225,2.6718636231921065,4.186961283097403,-3.825515955469031,0.7972049762219308,54.845012944023324,62.5729328576623,1561.422,Critical
B0032,35,40,5,1.6686372014231974,0.8944743638000244,43.0,3.3430379418002483,2.6372752376377897,4.186797536056034,-3.852185223644289,0.7325832091950333,54.84412055277582,62.57967644827836,1554.234,Critical
B0032,36,40,4,1.6899344075625968,0.9058907489171784,43.0,3.3373798184076695,2.6027515790201994,4.180871809929545,-3.8529024760904163,0.7303279575810526,54.916794359881244,62.96996562520999,1573.734,Critical
B0032,37,40,3,1.669431712846442,0.8949002623112361,43.0,3.343534769020288,2.634449644633184,4.186876840985748,-3.824369401335111,0.8002272365744196,54.90429470994109,62.75574288944966,1566.578,Critical
B0032,38,40,2,1.6634226761839213,0.8916791131955536,43.0,3.3406975425250534,2.612265282912701,4.186631058593124,-3.850082677405248,0.7377247983901916,54.85304065526831,62.70443033939053,1550.047,Critical
B0032,39,40,1,1.643615219594737,0.8810613095675415,43.0,3.3456376475453258,2.6874948249577777,4.1868719484291095,-3.820950546148158,0.8082301715801611,54.870101858468004,62.46020747529598,1543.64,Critical
B0032,40,40,0,1.6358000873538243,0.8768720014104171,43.0,3.33983349960651,2.6076358711453813,4.186758471539941,-3.8197049752589796,0.8109123103580228,54.91521152058179,62.78975435716677,1536.781,Critical
B0033,1,197,196,0.0684257224060181,0.05893257863049995,24.0,3.3726641134399764,1.9848598462488805,3.6772190710694974,-0.4032887109837347,1.20780902927711,29.26541655615828,34.973341925251844,1819.406,Healthy
B0033,2,197,195,0.6895699007862814,0.5939014009699285,24.0,3.7179953044661613,1.9816234331870684,4.191105953862248,-0.8109495942196224,1.6144484682277598,32.82332257180906,47.876225604831575,3260.531,Healthy
B0033,3,197,194,1.1610848192311252,1.0,24.0,3.5247388250090337,1.287217552704193,4.19762922160552,-1.3467063374074053,1.8976749985413677,35.79329539654299,53.521374145800095,3265.75,Healthy
B0033,4,197,193,1.2529393053824995,1.0791109181947627,24.0,3.489168398195939,1.92499373482904,4.199816411135521,-1.4664895935962652,1.9382456635019951,36.38266836733648,53.59969491765948,3264.109,Healthy
B0033,5,197,192,1.302918002447558,1.1221557468216279,24.0,3.4703882503796533,1.948018740022197,4.2005663942344365,-1.5284631729967968,1.9549143508950897,36.45901475182769,53.81770081109488,3253.531,Healthy
B0033,6,197,191,1.3218773211472523,1.138484716407372,24.0,3.453967625388434,1.891347070952385,4.200743805234223,-1.5665630077013475,1.9636849155675082,36.279780573622936,53.57104302015468,3242.578,Healthy
B0033,7,197,190,1.2884694418301417,1.1097117286257958,24.0,3.4578247593455274,1.1932458808760276,4.197576934147749,-1.5273103379999617,1.952188411838041,36.16552578493363,54.60856796915766,3234.625,Healthy
B0033,8,197,189,1.713169326386719,1.4754902467170197,24.0,3.209334990541558,1.91705151743623,4.20050246544483,-2.081391887401403,2.013349071971114,39.93652051985124,54.19146373008866,3235.36,Healthy
B0033,9,197,188,1.6560966776720512,1.426335656312107,24.0,3.2871463464425337,1.9084502918482384,4.199260915072752,-2.0319336640836947,2.014344342538589,38.25328053802186,52.93433121063188,3236.125,Healthy
B0033,10,197,187,1.6197297341990775,1.3950141345157443,24.0,3.3197461384202485,1.9529802665635712,4.200453230054564,-2.007342900413476,2.0146826109204348,37.62899446299115,52.5032036116964,3230.25,Healthy
B0033,11,197,186,1.604655812282729,1.3820315154454765,24.0,3.3333097880411087,1.9889951350881316,4.200671023041403,-1.9948389441406584,2.0148725769874782,37.32713409422701,52.17652816361563,3226.078,Healthy
B0033,12,197,185,1.6255699769029337,1.4000441225124212,24.0,3.335992217657965,1.9634548720089504,4.19613941105053,-1.994851949410258,2.014675968802393,37.40237649452651,52.04937847239831,3224.5,Healthy
B0033,13,197,184,1.5900967306245992,1.3694923095089362,24.0,3.3499333575510475,1.9596564991730565,4.200736119460894,-1.982103275692543,2.0146314958883127,36.99574275414158,51.73549267436528,3222.188,Healthy
B0033,14,197,183,1.5739402299623984,1.3555773048558741,24.0,3.352100511151755,1.9224375381620544,4.199983318886737,-1.9816298756157713,2.014375457000428,36.85780455256667,51.66117418178819,3216.546000000002,Healthy
B0033,15,197,182,1.5711303351557309,1.3531572449600533,24.0,3.364435103530164,1.9701535031712945,4.198997952942716,-1.9691328896327156,2.0144026426078363,36.6450177655176,51.20270858784091,3211.859,Healthy
B0033,16,197,181,1.5897706153457416,1.3692114383155003,24.0,3.3619403221625435,1.9056198246248632,4.200390681379551,-1.9747683237565223,2.0143321556711444,37.06472736671567,51.54633126076106,3215.859,Healthy
B0033,17,197,180,1.6257378771074,1.4001887288337556,24.0,3.3654741602580085,1.9194841380159544,4.19244756297013,-1.9682317715937605,2.0142241123386,37.66051476409482,51.68734548388082,3225.125,Healthy
B0033,18,197,179,1.6523506333962537,1.4231093250279911,24.0,3.3663272801721305,1.8976584375642789,4.2017771251555125,-1.9814766540711188,2.0146098862031243,38.32310986221148,51.806645557310055,3234.343,Healthy
B0033,19,197,178,1.6143816761595386,1.3904080472162132,24.0,3.377217174172977,1.9491950772703672,4.201164004146235,-1.9615148467447636,2.0144843895425955,37.01126182016035,51.0135246257672,3218.25,Healthy
B0033,20,197,177,1.58697453394504,1.3668032754023438,24.0,3.380792043459977,1.984512151427813,4.201517882926393,-1.9543536128625176,2.014256437579221,36.45751890099188,50.612625791907234,3203.5,Healthy
B0033,21,197,176,1.5818355572787333,1.3623772622625716,24.0,3.379892729676732,1.9563552671465751,4.20178668140198,-1.9543735971035472,2.0139819946593005,36.24583239287416,50.4762319652216,3194.39,Healthy
B0033,22,197,175,1.6919769406371152,1.457238017940454,24.0,3.3335163148815434,1.9541530671990093,4.1779630595627175,-2.008024980015611,2.0148059531109657,38.88044910257506,52.80944186421341,3225.219,Healthy
B0033,23,197,174,1.6879483800354476,1.4537683656506795,24.0,3.35231211831231,1.9044972660711088,4.196973763278454,-1.9876053283446151,2.014329279118585,37.68662439550755,52.001298745862094,3252.985,Healthy
B0033,24,197,173,1.6586223007531458,1.42851088334054,24.0,3.359089419531549,1.874834635726596,4.200398891523595,-1.9736296482799287,2.0141687555503416,37.02885798715912,51.65598739515965,3245.25,Healthy
B0033,25,197,172,1.6420179032789863,1.4142101215020078,24.0,3.3667293867076395,1.897981208291145,4.200117032191553,-1.9603089116784294,2.0138194799945666,36.84829116229335,51.50939532095622,3235.031,Healthy
B0033,26,197,171,1.6381810791118745,1.4109056048090305,24.0,3.376711639438572,1.991339490634848,4.199696801054791,-1.9466374008279725,2.014209141245925,36.78338270641005,51.25839715822789,3228.141,Healthy
B0033,27,197,170,1.6422892507912386,1.4144438232159204,24.0,3.367781888938211,1.8710207024150525,4.199468615978848,-1.959191352221616,2.0135388930217184,37.1454352740502,51.77188968997154,3217.875,Healthy
B0033,28,197,169,1.651270876264092,1.42217936959814,24.0,3.3728392448665945,1.9449657495126544,4.1967559287812986,-1.9525734623288529,2.014001486353204,37.43950673452506,51.73759469619592,3220.219,Healthy
B0033,29,197,168,1.6326559297917211,1.4061469952495564,24.0,3.374002354868022,1.907571146047148,4.199575185389948,-1.9519388696631121,2.0137132138854597,37.21232307005263,51.61243426951156,3210.234,Healthy
B0033,30,197,167,1.6260888111680731,1.4004909755386135,24.0,3.372312698394194,1.853794752061886,4.199545032445997,-1.944321269342409,2.0129920896640963,36.823942592131566,51.546238399221565,3210.546,Healthy
B0033,31,197,166,1.6079292963823688,1.3848508478882238,24.0,3.3827767161652114,1.973807027309784,4.199505571389485,-1.9306892906025632,2.0132751159241375,36.46405070511895,51.03143629880169,3200.969,Healthy
B0033,32,197,165,1.6125361114907395,1.3888185296906794,24.0,3.375532247108578,1.8729343749213587,4.199241343123339,-1.9434335891264498,2.0130217325983364,36.76266900330653,51.41437811978397,3188.625,Healthy
B0033,33,197,164,1.6218384168987892,1.396830266003113,24.0,3.3809635204151607,1.973162822681108,4.196166399561636,-1.9370016811131343,2.013552412352119,37.105629207043215,51.44638168113912,3191.735,Healthy
B0033,34,197,163,1.6145443029101134,1.3905481117040794,24.0,3.3849609857132434,1.9801558945564504,4.199389890561037,-1.9294565493698395,2.013260591695603,36.92446822577901,51.30248392082844,3190.313,Healthy
B0033,35,197,162,1.5953958917107596,1.3740562836462171,24.0,3.3815674619499325,1.8983018980313588,4.199342510279409,-1.9282533581562027,2.012569358026687,36.60695698382364,51.29496206472584,3182.156,Healthy
B0033,36,197,161,1.5877243027113055,1.3674490238901778,24.0,3.385185787754866,1.943860439855496,4.199371542863236,-1.9211152251549157,2.012719787837831,36.55039143131212,51.186634675664926,3180.156,Healthy
B0033,37,197,160,1.5811840578305605,1.3618161495536791,24.0,3.386460424025938,1.9632916036547936,4.198739953896501,-1.9205487390114635,2.0128777215080205,36.58233147774771,51.18261676158976,3171.953,Healthy
B0033,38,197,159,1.6128422608267754,1.3890822049458933,24.0,3.38478424054856,1.966790843925578,4.196658469661701,-1.928157401644312,2.0131272968408664,38.03675863150647,52.16803502599322,3192.172,Healthy
B0033,39,197,158,1.61998606328022,1.3952349014027943,24.0,3.382889233805488,1.9197120509411163,4.199179844744276,-1.9349668442210473,2.013176027211779,38.760697217070216,52.74767841756611,3194.735,Healthy
B0033,40,197,157,1.6099381853611876,1.3865810306841277,24.0,3.3844125991586744,1.90479520665137,4.199367783528825,-1.9341884259387427,2.0131623800322656,38.235160610115415,52.43795613968632,3178.75,Healthy
B0033,41,197,156,1.577097753956516,1.358296765089803,24.0,3.385796894558174,1.9002006601986487,4.199251268298133,-1.9188525560254726,2.0124704706962775,37.20770413073148,51.81197793605918,3165.359,Healthy
B0033,42,197,155,1.5708599066554392,1.352924334757618,24.0,3.3829095031701564,1.851172103937757,4.199383120313636,-1.9177244980858124,2.01207487890543,36.9160184906247,51.73653410504897,3155.25,Healthy
B0033,43,197,154,1.6261581345348248,1.4005506812255741,24.0,3.3669463001908237,1.9532771236637267,4.1862894653699865,-1.955575681668958,2.014120147879106,38.272310782775065,52.54160752520686,3173.766,Healthy
B0033,44,197,153,1.6348129972245726,1.408004798742569,24.0,3.3716190861386144,1.8536215036991408,4.19649142433425,-1.9478198159800646,2.0134560602985414,39.1034201890991,53.32326193954195,3199.485,Healthy
B0033,45,197,152,1.611705363734261,1.388103036952579,24.0,3.383250579221141,1.8889976705304932,4.1993042516227,-1.9259112286553688,2.0127511714714967,38.33805950325132,52.66626648084271,3196.015,Healthy
B0033,46,197,151,1.8851401699720665,1.6236024610333064,24.0,3.3541040884435995,1.9693514891283213,4.297261420299437,-2.0032895520905885,2.015029958196479,40.78203629126505,55.391416850220025,3595.281,Healthy
B0033,47,197,150,1.6584957887780232,1.4284019231913525,24.0,3.363721350351351,1.9935504677327176,4.196439332501794,-1.979333360750941,2.014855385626045,38.52395699562303,52.73529025292928,3198.0,Healthy
B0033,48,197,149,1.62418934644937,1.3988550358662981,24.0,3.366918878823245,1.9102322543360104,4.198801406927717,-1.9635759174250933,2.014175504314943,37.84185542205372,52.530629852108135,3183.516,Healthy
B0033,49,197,148,1.604172098856364,1.3816149107165598,24.0,3.3760336978502696,1.9518631378335147,4.199283799066005,-1.9412525646606564,2.0138830155102427,37.464100471383695,52.2186933985822,3183.797,Healthy
B0033,50,197,147,1.6080016740907346,1.3849131841681983,24.0,3.3722882262741316,1.8963514295309496,4.198824744163288,-1.9409306611824064,2.0134163668806973,38.110532137074216,52.72731536294026,3191.516,Healthy
B0033,51,197,146,1.6256752138435595,1.400134759250481,24.0,3.371464716917886,1.8979233738345112,4.1991786619721845,-1.9482858308608435,2.0139045305435284,39.04860411133125,53.20573413452146,3189.985,Healthy
B0033,52,197,145,1.617632765910718,1.393208092223547,24.0,3.3745591325939,1.9266531976002357,4.196322805258936,-1.9406336588697692,2.013745365407759,38.882226863166906,53.164414772235126,3189.734,Healthy
B0033,53,197,144,1.5973191489094265,1.3757127149136077,24.0,3.3793714907223658,1.939997570224548,4.199012202779581,-1.9251256018615566,2.012956533210448,38.10273900805949,52.600411784093296,3176.016,Healthy
B0033,54,197,143,1.5875852250170606,1.3673292413454907,24.0,3.3812950636091506,1.9585672641473333,4.198460705965928,-1.9170834321948271,2.012985865288145,37.915376799712824,52.46865748904612,3171.36,Healthy
B0033,55,197,142,1.5802530015403684,1.3610142647346108,24.0,3.382171233915879,1.9572832344435456,4.198803103697235,-1.9091378265076395,2.012296459369827,37.92480929373238,52.40979732740365,3170.843,Healthy
B0033,56,197,141,1.583036530487776,1.363411616677642,24.0,3.3795623822599756,1.916168037790613,4.198672374221831,-1.9160969808869277,2.012540983003033,38.34698157796738,52.83404254463567,3164.672,Healthy
B0033,57,197,140,1.6027138832797037,1.3803590028341142,24.0,3.37961009118628,1.9463675093023411,4.195265814954276,-1.9162480832673106,2.012744925224623,39.30988108210959,53.60145197534956,3177.453,Healthy
B0033,58,197,139,1.5930709154513834,1.3720538664060056,24.0,3.3842875440340876,1.978054954648292,4.198697754700443,-1.9085281127715084,2.0128033157242164,38.964980792259276,53.25152711755672,3172.375,Healthy
B0033,59,197,138,1.5448888685020246,1.3305564269844263,24.0,3.3822784871834886,1.905966283713238,4.198102779366344,-1.8916136445674485,2.0110757170430724,37.72135386687406,52.64070518740206,3158.406,Healthy
B0033,60,197,137,1.5352188565640517,1.3222279984512066,24.0,3.3814602813053565,1.90750106961619,4.19847889707735,-1.8905533567609434,2.0109144454713883,37.45856152891539,52.51312011499367,3141.578,Healthy
B0033,61,197,136,1.5252677314227332,1.3136574573705746,24.0,3.382560441964418,1.9292976600569,4.198444396938235,-1.8823068188002856,2.010593640629785,37.2659552140469,52.3982280962388,3138.187,Healthy
B0033,62,197,135,1.5559492005453626,1.3400822875074003,24.0,3.3801788533503028,1.8981581536679577,4.195342051626477,-1.890547939656295,2.0108892864074828,38.74887799470947,53.455944890050766,3157.969,Healthy
B0033,63,197,134,1.564802943842715,1.3477076936368295,24.0,3.3800922874688264,1.888436111770808,4.198552819065784,-1.898085696931241,2.011293305057216,39.69321386954275,54.15574298880717,3159.281,Healthy
B0033,64,197,133,1.5518620461881203,1.3365621705533703,24.0,3.382133740383054,1.8935389971250935,4.19849232388628,-1.8896314109891985,2.010981818926622,38.99544744527789,53.69393683990001,3150.375,Healthy
B0033,65,197,132,1.5144550545105004,1.3043448931778976,24.0,3.3814913105388644,1.904031637069275,4.198232140934075,-1.872743521398214,2.0099226373890655,37.746988287643894,52.91956948214362,3134.078,Healthy
B0033,66,197,131,1.5051936202146428,1.2963683576634717,24.0,3.3819655060503893,1.9196175823544368,4.197903885845773,-1.8642972903813007,2.0094460976863178,37.50735630364932,52.77330169161603,3129.797,Healthy
B0033,67,197,130,1.605823969917045,1.3830376070031023,24.0,3.329913840594753,1.852348915398631,4.181130210987576,-1.959422143897036,2.0136528959640816,38.883555668352116,53.75237854927132,3161.89,Healthy
B0033,68,197,129,1.6249005195877049,1.399467543347712,24.0,3.3467196974403497,1.8154710749647816,4.195489950082467,-1.9438219079215997,2.0129125219984862,39.70651744278487,54.49882525049124,3196.859,Healthy
B0033,69,197,128,1.589785130036615,1.3692239392892733,24.0,3.366597142576843,1.9709912361310515,4.197775741628386,-1.9207619197190013,2.013408363994082,38.69688917568081,53.48032268666943,3171.906,Healthy
B0033,70,197,127,1.5552386152299904,1.3394702862964614,24.0,3.3665010841717966,1.8937050882323647,4.197620289512095,-1.9034234318764343,2.0117594884973826,37.93115370815919,53.19212326974819,3160.842999999993,Healthy
B0033,71,197,126,1.539756404636803,1.326136023082651,24.0,3.3683893640779714,1.936708367530743,4.197694092086119,-1.8953087437661214,2.011760292497,37.670702628979534,52.91631108720558,3147.141,Healthy
B0033,72,197,125,1.5293174002138357,1.317145289373911,24.0,3.3686183095745217,1.898472277042985,4.1974767325796405,-1.8860721599248624,2.011230839425107,37.48833504505954,52.95164787724483,3141.203,Healthy
B0033,73,197,124,1.547680553576876,1.3329608035025005,24.0,3.3619229093944987,1.8471266740226868,4.196099622186929,-1.9022031487355253,2.0111886766881235,39.01194436489727,54.15703950174405,3151.047,Healthy
B0033,74,197,123,1.5659920939439786,1.3487318652404607,24.0,3.362373596039391,1.8671703949444944,4.196552042597536,-1.9025608542682582,2.0117608859969733,39.95408175672587,54.90254753232506,3159.172,Healthy
B0033,75,197,122,1.5416252851780503,1.3277456217185928,24.0,3.368466070250841,1.937874589200696,4.197202431807518,-1.8857964938998257,2.0111637090229944,38.629206981182826,53.80008363828377,3141.047,Healthy
B0033,76,197,121,1.517590655990168,1.3070454723498344,24.0,3.36347185491077,1.8429746742692776,4.197066813581793,-1.8764237604426466,2.00968331602708,37.93003488357471,53.54505652293522,3135.0310000000027,Healthy
B0033,77,197,120,1.5075202042593092,1.298372159630504,24.0,3.3632359535533887,1.8767034375876257,4.196924945892409,-1.8755057458521922,2.010028902164596,37.62158369702063,53.29577183051126,3117.984,Healthy
B0033,78,197,119,1.49549282626034,1.2880134177024734,24.0,3.3583847581016526,1.823408615215652,4.196262893825219,-1.8746252042601181,2.0094912938922467,37.78621151878811,53.69065218748237,3125.328,Healthy
B0033,79,197,118,1.4997618811573148,1.2916901989558893,24.0,3.3645795285682984,1.914352330463475,4.196791007353091,-1.866968412651517,2.0097240147793425,37.780545613375104,53.4617189956508,3120.172,Healthy
B0033,80,197,117,1.4906966807803954,1.2838826725574972,24.0,3.3647328172276567,1.9242052922699,4.196494518150467,-1.8579558703430965,2.0090462604288586,37.48831223397221,53.31089209854774,3116.641,Healthy
B0033,81,197,116,1.4800999425051866,1.2747560884357394,24.0,3.360281651978189,1.846946703906843,4.196813869211146,-1.8652023718774091,2.008936775838879,37.84650784146758,53.6277468644108,3110.844,Healthy
B0033,82,197,115,1.4676091496100632,1.2639982241623997,24.0,3.3661837656093314,1.912127707319289,4.196812382131576,-1.856568813720333,2.009097277545085,37.50067380952265,53.311289666668536,3101.406,Healthy
B0033,83,197,114,1.4729818491920503,1.2686255343235515,24.0,3.369029139242048,1.9981993087869525,4.194034862013672,-1.8482708540348454,2.0087454320395803,37.467710565988114,53.24781973161767,3099.563,Healthy
B0033,84,197,113,1.4742872137206404,1.2697497971740936,24.0,3.3652385724141607,1.9676969517091,4.196764423571106,-1.847975231148244,2.0085479333230087,37.598185411610906,53.32567282742489,3104.64,Healthy
B0033,85,197,112,1.4635162808346138,1.2604731855884224,24.0,3.3618926452165643,1.8011165493797343,4.196547768827336,-1.8544013778989676,2.007986302132127,37.701434924362204,53.67135316275077,3099.875,Healthy
B0033,86,197,111,1.4527095680488362,1.2511657580802977,24.0,3.363675541904795,1.935722285136851,4.196047705028354,-1.8463602302715179,2.0082959822553983,37.53461374251148,53.425915759836265,3093.25,Healthy
B0033,87,197,110,1.4557303847230247,1.25376747728647,24.0,3.3590605059993033,1.8530896744385117,4.196278080515848,-1.8534144162144512,2.008302543484767,37.84394106488913,53.80241246385534,3086.688,Healthy
B0033,88,197,109,1.459740099618568,1.2572208984570254,24.0,3.3651551542737717,1.9965159983729224,4.195876729666962,-1.8376882337108682,2.007886415827521,37.62240216799661,53.538703332548565,3094.281,Healthy
B0033,89,197,108,1.448711504158192,1.247722371495249,24.0,3.358584830353844,1.817348554391127,4.195934498287595,-1.8440924557115652,2.0070457442885608,37.85402355267617,53.85443523479271,3088.328,Healthy
B0033,90,197,107,1.4666759762884336,1.2631945160213809,24.0,3.35905242705326,1.840119681149193,4.196120687135332,-1.8441168780731472,2.007511269004867,38.470904652851125,54.31271092311757,3095.687,Healthy
B0033,91,197,106,1.4689502109504418,1.265153231374764,24.0,3.362682403709533,1.8717606752777656,4.195965348408379,-1.8444990382739714,2.007682583346092,39.05355467673962,54.71724968436856,3102.062,Healthy
B0033,92,197,105,1.471116588522042,1.2670190533506598,24.0,3.3650098815184712,1.9004154638642283,4.196021550334557,-1.8447179134276697,2.0080459049265103,39.44221992740732,55.03279239327084,3107.141,Healthy
B0033,93,197,104,1.4473012364654927,1.246507759376185,24.0,3.355774785877264,1.795323655635375,4.19600538145272,-1.842164817595224,2.0068960205429374,38.22999069332894,54.39303449657184,3090.719,Healthy
B0033,94,197,103,1.4205315547561643,1.2234520090417216,24.0,3.3539193468726696,1.7802670666869505,4.195641283102845,-1.8405597937226965,2.0067382638550195,37.758104647901995,54.05963088053671,3069.812,Healthy
B0033,95,197,102,1.4241466094817417,1.2265655238045545,24.0,3.3605316490849235,1.921681538108464,4.200886512488945,-1.8322958668074303,2.007145500101787,37.428049618035296,53.59788130809244,3064.437,Healthy
B0033,96,197,101,1.4412820083364295,1.2413236177619238,24.0,3.3547493929832592,1.77881535602872,4.201002724229119,-1.8406157622829122,2.006553747624584,38.5029228575476,54.608136974659445,3083.25,Healthy
B0033,97,197,100,1.4448965388921615,1.2444366810763898,24.0,3.3635996156389574,1.9534408897799111,4.195465495994929,-1.8326291343034717,2.0074555319706797,38.83348222581879,54.5574027155619,3076.484,Healthy
B0033,98,197,99,1.4540256354795746,1.252299238950033,24.0,3.3569917985687048,1.8222744588584343,4.193707044291354,-1.8392992395990233,2.00704542193514,39.052180409304285,54.99418815591436,3081.297,Healthy
B0033,99,197,98,1.4226030447542912,1.2252361078119551,24.0,3.356737655890982,1.8129227899512983,4.195380315548316,-1.8297056790119524,2.0060010073530257,38.021927947894824,54.16320225337546,3065.953,Warning
B0033,100,197,97,1.410196954589097,1.2145511949100627,24.0,3.359540268494682,1.9001242255219517,4.195068887696935,-1.8209349826801644,2.00593051820167,37.73309166360951,53.87733726225828,3055.828,Warning
B0033,101,197,96,1.4144881298999457,1.2182470276690252,24.0,3.3577795891012125,1.861826807558021,4.200794831783912,-1.8285914763057718,2.0062567805287848,37.88253804875795,54.00540892482746,3051.468,Warning
B0033,102,197,95,1.431360032946153,1.2327781822985209,24.0,3.3555412354678467,1.7571531937270366,4.201229193181646,-1.837054902454502,2.0062086016256737,39.09683297382756,55.01715436055076,3069.0,Warning
B0033,103,197,94,1.4515133236517528,1.2501354764184673,24.0,3.3594857050424136,1.8292747932433169,4.195456528334941,-1.837816023009627,2.007032033378582,39.853212783951,55.56824997306065,3079.235,Warning
B0033,104,197,93,1.4230376757726733,1.2256104396533358,24.0,3.358051208135682,1.7807877780971682,4.195112832732734,-1.8280312164109505,2.0056390951777296,39.04623892631281,54.92871435196593,3070.344,Warning
B0033,105,197,92,1.396298696255913,1.202581131997357,24.0,3.3644871236228617,1.93715684685712,4.194675647244639,-1.8096060815655475,2.00521847423186,37.820538353520355,53.80101502575858,3051.4839999999967,Warning
B0033,106,197,91,1.3979060730399124,1.2039655069864845,24.0,3.361244790495099,1.8780478013995328,4.200892254113164,-1.8091575935883184,2.0047113189253367,37.73310595477053,53.90914216170243,3054.812,Warning
B0033,107,197,90,1.4011347560096767,1.2067462538503548,24.0,3.35671886762914,1.8094020919691347,4.200853825806664,-1.8167109753774657,2.004876170013481,38.006666099531806,54.23260277977909,3046.532,Warning
B0033,108,197,89,1.436782528945267,1.2374483802972378,24.0,3.359022917654344,1.8197773356081155,4.194606941815903,-1.8264479842957797,2.0057941778339283,39.784628994566496,55.63045478699343,3071.782,Warning
B0033,109,197,88,1.4370006879546382,1.2376362726938637,24.0,3.360671828990881,1.836381881007388,4.194748069677628,-1.8267902000568097,2.0060457832283882,40.35944876635067,56.16713312985831,3074.532,Warning
B0033,110,197,87,1.410355528453481,1.2146877687948963,24.0,3.3583948833503303,1.75385880069876,4.195093766485416,-1.8243917057977057,2.0052247734267437,39.40096297699252,55.53601912262827,3053.656,Warning
B0033,111,197,86,1.382633397996189,1.1908117090978538,24.0,3.3625185980231946,1.977912246538546,4.19415713586591,-1.8064502971208865,2.005204144516747,38.23202468655914,54.42859597766174,3031.953,Warning
B0033,112,197,85,1.3699403583067564,1.1798796570382655,24.0,3.352730063565273,1.8406238091435183,4.194421518890087,-1.8133450646172389,2.004964225509959,38.186119358463095,54.60293074972065,3023.5,Warning
B0033,113,197,84,1.3786129327882322,1.1873490290753737,24.0,3.348905668243179,1.793591568720353,4.193864909249693,-1.8127387092209186,2.0043694952453803,38.7565059715467,55.29175004355109,3042.703,Warning
B0033,114,197,83,1.8035959863147195,1.5533714302707597,24.0,3.457384162912773,1.880422567759453,4.4683580435456935,-1.5628707519379117,1.9626336533016615,39.21824541685028,57.637403832441095,4424.203,Warning
B0033,115,197,82,1.4234424290662009,1.2259590389001984,24.0,3.376673863925851,1.92608696846512,4.192884657368934,-1.7979194894124642,2.0040867294212226,39.05310062274121,54.65393012817871,3066.766,Warning
B0033,116,197,81,1.3946003892958665,1.2011184421646097,24.0,3.373391130621014,1.9774094380313447,4.19449660552562,-1.7963463690245949,2.004141332783143,38.41375319607374,54.152949724280695,3046.125,Warning
B0033,117,197,80,1.3961613987822286,1.2024628826916985,24.0,3.364186626496377,1.8428005555738187,4.194231055547011,-1.8032850146688266,2.0038662833038754,38.46902673499884,54.53515875704883,3033.625,Warning
B0033,118,197,79,1.384968608315797,1.1928229405608184,24.0,3.358003989298615,1.7746653306163975,4.200536096823805,-1.8108049336910572,2.0042805271692985,38.5100324254832,54.77734925210607,3028.562,Warning
B0033,119,197,78,1.3715114742475478,1.1812328018858846,24.0,3.36155800725267,1.8460476497404992,4.193861125565952,-1.8013083911049832,2.0036596013347667,38.40063671961678,54.64702813763124,3020.984,Warning
B0033,120,197,77,1.3616865084879255,1.1727709172785838,24.0,3.3646263159375533,1.95995016678396,4.1912968364535725,-1.7919918693222388,2.003688479820965,38.39044541549165,54.505104228610136,3017.391,Warning
B0033,121,197,76,1.3796301360966086,1.1882251091786773,24.0,3.360892538206702,1.9111619475065968,4.193746611615085,-1.7916249952930718,2.003214700275959,38.413629652125955,54.4213321925581,3022.14,Warning
B0033,122,197,75,1.364231776003204,1.174963063341577,24.0,3.3571675251434945,1.7914848144741025,4.1937859295628215,-1.798733884420521,2.003101533109231,38.44024987650422,54.599932749715,3009.016,Warning
B0033,123,197,74,1.3418414512081456,1.1556790933643575,24.0,3.3650892446963074,1.8461845656811997,4.200650322742635,-1.7887872050368798,2.0022123411293973,38.18714693456589,54.621715057959925,3014.672,Warning
B0033,124,197,73,1.355221569579225,1.1672029012287473,24.0,3.363027417163423,1.8424801617142232,4.2006243085499655,-1.7888403713952685,2.002471948707453,38.18649962226669,54.55731341596549,3010.703,Warning
B0033,125,197,72,1.3403860264029774,1.1544255890715944,24.0,3.3583632498611675,1.8293764049247,4.193697387023266,-1.7886164084551721,2.002099062098337,38.536213089297746,55.041315475822266,3011.75,Warning
B0033,126,197,71,1.3594078914195438,1.1708084275184554,24.0,3.3574236498195953,1.7818288008009142,4.200544185864463,-1.7964130441048565,2.0027595299916685,38.552272664006516,54.87421915377841,3005.734,Warning
B0033,127,197,70,1.3457100861355502,1.1590110075047615,24.0,3.360766302094452,1.8799745135000576,4.193351413646578,-1.787019212781781,2.0024264722510705,38.455511167512036,54.605029117345865,2993.75,Warning
B0033,128,197,69,1.3477611420854358,1.1607775071746511,24.0,3.3594711162840047,1.8632410129416257,4.200351692306739,-1.78684609892111,2.002165014194646,38.45383838785278,54.77196645266215,2998.125,Warning
B0033,129,197,68,1.335482103134067,1.1502020188485698,24.0,3.352476127724087,1.7604885282268967,4.20027821207153,-1.7942781727538535,2.002227052197683,38.59571101696619,55.081324460303485,2990.859,Warning
B0033,130,197,67,1.353154941842234,1.1654229901466615,24.0,3.3599659156305464,1.8980864731881968,4.192818631069228,-1.7787288593777348,2.001545574623548,39.84838963202565,56.28817834549751,3024.453,Warning
B0033,131,197,66,1.3709677706044292,1.18076452977164,24.0,3.3529340862280046,1.765463647928582,4.193616398463828,-1.7963772790558135,2.002702622792009,40.8588418858713,57.27354368026744,3030.765,Warning
B0033,132,197,65,1.357426672491866,1.1691020759282333,24.0,3.343287590707508,1.7789329307031558,4.2001549210390445,-1.805219032161489,2.0038180532636085,40.645674557350794,57.2291922074886,3020.813,Warning
B0033,133,197,64,1.3443678821106904,1.157855016139937,24.0,3.3304566806630636,1.9751406850610131,4.199721786449104,-1.8050690579203057,2.0053114083561736,40.22816795562337,57.19704022437858,2998.156,Warning
B0033,134,197,63,1.33005823859453,1.145530642175909,24.0,3.320924665615561,1.7718580087129037,4.198848421060828,-1.8114911161465173,2.004206636251336,40.06014962782639,57.01987269382395,2986.766,Warning
B0033,135,197,62,1.4033641858066626,1.2086663804079152,24.0,3.340032080385694,1.9154948072138345,4.177372245766921,-1.8025216435721638,2.004624958437884,40.062941403566036,55.93330356332492,3032.328,Warning
B0033,136,197,61,1.3865570950229378,1.1941910462158323,24.0,3.365998712772332,1.9395710043147305,4.191445596329994,-1.7876356209052575,2.003003611598265,40.262388264621016,56.299084505467846,3047.703,Warning
B0033,137,197,60,1.3704138176872631,1.180287430331538,24.0,3.3457011047959266,1.9213252989145688,4.193389880737777,-1.7957587291291346,2.0038289977470813,39.997401224885536,56.50951504855041,3034.968,Warning
B0033,138,197,59,1.325319393635713,1.1414492478795344,24.0,3.346323103330572,1.99784512954192,4.200380611368274,-1.7944892722865402,2.004379148392912,39.574089613864224,56.69165778744567,3011.7339999999967,Warning
B0033,139,197,58,0.8439684993200656,0.7268792816350357,24.0,3.5025083166259967,1.4425192802033469,4.200602056573652,-1.3524928232333502,1.8998148272540494,35.98333032061264,55.51714083426434,3002.922,Warning
B0033,140,197,57,0.298661803715835,0.2572265167618073,24.0,3.8878704029237765,1.5585045696383768,4.193070577827655,-0.4098076101048112,1.2088912533810077,30.119688488829738,45.807200259053744,2986.718,Warning
B0033,141,197,56,0.2344867974702557,0.2019549248999171,24.0,3.9545425965879493,1.203791745361808,4.189611396704824,-0.3263585049640118,1.0865471711831178,30.940513967139797,46.03459549176176,3006.203,Warning
B0033,142,197,55,0.2025633038072582,0.17446038433384772,24.0,3.987610232479158,1.5484910888494308,4.191309904018761,-0.2716005858874483,0.9979089987607143,31.002948619577534,44.981619190674095,3011.609,Warning
B0033,143,197,54,0.2353199565407024,0.20267249441477683,24.0,3.9673029925231815,1.9233358352697387,4.191105087223256,-0.3170614258991049,1.078559500367179,30.353188245577265,44.437719613927904,2985.953,Warning
B0033,144,197,53,0.2355042783748287,0.20283124408669864,24.0,3.949305726224602,1.477441018016571,4.190985119306768,-0.33378469731868937,1.0996303013983095,29.92194766382464,46.16094346830902,2976.312999999994,Warning
B0033,145,197,52,0.4304242256752923,0.3707086842805514,24.0,3.7530265184592335,1.7051348869638063,4.19146431605178,-0.6350119541631206,1.4632726463070875,32.39035931572692,51.875290776017344,2964.75,Warning
B0033,146,197,51,0.4643633320269643,0.3999391985285515,24.0,3.7437278161410794,0.9861339962587278,4.189169176120785,-0.647927020958107,1.4720509064115601,32.954165794905116,51.767777887259,2969.953,Warning
B0033,147,197,50,0.3994839380247729,0.3440609431870039,24.0,3.8025429033127525,1.3263821081867295,4.191809961918757,-0.5493227175747413,1.3742521789616593,32.988995755051256,51.02675215928651,2988.453,Warning
B0033,148,197,49,1.461469789426299,1.2587106171916793,24.0,3.2312787223699537,1.8345225826317897,4.190743825523512,-1.9259470996842372,2.0132768139860193,45.33521672468352,61.13715999731606,3001.235,Warning
B0033,149,197,48,1.4150999545382532,1.2187739699114641,24.0,3.337618232944289,1.9860807469381487,4.1981379242882495,-1.8473131233384892,2.0097674344372707,40.620147730266055,56.348749401178914,2976.234,Warning
B0033,150,197,47,1.383632373873956,1.191672090580086,24.0,3.3407978157952662,1.8841219743920603,4.199581881706975,-1.844518264194251,2.008454357829451,39.68399574640648,55.51777727453801,2950.39,Warning
B0033,151,197,46,1.3705402893609833,1.1803963557705976,24.0,3.345126055228355,1.8129527074235323,4.192675713672651,-1.8328005456847734,2.0067363872451547,39.047236578784684,54.98845662264607,2941.719,Warning
B0033,152,197,45,1.3557042566115398,1.16761862196191,24.0,3.3571373711093697,1.964418985321,4.200041578787561,-1.814347722959519,2.0066149005847973,38.66855198329813,54.53862414235327,2946.969,Warning
B0033,153,197,44,1.3578385793919765,1.169456836315492,24.0,3.351453240465127,1.854641378834996,4.199761584906472,-1.8221926476157024,2.0060753006783947,38.84148471879362,54.72686731387149,2936.171,Warning
B0033,154,197,43,1.3609083979571397,1.1721007590628378,24.0,3.346026215342865,1.7877573640818558,4.19986267410377,-1.8306905769975232,2.0062527711138105,39.052551352201455,55.0046224518596,2927.281,Warning
B0033,155,197,42,1.3495626547684758,1.1623290843318075,24.0,3.350979420027859,1.9183209167927544,4.199784078520709,-1.8209388850738168,2.0065597446386105,38.79448240276511,54.71731449617404,2924.422,Warning
B0033,156,197,41,1.1888877132486642,1.0239456184053377,24.0,3.342644131880222,1.8528656809384136,4.044618024605659,-1.568210357203081,1.9648078783173868,38.509868638012954,54.428778601713,3023.859,Warning
B0033,157,197,40,1.5041493934608643,1.295469003252422,24.0,3.3518592869527803,1.948475871638004,4.19403031740486,-1.887501094191758,2.0124917308349155,40.15830993087354,54.890003781719805,3056.172,Warning
B0033,158,197,39,1.4899088638712767,1.2832041545921684,24.0,3.3468424673944153,1.8283531317172368,4.19296029632327,-1.876137336259163,2.010553479583794,39.45022733421382,54.47368119654309,3045.078,Critical
B0033,159,197,38,1.475330178643193,1.2706480648159384,24.0,3.3508471294894773,1.888528315752074,4.199907627033468,-1.8659348672273262,2.0101516083001925,38.94097771129498,54.12307476528604,3034.25,Critical
B0033,160,197,37,1.459830765413703,1.2572989855990095,24.0,3.355670268634572,1.924025874710363,4.199827998046917,-1.8556627342355745,2.0097079865923235,38.66654129149028,53.77302966651148,3022.609,Critical
B0033,161,197,36,1.4474169057725728,1.2466073811309133,24.0,3.353308872329983,1.800492506386291,4.200007095257734,-1.8545310784984728,2.008436443990862,39.33636206194418,54.609405212648525,3028.828,Critical
B0033,162,197,35,1.4676323674647154,1.264018220853656,24.0,3.355576427429911,1.793120582655924,4.193196345687703,-1.854560270480603,2.0083726638343107,40.21246241286748,55.29324534393817,3037.875,Critical
B0033,163,197,34,1.441552493165527,1.2415565764783048,24.0,3.3638323924431814,1.8969132609228212,4.191982585507099,-1.8335819983714545,2.0078513814305983,39.15441493084491,54.26200652741747,3023.187,Critical
B0033,164,197,33,1.418392873584403,1.22161004096468,24.0,3.3571376570885594,1.8056023837774515,4.2001706293322,-1.8420750095953933,2.007784134408612,38.472340837695874,54.01880189925328,2996.922,Critical
B0033,165,197,32,1.4031824838852518,1.2085098871712445,24.0,3.361111422960934,1.862859289057269,4.200074212399141,-1.8314678023298128,2.007244413261636,38.10278800382275,53.57147874982123,2986.469,Critical
B0033,166,197,31,1.3911104661211642,1.1981126986419157,24.0,3.3674136761881366,1.9520601805312336,4.200092034422385,-1.8211918432229095,2.007207189038199,38.13961733869117,53.4828168564585,2979.219,Critical
B0033,167,197,30,1.4086019958134537,1.2131775150985398,24.0,3.3717064606024185,1.9878541604164133,4.192967636550445,-1.8123034655027377,2.006328038106489,38.75498314355583,53.87014040301519,2995.047,Critical
B0033,168,197,29,1.413770890394895,1.217629295447252,24.0,3.3721296388578876,1.9566455890224008,4.2005612724264685,-1.8216175674206458,2.0071306465250385,39.165872874745595,54.16164128030712,2989.828,Critical
B0033,169,197,28,1.412472234540845,1.2165108105333677,24.0,3.370281011025519,1.8936715311451315,4.200390037061694,-1.82079151069233,2.0065688824670014,39.025069457187186,54.16534435153781,2989.391,Critical
B0033,170,197,27,1.3831900026575588,1.1912910923885065,24.0,3.364268931307196,1.828763483963188,4.200616069155656,-1.817964724512839,2.0055800493527953,38.3251245457817,53.79228026466776,2967.2810000000027,Critical
B0033,171,197,26,1.3646098107432565,1.1752886508729883,24.0,3.3720392126554684,1.9584399411299585,4.200037449743801,-1.798635457145711,2.0049025240794105,37.878182669376734,53.22509160340434,2962.609,Critical
B0033,172,197,25,1.369751365782437,1.1797168846712607,24.0,3.362230190450641,1.8220675972367208,4.192500996043775,-1.8064428802106411,2.004484906464972,37.905840036253096,53.57857958784029,2957.016,Critical
B0033,173,197,24,1.3867946911071662,1.1943956790559944,24.0,3.3636193969648573,1.7715995765672343,4.200097022210454,-1.8173405882716633,2.0052835523463997,39.1223902532353,54.49825501084428,2973.281,Critical
B0033,174,197,23,1.3918615875742792,1.198759612149589,24.0,3.3703866336965356,1.8584436263684132,4.191446103300025,-1.8068979814568502,2.004921294385,39.39196447810482,54.46813289210952,2968.016,Critical
B0033,175,197,22,1.377162352180965,1.186099696913553,24.0,3.3756959922995033,1.9792800716788903,4.19205219049645,-1.7968101494502102,2.0049867903735366,38.80564596554866,53.89419947351141,2959.281,Critical
B0033,176,197,21,1.3599525359390852,1.171277509975241,24.0,3.366639210990064,1.846857607499265,4.20026251718639,-1.8043699219153886,2.004454272176165,38.29516028833109,53.782251370205934,2942.797000000006,Critical
B0033,177,197,20,1.379779043170725,1.1883533574096852,24.0,3.370719403191649,1.9297681149166703,4.170526417555859,-1.786679633285191,2.003282536340238,39.48206657960875,54.80009542618075,2978.89,Critical
B0033,178,197,19,1.3631373661966442,1.1740204880977765,24.0,3.368376555569585,1.9404476337602208,4.193298745157419,-1.805526191357153,2.005445488829668,38.22420789035359,53.59426450012642,2948.891,Critical
B0033,179,197,18,1.3652295228794809,1.1758223863296577,24.0,3.3605555096355064,1.8078076221500168,4.200151767615752,-1.813761282828491,2.0051180183925523,38.212225319933545,53.860038336831,2938.547,Critical
B0033,180,197,17,1.3498620694059131,1.1625869592367912,24.0,3.3664344500865964,1.901348395168944,4.199734233391325,-1.802941147720235,2.004894549852311,38.03726842877258,53.50394440240513,2925.484,Critical
B0033,181,197,16,1.3529504172332432,1.165246840561719,24.0,3.360999914466085,1.820065501803385,4.199873842512875,-1.8116624900760223,2.005246445011757,38.08745383569629,53.71091736477066,2917.297,Critical
B0033,182,197,15,1.3535740542605128,1.165783956383871,24.0,3.3597145615560104,1.781542687267246,4.199220802674783,-1.8111731864316711,2.004735333001605,38.371162533264,53.96609282803159,2918.938,Critical
B0033,183,197,14,1.3432225183905024,1.1568685561490586,24.0,3.360790017915931,1.8027051007685868,4.189411926667855,-1.799607080950245,2.0035719092993496,38.21500087152169,53.89601837110568,2918.25,Critical
B0033,184,197,13,1.3412081769053426,1.1551336773083432,24.0,3.364551990412796,1.845120981293168,4.199234827601777,-1.8000478038107868,2.0040236407991676,38.068361542357145,53.58335886886063,2915.4839999999967,Critical
B0033,185,197,12,1.3277389969987805,1.1435331639922863,24.0,3.370459024271422,1.9386542857041755,4.199099264533491,-1.7893303733112242,2.0039333292967516,37.98761504071771,53.35830232724686,2906.015,Critical
B0033,186,197,11,1.329778900445409,1.1452900584179488,24.0,3.3647395351261364,1.8652024206914877,4.197710813920559,-1.7980109473876715,2.0041371936089702,38.3556643629041,53.56872781314004,2894.14,Critical
B0033,187,197,10,1.3356045028702497,1.1503074372763673,24.0,3.3724762289358954,1.9741597310368288,4.194824465751656,-1.7871202282133007,2.004045849042115,38.587739723836165,54.028944257752215,2892.031,Critical
B0033,188,197,9,1.3177489685711123,1.1349291169302609,24.0,3.3682526298407938,1.9140482800494216,4.190646284256201,-1.786405828905418,2.003253275410994,37.84946765760722,53.32084823607714,2888.719,Critical
B0033,189,197,8,1.317605472474197,1.134805528976531,24.0,3.368834125820871,1.9249905185886904,4.199787523647983,-1.7962891627935822,2.0045669053929616,37.81892879614016,53.15804525272694,2875.641,Critical
B0033,190,197,7,1.3185279522072382,1.1356000271197866,24.0,3.3643721242108837,1.848326319700026,4.198644370031491,-1.8053146501565176,2.0048863106743613,37.98975162560657,53.44440984728841,2860.7810000000027,Critical
B0033,191,197,6,1.3215397269813982,1.1381939588673005,24.0,3.3599563575039135,1.7964863123561203,4.199051265280784,-1.8145360631140475,2.005285920445223,38.110497566784815,53.71116793928585,2852.844,Critical
B0033,192,197,5,1.3046615372928705,1.1236573897821025,24.0,3.369660207276821,1.9550178000855185,4.198244533751371,-1.794060809034671,2.0048104415290773,38.158711514227996,53.18757385880901,2854.64,Critical
B0033,193,197,4,1.3280324770208678,1.1437859276295559,24.0,3.3817276755972934,1.9991954704388997,4.159889361487179,-1.7532558725802958,2.000116219070547,41.901714617344744,56.49572691828426,2897.844,Critical
B0033,194,197,3,1.3634549770713926,1.1742940347581823,24.0,3.379780519797374,1.982805388419431,4.195184914935837,-1.7969595693199287,2.00545874598618,40.72593783748325,55.32081069602003,2896.063,Critical
B0033,195,197,2,1.3291316747402466,1.1447326265280109,24.0,3.3656667993678133,1.80889512605386,4.199591464734624,-1.8148752451997945,2.0053159453728258,39.388005009279006,54.57622829352292,2866.234,Critical
B0033,196,197,1,1.3124201086917682,1.1303395643057825,24.0,3.3648038854052915,1.865543717364217,4.199771526762111,-1.813083056493043,2.0060056115532428,38.64570917130626,54.008789265404765,2836.609,Critical
B0033,197,197,0,1.3152825503676355,1.1328048809032063,24.0,3.371817482414552,1.994367058308584,4.199637020490028,-1.8021170413093346,2.006153851000251,38.3036813037848,53.47500454222108,2829.516,Critical
B0034,1,197,196,0.7459302957645664,0.46024360804700354,24.0,3.1178767585161347,2.170439265213917,3.854275360971105,-1.9933511025949644,2.0166044249777597,38.9583698209689,51.86748080848415,1819.406,Healthy
B0034,2,197,195,1.6623217152845853,1.0256627842059611,24.0,3.3022762078952894,2.184438966859873,4.185182030297302,-1.9787478556297067,2.0145754219106573,39.10734156415766,53.72590623785784,3260.531,Healthy
B0034,3,197,194,1.645087369694532,1.015029086336692,24.0,3.3294991412960915,2.1716683590197,4.191235610410253,-1.9609699675983692,2.014035111981642,39.20920805238827,54.1404555915866,3265.75,Healthy
B0034,4,197,193,1.620729289277574,1.0,24.0,3.3493830070987887,2.182463026326082,4.190305001839791,-1.9366251479989427,2.013482535534468,38.936075977838854,54.22868210799842,3264.109,Healthy
B0034,5,197,192,1.5967402025126003,0.9851985850297883,24.0,3.3541317530780055,2.0979416663773915,4.190367874669205,-1.9296993194196932,2.0134771559510907,38.60445981652459,54.17641516112459,3253.531,Healthy
B0034,6,197,191,1.4856500618812698,0.916655280872653,24.0,3.369692035482086,2.177479814637099,4.18989933406868,-1.8861346839189572,2.010987556570899,37.79484872719341,54.09745559724325,3242.578,Healthy
B0034,7,197,190,1.4866702197497013,0.9172847245898614,24.0,3.3729072074215107,2.164719422934807,4.18599771136978,-1.878796746756769,2.010608643909997,37.65277428767197,54.03810589370243,3234.625,Healthy
B0034,8,197,189,1.4701330958405268,0.9070812168118624,24.0,3.376976361461993,2.1685179095920546,4.191866541196004,-1.8723916722187988,2.010137539978055,37.91666092404816,54.56296443841966,3235.36,Healthy
B0034,9,197,188,1.4565041801019636,0.8986720914701231,24.0,3.3791099564139215,2.159913301643853,4.18853091556387,-1.8590598981345452,2.009168442298516,37.78228277348195,54.47381276284677,3236.125,Healthy
B0034,10,197,187,1.4418961035576472,0.8896588178525235,24.0,3.3845619896694177,2.188985459937614,4.188375692870302,-1.8455810936527006,2.008041626106434,37.58309361555109,54.157190141377896,3230.25,Healthy
B0034,11,197,186,1.4370949588970292,0.8866964818890894,24.0,3.383128626739751,2.161327607707136,4.187976084521654,-1.8444812955511094,2.007966699306651,37.550522561172464,54.45256615419595,3226.078,Healthy
B0034,12,197,185,1.4458703624967404,0.8921109602092923,24.0,3.386094893398142,2.140456418044363,4.185168395505227,-1.8435378224723704,2.0077437610253215,37.681954258546924,54.20147817586685,3224.5,Healthy
B0034,13,197,184,1.432104054561837,0.8836170630322755,24.0,3.3916477322319585,2.170940246075281,4.187927929507927,-1.8296929439731453,2.006561698513958,37.440274736517715,53.81393710497776,3222.188,Healthy
B0034,14,197,183,1.426720633302465,0.8802954588044826,24.0,3.3914152987340267,2.153155635587653,4.187886599518975,-1.8286913393639905,2.0065122873738668,37.402773880575964,53.84994246144553,3216.546000000002,Healthy
B0034,15,197,182,1.4230846885129826,0.8780520583713954,24.0,3.3964131813944722,2.182519668385055,4.186569652343309,-1.8146752424570791,2.005112692389723,37.26498054251946,53.61278420241196,3211.859,Healthy
B0034,16,197,181,1.4409479522418909,0.8890738026238675,24.0,3.403051791482094,2.188496149834977,4.186557905906351,-1.8075203268976408,2.0044601814351592,37.570569601089254,53.35590902048553,3215.859,Healthy
B0034,17,197,180,1.486901544051865,0.9174274531156517,24.0,3.4002648970649156,2.100542699118501,4.184379902708746,-1.8262934110095792,2.006353217055609,38.400250729227935,53.83102716771526,3225.125,Healthy
B0034,18,197,179,1.5245313226850703,0.9406452593724748,24.0,3.402154252869035,2.112961645498256,4.187835929449723,-1.8395285698527164,2.007640680686775,39.102942991019354,53.994059646351175,3234.343,Healthy
B0034,19,197,178,1.4629049605190707,0.9026214125933072,24.0,3.407206655670774,2.1659225933828385,4.187676357576053,-1.8047483945772262,2.004323801504105,37.80351021576893,53.39429065914855,3218.25,Healthy
B0034,20,197,177,1.423079450854989,0.8780488267040046,24.0,3.404574250610661,2.148786443036186,4.186173516948595,-1.7959916493195849,2.0033117558714806,37.356060000664904,53.38470633939791,3203.5,Healthy
B0034,21,197,176,1.4051040863603437,0.8669579155854317,24.0,3.4067467727915552,2.176304604588501,4.183451670510337,-1.781271140675487,2.0016368951382453,37.06076524279572,53.12872869294344,3194.39,Healthy
B0034,22,197,175,1.6329463925070862,1.0075380282878443,24.0,3.327594909243545,2.11932965334224,4.171109136894672,-1.9422323790824172,2.0138038998674648,39.94613025797719,55.80847324293826,3225.219,Healthy
B0034,23,197,174,1.5687138208259117,0.9679061341114853,24.0,3.387012528508769,2.1509974200024624,4.183529138373987,-1.8688152377047642,2.010064611951075,38.718351533776065,55.579127556921776,3252.985,Healthy
B0034,24,197,173,1.5149520966053402,0.9347348176083231,24.0,3.3938481398345894,2.1142806141482584,4.188330656095053,-1.8406021933680257,2.0077971179571112,38.131331549186825,55.5590605953301,3245.25,Healthy
B0034,25,197,172,1.4855182940634626,0.916573979313732,24.0,3.4020764335853744,2.1801548663736754,4.186643866753638,-1.8125906145533157,2.004891498959767,37.90482918212311,55.43438713431678,3235.031,Healthy
B0034,26,197,171,1.480771929049074,0.9136454427309789,24.0,3.400466282848084,2.109657199964041,4.187573632919629,-1.8110391962814834,2.0049580313468427,38.06681078125698,55.91432751133226,3228.141,Healthy
B0034,27,197,170,1.484026357317059,0.9156534451096091,24.0,3.4030809584663944,2.1306422513355594,4.187294591248425,-1.8097841749979178,2.00480697883509,38.24251669378549,55.78439633575717,3217.875,Healthy
B0034,28,197,169,1.4922153055506522,0.9207060768401331,24.0,3.4070525055582563,2.1787867991793117,4.183701675158018,-1.8021093934434649,2.004070500765006,38.56098530062726,55.819046085150106,3220.219,Healthy
B0034,29,197,168,1.473312924099279,0.9090431905231968,24.0,3.4060276994838254,2.1208148015326507,4.187348905123759,-1.800815649461131,2.003924706081321,38.38922286871294,55.81813101636483,3210.234,Healthy
B0034,30,197,167,1.441593178980006,0.8894719115137258,24.0,3.408174888188947,2.1326343880232206,4.186484904879302,-1.7788779160462762,2.0015390921421368,37.90831705954933,55.50852980614408,3210.546,Healthy
B0034,31,197,166,1.4225873198015788,0.8777451787989127,24.0,3.405126191511401,2.080806437045425,4.1865382627627215,-1.7776506180150589,2.00119564429944,37.78900459955153,55.810474269938815,3200.969,Healthy
B0034,32,197,165,1.4266489379486664,0.8802512223275627,24.0,3.409764436063523,2.153621018125857,4.187164525329423,-1.7757913058945813,2.0010759638110565,37.868460669545925,55.5580463265768,3188.625,Healthy
B0034,33,197,164,1.4596775560238575,0.900630084049691,24.0,3.410480218060336,2.16386574936286,4.185560165483177,-1.781934305037178,2.0019255032497654,38.32719437027863,55.7456104997617,3191.735,Healthy
B0034,34,197,163,1.4396159938545154,0.8882519760571562,24.0,3.4102489283524573,2.110862355108561,4.187111715287616,-1.7740392922449235,2.0010277868378776,38.222749634083,55.88273287086187,3190.313,Healthy
B0034,35,197,162,1.4195512657848512,0.8758719146845331,24.0,3.414435733868323,2.188936134619456,4.187953553733828,-1.758159329896538,1.9990190259954228,37.708662488006475,55.52091947034592,3182.156,Healthy
B0034,36,197,161,1.4118101714470452,0.8710956115788759,24.0,3.408669177651725,2.076995222056859,4.186573417418747,-1.764462484778239,1.9997687558838535,37.8703638417689,56.03798112972515,3180.156,Healthy
B0034,37,197,160,1.4044196701845313,0.8665356265700234,24.0,3.4118322352896917,2.138330613016186,4.187350410759027,-1.7624729823299456,1.9996278599898887,37.83489284744581,55.7872631992585,3171.953,Healthy
B0034,38,197,159,1.4735059098606866,0.9091622639321149,24.0,3.412313772481234,2.163289759388807,4.18502843595743,-1.7852228610575493,2.002352415137175,39.269306296372,56.29505678813318,3192.172,Healthy
B0034,39,197,158,1.492658600645149,0.9209795926563952,24.0,3.4055246588869954,2.011759892668098,4.186257969039418,-1.806117173524204,2.004746443258846,40.1506450904851,57.203641711448896,3194.735,Healthy
B0034,40,197,157,1.4820260149945934,0.9144192215192172,24.0,3.412772999015033,2.162343975515107,4.186398813067427,-1.7898966673086716,2.0031420222152723,39.44313364004617,56.48442346523092,3178.75,Healthy
B0034,41,197,156,1.423575357658995,0.878354804270577,24.0,3.4159307513752806,2.1921995805381784,4.185933256660042,-1.7588595515353411,1.999224401309349,38.29706396735563,55.71155596776208,3165.359,Healthy
B0034,42,197,155,1.403825219724535,0.8661688469579505,24.0,3.414462463305671,2.16034888083278,4.187334986366342,-1.7569483309674612,1.9989941942680842,38.00009263186772,55.725184853786985,3155.25,Healthy
B0034,43,197,154,1.5363173478836123,0.9479173098478478,24.0,3.3922002422487143,2.165521364045302,4.176473851854755,-1.8535542744661238,2.0089546003729226,39.66453202372922,56.68734909187956,3173.766,Healthy
B0034,44,197,153,1.5440367168176732,0.9526802082449649,24.0,3.3972119520639095,2.0714906018792005,4.186547012412841,-1.8469058434531274,2.008362037769272,40.503647950320534,57.523569542125074,3199.485,Healthy
B0034,45,197,152,1.507892155360249,0.9303787901756121,24.0,3.4077342186972084,2.160000438530016,4.186836439169428,-1.809719941535708,2.0050702546929537,39.602225792574906,56.64647124225468,3196.015,Healthy
B0034,46,197,151,1.8203060058691087,1.1231400690490971,24.0,3.305027554247319,2.07023691471502,4.267804722238553,-1.951674467634044,2.014084577123911,43.00893271743553,61.22071154968515,3595.281,Healthy
B0034,47,197,150,1.5936575758226643,0.9832965852878635,24.0,3.3502911943233946,2.051324967440629,4.183147061073988,-1.920877053556143,2.013257357300348,40.64495633031262,58.28488787096781,3198.0,Healthy
B0034,48,197,149,1.533070464968097,0.9459139629983795,24.0,3.378826251452736,2.126099692893142,4.186094144264648,-1.8756315967870998,2.0105822754576277,39.63966215341089,57.592019665372526,3183.516,Healthy
B0034,49,197,148,1.4862143093107285,0.9170034250279981,24.0,3.3905180732853615,2.1895562891910765,4.1869069503681295,-1.837523884399117,2.007663220075291,39.16680148065847,57.28443182001311,3183.797,Healthy
B0034,50,197,147,1.5029318848267783,0.9273182725640117,24.0,3.387526907959532,2.074340759266504,4.185562043793452,-1.8376918380374707,2.0077761879017095,39.82254974386062,57.87208806126728,3191.516,Healthy
B0034,51,197,146,1.5202185406928062,0.9379842461972353,24.0,3.3911818711119515,2.1265733975652816,4.186540363518264,-1.8447319494358396,2.0083826062896484,40.67552783597674,58.01475740778219,3189.985,Healthy
B0034,52,197,145,1.5118194735004464,0.9328019697690086,24.0,3.390835631837091,2.062739747604538,4.182887718757515,-1.8363552560101446,2.007840448767483,40.582538417129676,58.312052179468594,3189.734,Healthy
B0034,53,197,144,1.464601301820905,0.9036680656729159,24.0,3.396934021472626,2.1030377322448675,4.183577669537621,-1.804847667473282,2.004557382295106,39.684346755235566,57.74556007237976,3176.016,Healthy
B0034,54,197,143,1.4546140961511749,0.8975058979772966,24.0,3.3994906529891593,2.1244761059896846,4.186336344550888,-1.7965264889900276,2.0036470413727243,39.47995207463314,57.59063118746153,3171.36,Healthy
B0034,55,197,142,1.4333400490204142,0.8843796792611264,24.0,3.3981483429417363,2.0601307559265187,4.184762302875813,-1.7880255809187031,2.002715573743414,39.48992781243277,57.76023731619168,3170.843,Healthy
B0034,56,197,141,1.449326234639616,0.8942432547051955,24.0,3.3988819411159534,2.066307670696809,4.185022396532557,-1.7944904482925368,2.003628798286033,39.852310270589804,57.84385498440773,3164.672,Healthy
B0034,57,197,140,1.495199821798908,0.9225475418324675,24.0,3.3979295593430394,2.063118102136468,4.183906394520297,-1.8100461507144519,2.0051862864681538,40.873690307547484,58.50818415025991,3177.453,Healthy
B0034,58,197,139,1.4720590241846008,0.9082695265171387,24.0,3.3987236708202504,2.015578277968309,4.18478065365082,-1.8015738065563547,2.0044022718968755,40.55984735939729,58.39804679399696,3172.375,Healthy
B0034,59,197,138,1.4097383014648728,0.8698172549798563,24.0,3.4080267118315732,2.1825208655708157,4.184572904357356,-1.7534517505866212,1.9985733221486432,38.988662122088876,57.19671566450291,3158.406,Healthy
B0034,60,197,137,1.3861944181384176,0.8552905332859763,24.0,3.407631378055527,2.177635067318021,4.186221928288161,-1.7513221260920175,1.9982914664513332,38.71511147644418,57.09358220904711,3141.578,Healthy
B0034,61,197,136,1.3624125407550536,0.8406169677863582,24.0,3.407885887358127,2.167549772117144,4.185645972879193,-1.7425277851045473,1.9968801220000274,38.511498511820214,57.056434523826645,3138.187,Healthy
B0034,62,197,135,1.4471377445077278,0.8928929427521958,24.0,3.4003875411941866,2.0235981843621835,4.184966155089575,-1.7826705089192836,2.002264638815254,40.112479285456395,57.99096942950453,3157.969,Healthy
B0034,63,197,134,1.4554483390450048,0.898020631004798,24.0,3.4076622967245975,2.184010507272112,4.181330176160959,-1.7740815054978625,2.001328855790365,40.84012758949483,58.16328313862759,3159.281,Healthy
B0034,64,197,133,1.4423952167302958,0.8899667737683885,24.0,3.4032529056881784,2.0392577121107047,4.186951481965634,-1.7809841749397886,2.0022104384617547,40.348969230016365,58.29542391419101,3150.375,Healthy
B0034,65,197,132,1.377541945989605,0.8499519044316355,24.0,3.406174357529073,2.0999808615526177,4.1857251578423,-1.747182095051256,1.9978212503469346,38.95729074496056,57.375182540416354,3134.078,Healthy
B0034,66,197,131,1.3539935892900532,0.8354224226388752,24.0,3.4049736944362246,2.063136946201327,4.18361645238679,-1.73814436809975,1.996582502710518,38.73711200799833,57.42041259082052,3129.797,Healthy
B0034,67,197,130,1.5509038861664448,0.9569172942248404,24.0,3.3580774287935817,2.120762756881349,4.17325067272426,-1.8824146171130414,2.01135903420885,40.231060876384255,57.71520595046742,3161.89,Healthy
B0034,68,197,129,1.5562932697752867,0.9602425772591492,24.0,3.38250056099739,2.19170788700899,4.184028931910909,-1.8524024614367005,2.0092822792763814,40.929553501935686,58.17136403259683,3196.859,Healthy
B0034,69,197,128,1.5067526605064707,0.9296757148000285,24.0,3.390086865994553,2.1203887966971293,4.185455613390746,-1.826530681368946,2.007116071236726,39.993709319022244,57.753084428922655,3171.906,Healthy
B0034,70,197,127,1.444138733302766,0.8910425342818838,24.0,3.392978809154906,2.0630039985317543,4.183582231077479,-1.7929643530908497,2.003708777388001,39.1022619385273,57.5103657978898,3160.842999999993,Healthy
B0034,71,197,126,1.4144103811292437,0.8726999570419961,24.0,3.400527096110287,2.1811524820912926,4.1831604654402685,-1.7679531131415924,2.000736228579424,38.637036104045876,56.86348453612092,3147.141,Healthy
B0034,72,197,125,1.3897574212362729,0.8574889282439915,24.0,3.4009920061492966,2.155432405052415,4.184589576893444,-1.758494914822024,1.9999419770032507,38.457946337552535,56.97607576818629,3141.203,Healthy
B0034,73,197,124,1.449968311475299,0.8946394200857627,24.0,3.395963139634734,2.0671609840346776,4.1839152437949645,-1.791362432884086,2.003498216742575,39.988534225003114,57.956995411354825,3151.047,Healthy
B0034,74,197,123,1.4678653068012166,0.905681976942309,24.0,3.399629787670528,2.1233368877812127,4.184717109573573,-1.7913224989214864,2.0036405638325396,40.84025138634754,58.3663921180059,3159.172,Healthy
B0034,75,197,122,1.4290644310445066,0.8817415965139371,24.0,3.3983167205445777,2.032509026773449,4.184251380689682,-1.7734088198098006,2.0013999722110136,39.64173378499159,57.883249801186295,3141.047,Healthy
B0034,76,197,121,1.376744834668327,0.8494600818141561,24.0,3.398539512076107,2.010095847748964,4.182749347441237,-1.7476951824023108,1.9981693719946496,38.82196729294636,57.62604602919208,3135.0310000000027,Healthy
B0034,77,197,120,1.3515813262521057,0.833934041418207,24.0,3.4065465230061798,2.1845053475658918,4.182152014334447,-1.7290779932589337,1.9957233455533672,38.27601981086532,56.803768142247485,3117.984,Healthy
B0034,78,197,119,1.353993472828928,0.8354223507816403,24.0,3.4067781130872956,2.1991319506434475,4.183323525954108,-1.72909022193074,1.995548206378975,38.30615482092432,56.88027382398077,3125.328,Healthy
B0034,79,197,118,1.3577165116893766,0.8377194887954218,24.0,3.4044214192090116,2.1256164107912863,4.18535045289718,-1.7360856942372698,1.9966679962620908,38.50347850214561,57.11228470728586,3120.172,Healthy
B0034,80,197,117,1.334169315351027,0.8231907229527032,24.0,3.4020136665550305,2.059592858883293,4.182766239696235,-1.7266849618679287,1.9953133219474424,38.25735173096823,57.23777746505438,3116.641,Healthy
B0034,81,197,116,1.3372147888783987,0.8250697989634349,24.0,3.408929572366065,2.196715966153447,4.181823483700895,-1.7171675465127403,1.9936547076968085,38.29433048905591,56.79550408983589,3110.844,Healthy
B0034,82,197,115,1.339045224276927,0.826199188930432,24.0,3.407512024075691,2.179169443366329,4.1857303262234575,-1.7243425380133646,1.9948981407407025,38.19006452807094,56.74357378980126,3101.406,Healthy
B0034,83,197,114,1.3439244604756322,0.8292097078560694,24.0,3.4012246723873063,2.0729178734316847,4.180937577273335,-1.7314023398283604,1.9958495161999803,38.32673773585545,57.1850535860252,3099.563,Healthy
B0034,84,197,113,1.3454786192090245,0.8301686334111725,24.0,3.4019343263921806,2.058553622170445,4.185670680684665,-1.7315370302816349,1.9960688998382103,38.326112920062165,57.13163600499266,3104.64,Healthy
B0034,85,197,112,1.3482263029682544,0.83186397129234,24.0,3.4080993396118826,2.1859283824053053,4.184780807786567,-1.7217927604432464,1.994731085030303,38.2504483640825,56.68621589748299,3099.875,Healthy
B0034,86,197,111,1.3373192299576058,0.8251342397555511,24.0,3.4012585484878985,2.047929270109934,4.184776951807234,-1.728989688622418,1.9956680930422508,38.25522153140731,57.14457415944487,3093.25,Healthy
B0034,87,197,110,1.3402523341553034,0.8269439831945712,24.0,3.400118948427692,2.0282334120244614,4.184920385211051,-1.7363791085179334,1.9966320060781142,38.4827926779255,57.28985408720813,3086.688,Healthy
B0034,88,197,109,1.329096568237912,0.8200608065954957,24.0,3.4044380735101045,2.128944717359417,4.181326694340018,-1.7191649059489624,1.9943362542359948,38.208311929566015,56.90074118043176,3094.281,Healthy
B0034,89,197,108,1.3323485655766352,0.8220673090757297,24.0,3.4027761465827293,2.080780257241255,4.184466822637345,-1.7265467227383982,1.9954572718247072,38.37963443029051,57.126183132620525,3088.328,Healthy
B0034,90,197,107,1.3501541310555516,0.8330534531509399,24.0,3.407661438923026,2.18178697368346,4.185698992912854,-1.726628901233422,1.9953885670207627,38.847888287026734,57.09006956503022,3095.687,Healthy
B0034,91,197,106,1.381523441054128,0.852408511522569,24.0,3.406219322901771,2.1600430451609207,4.188177492671976,-1.7439767424511525,1.9979037840818108,39.55793696996327,57.56129571557157,3102.062,Healthy
B0034,92,197,105,1.3835971952817807,0.853688030712709,24.0,3.403483836522725,2.0578741386350488,4.181899265811891,-1.7438949547598264,1.997732931333819,39.995989656775905,58.12885115554352,3107.141,Healthy
B0034,93,197,104,1.33011618620809,0.8206899171921411,24.0,3.401643655881062,2.0545776989805837,4.180083219210065,-1.7239330841004026,1.995138483551578,38.637111363644244,57.35750604508094,3090.719,Healthy
B0034,94,197,103,1.3176982121703231,0.8130279503726842,24.0,3.401100143150002,2.0610721424538947,4.1821779958572005,-1.7215733668196036,1.9945449015188763,38.17458507378806,57.07647448385972,3069.812,Healthy
B0034,95,197,102,1.3063657719651272,0.8060357646448336,24.0,3.406245698013471,2.1769630360366774,4.1841115419161925,-1.7115169207570662,1.9933626206122572,37.84309122903104,56.56265009891403,3064.437,Healthy
B0034,96,197,101,1.3381567383793782,0.825650987633999,24.0,3.404609654515602,2.123117073996824,4.182953933920961,-1.7218255733894667,1.9946542026581129,38.7849806497393,57.16856231635899,3083.25,Healthy
B0034,97,197,100,1.3563258092165067,0.8368614167644722,24.0,3.3978374456616303,1.992728560786441,4.185231964742196,-1.7464028089407726,1.9979754592978727,39.47058624854092,57.902838661735686,3076.484,Healthy
B0034,98,197,99,1.3648997529550058,0.8421515931037428,24.0,3.3958647763622594,1.9677573642714887,4.183603781291225,-1.7536342273893653,1.9988442194223839,39.61654428235802,58.11517890209301,3081.297,Healthy
B0034,99,197,98,1.3337639975535058,0.8229406393636655,24.0,3.4029256137765205,2.12435243753564,4.1847480185320505,-1.726531730710585,1.995545847889952,38.42381623938057,56.98035659049231,3065.953,Warning
B0034,100,197,97,1.3060123668658763,0.8058177115118466,24.0,3.4052852363977686,2.1817137827751827,4.18481289618272,-1.7162971244779048,1.9941196488684687,38.11461669687029,56.67208442551173,3055.828,Warning
B0034,101,197,96,1.3101868361375808,0.8083933848826692,24.0,3.4007629589889867,2.087539695609617,4.182816385597531,-1.7241037426046357,1.995096472636278,38.33391837467718,57.04472631715234,3051.468,Warning
B0034,102,197,95,1.3567668941696105,0.8371335689098194,24.0,3.4011297944340977,2.068960188840925,4.182086976575588,-1.734239204579505,1.9968930346783655,39.42514383600653,57.64730160708694,3069.0,Warning
B0034,103,197,94,1.3916857433587717,0.8586787149253676,24.0,3.3993314164333626,2.059628573127648,4.181559459677035,-1.7519633999941742,1.9990877726163834,40.315066740163225,58.29336025761747,3079.235,Warning
B0034,104,197,93,1.3629935079344777,0.8409754281308881,24.0,3.3981521617785853,1.9953872570984856,4.182529313505233,-1.741661014368029,1.9973640878921932,39.53448316157278,57.95445943311949,3070.344,Warning
B0034,105,197,92,1.3211711973900628,0.8151708037429023,24.0,3.4035091903916523,2.1529421051579973,4.184076900714323,-1.7213520368201807,1.9948086409368206,38.37203224972586,56.91514213395795,3051.4839999999967,Warning
B0034,106,197,91,1.3074869015593356,0.8067275085416248,24.0,3.3990218794534157,2.0405401202035574,4.184435637134828,-1.7213249052728743,1.9949118181889154,38.3101923015924,57.19634917626827,3054.812,Warning
B0034,107,197,90,1.3105881895483489,0.80864102242055,24.0,3.4057934055092884,2.197033181830859,4.182198079486951,-1.7112135934528914,1.993262617120496,38.27774779605142,56.74944920850043,3046.532,Warning
B0034,108,197,89,1.376312668196664,0.8491934324270424,24.0,3.3956244120578263,1.9756647286286777,4.18257252176705,-1.7569109821992535,1.999291166755367,40.334191485925615,58.60834889757344,3071.782,Warning
B0034,109,197,88,1.391764929132287,0.858727573037601,24.0,3.400151892919731,2.083403258487322,4.184144535847567,-1.7574723585820047,1.9999556944520074,40.79229920392578,58.69313490028398,3074.532,Warning
B0034,110,197,87,1.3649746353453525,0.8421977960019332,24.0,3.395401002342427,1.9776004444482065,4.183745596310435,-1.754566898095876,1.9992922201318848,39.99900717802978,58.287617732907975,3053.656,Warning
B0034,111,197,86,1.3219093937291897,0.8156262754518488,24.0,3.3978188140801495,2.064842829300876,4.182564922322223,-1.7345909430155575,1.9966803551406829,38.793911542282345,57.38456939785952,3031.953,Warning
B0034,112,197,85,1.3090033888073913,0.8076631905571771,24.0,3.392562018908607,1.966575784508242,4.184886457411625,-1.7419815147499944,1.9972064078166896,38.67005005769116,57.58115209169171,3023.5,Warning
B0034,113,197,84,1.3327005721973733,0.8222844993388211,24.0,3.4017204105726306,2.1711822809863026,4.182256888930097,-1.7240295509078702,1.9952382185007147,38.826649526191886,57.13289738293001,3042.703,Warning
B0034,114,197,83,1.7423975189669398,1.075070050559522,24.0,3.483606791060758,2.069253006874651,4.444767752853825,-1.5139109254949328,1.951199282521044,40.05350414099234,61.43732341776916,4424.203,Warning
B0034,115,197,82,1.37734756281946,0.8498319688128798,24.0,3.4027541068274787,2.1429326564674485,4.182008963324631,-1.7448643036753848,1.998086505092949,39.89751111071057,57.73883179659806,3066.766,Warning
B0034,116,197,81,1.34875988767775,0.8321931963597375,24.0,3.399518032588874,2.066165629002469,4.183084128990252,-1.7422768724138988,1.9978905406610372,39.197243061406944,57.386080612263264,3046.125,Warning
B0034,117,197,80,1.3501504559881146,0.8330511856115912,24.0,3.4048948132853294,2.1996082620797504,4.183718969246597,-1.731761904660173,1.9963009950714485,38.90698912730004,56.89633685865634,3033.625,Warning
B0034,118,197,79,1.3387814875085953,0.8260364617124588,24.0,3.3989458032986057,2.0698222657269465,4.184086373500983,-1.7394457190997812,1.997562333754125,38.91493347992841,57.238769179765264,3028.562,Warning
B0034,119,197,78,1.3253371210402685,0.8177412044123827,24.0,3.402552549263599,2.1637591808058576,4.180084668986179,-1.7291852801439969,1.9959322381269242,38.753372299612906,56.92287178370967,3020.984,Warning
B0034,120,197,77,1.3308160596334049,0.8211217434261366,24.0,3.3917372089469744,1.96657603413028,4.182272685375916,-1.7552053099717762,1.9991116957331811,39.091854428154555,57.63060311370659,3017.391,Warning
B0034,121,197,76,1.333083376618503,0.8225206920353204,24.0,3.399163910018903,2.0993400599564533,4.183571382297645,-1.737147942355728,1.9971638232745041,38.79791433490267,57.01462861282404,3022.14,Warning
B0034,122,197,75,1.3333226534895923,0.8226683273453455,24.0,3.396151910618556,2.051523215347617,4.183893272585923,-1.7450526641182944,1.998313555300159,38.873425446921566,57.17373710163345,3009.016,Warning
B0034,123,197,74,1.3264281097516477,0.8184143511979669,24.0,3.3999185413871995,2.127535513157563,4.184006388641318,-1.7341883809096077,1.9968806376659354,38.72429474171124,56.96912010183172,3014.672,Warning
B0034,124,197,73,1.323971040986857,0.8168983245665941,24.0,3.397850235603045,2.0823277676119383,4.181910454160974,-1.734400276547127,1.9968121263360992,38.693927613601694,57.10359458618797,3010.703,Warning
B0034,125,197,72,1.3249364225071156,0.8174939709380427,24.0,3.399278705498605,2.1365617064803337,4.181304092373182,-1.7344615887918813,1.9967557214446223,38.83689474258564,57.068326741336485,3011.75,Warning
B0034,126,197,71,1.3283067675570923,0.819573494688415,24.0,3.393991029909915,1.9941210557405096,4.181467747221002,-1.7422565015843707,1.99797391992986,38.98262569198278,57.42601185667435,3005.734,Warning
B0034,127,197,70,1.314584348909226,0.8111066774730717,24.0,3.3920728040875394,1.9772527709370784,4.184933925854431,-1.7506020276231054,1.9989057182503978,39.051031869034375,57.61101162387096,2993.75,Warning
B0034,128,197,69,1.3166841798543305,0.8124022861592334,24.0,3.3991110461098466,2.126873333723975,4.183605741258281,-1.7318011089547243,1.9965545360374173,38.79001119015603,57.13778358983724,2998.125,Warning
B0034,129,197,68,1.3041727649654071,0.8046826657564329,24.0,3.395190942431077,2.039511489521072,4.18498220766507,-1.739970121407176,1.9977482953741317,38.89401391225135,57.23603082155364,2990.859,Warning
B0034,130,197,67,1.3534450073572306,0.8350839441918873,24.0,3.3964846031258618,2.0358214749013905,4.181710702444723,-1.7427011000827153,1.9979873322882928,40.171574663158054,58.39093066235441,3024.453,Warning
B0034,131,197,66,1.371294082513786,0.8460969340074236,24.0,3.394474869519725,1.973042506261499,4.184181072689387,-1.7609977485305528,2.000406570789153,41.03606365974405,58.90073826779548,3030.765,Warning
B0034,132,197,65,1.357699321922511,0.8377088826029014,24.0,3.396433031795198,2.0280193684749017,4.18330455406694,-1.7510064310910844,1.9993714597545402,40.43961489235273,58.27129279916865,3020.813,Warning
B0034,133,197,64,1.3286903090919502,0.8198101421886455,24.0,3.391155270712207,1.9435482703621487,4.183090426902681,-1.7476615383639926,1.9982505141027473,39.651877682602084,58.03064804249352,2998.156,Warning
B0034,134,197,63,1.3143943268181724,0.8109894326671002,24.0,3.395487164367482,2.0636905936063763,4.184001846460157,-1.737132841849628,1.9975439648500637,39.179107326892364,57.376456720947886,2986.766,Warning
B0034,135,197,62,1.3866783030110723,0.8555890932465176,24.0,3.3795305779550775,1.9437968709766944,4.173319870139646,-1.7833514969895126,2.0026101806851315,40.11810121003218,58.48728985101988,3032.328,Warning
B0034,136,197,61,1.3868330458429208,0.8556845705312635,24.0,3.392303218262864,2.071041778175654,4.181768359109135,-1.7701661084313476,2.0014381425125727,40.80596825835928,58.63748276638773,3047.703,Warning
B0034,137,197,60,1.3548037379291014,0.8359222893620892,24.0,3.4001334063326003,2.185338383273266,4.182301042571854,-1.7401783923806775,1.9977494476062896,39.68459882372222,57.63608525053667,3034.968,Warning
B0034,138,197,59,1.3255787669951669,0.8178903014617772,24.0,3.393642423268678,2.0310061849780774,4.178121720093713,-1.7373219803903293,1.9974265048500963,39.35391690299883,57.60594379182819,3011.7339999999967,Warning
B0034,139,197,58,1.3119728676377551,0.8094953773696257,24.0,3.4010015677885197,2.1906611266270994,4.181856458554027,-1.726421739308256,1.9958899349807593,38.774974385595264,56.80159282025973,3002.922,Warning
B0034,140,197,57,1.3064487948795198,0.8060869902967311,24.0,3.400303147037451,2.142279706628003,4.183618050676316,-1.7241986137944987,1.9953619201250687,38.265844006523615,56.21047251769452,2986.718,Warning
B0034,141,197,56,1.3418431880549024,0.8279255498942809,24.0,3.4014259376568985,2.160163197204225,4.180694864027114,-1.7352631240732406,1.997109769923509,39.68448087231524,57.153953136576106,3006.203,Warning
B0034,142,197,55,1.3609210170759327,0.8396966884473047,24.0,3.3937688197583187,1.955449063066795,4.184699791551839,-1.7542912065406973,1.9992007363116018,40.52184920089412,58.22840707938393,3011.609,Warning
B0034,143,197,54,1.329960367739497,0.8205937762328682,24.0,3.40281516420186,2.186393196562525,4.184264442346774,-1.7326282784227318,1.9967947132906123,39.34384441360489,56.896536733279625,2985.953,Warning
B0034,144,197,53,1.299069387625936,0.8015338503600345,24.0,3.402086089777065,2.1725626411969494,4.1832269410899645,-1.7211553304454028,1.99496786530993,38.612144786286876,56.43024249534344,2976.312999999994,Warning
B0034,145,197,52,1.2984544371955695,0.8011544221393965,24.0,3.3974407926386454,2.107521375414201,4.18242247093296,-1.7293251908726686,1.9963504200118105,38.61589548680076,56.60428484008346,2964.75,Warning
B0034,146,197,51,1.317648609161009,0.8129973450090109,24.0,3.3900153291758635,1.972495650379372,4.181677931125044,-1.748688834226016,1.9984392252111405,39.405725006770766,57.47493245382511,2969.953,Warning
B0034,147,197,50,1.3360648564106594,0.824360283515453,24.0,3.4000590460263824,2.15288424756184,4.184377456853175,-1.7409400126466616,1.9981528211272066,39.93466601122023,57.43585109945852,2988.453,Warning
B0034,148,197,49,1.3635797361860138,0.8413371345894648,24.0,3.3987353103697178,2.175170885643991,4.182088306746119,-1.7514562329904435,1.9995488509930766,41.55493252456659,59.12207312090748,3001.235,Warning
B0034,149,197,48,1.3333112541544827,0.8226612938850476,24.0,3.3928187346829195,2.0442124222047857,4.181101635503988,-1.7489863545731503,1.99918718698671,40.30936955838523,58.23289082409849,2976.234,Warning
B0034,150,197,47,1.3023273463118925,0.8035440310283981,24.0,3.3901374196096965,2.030057772957424,4.179766813903975,-1.7463412570660508,1.9988822720529231,39.63376472877464,57.69877961341635,2950.39,Warning
B0034,151,197,46,1.2888728444455877,0.7952425201250553,24.0,3.3844914074498393,1.960005305735824,4.180263086800403,-1.7543675539321288,1.9994125492280501,39.39726410153058,57.777112656377554,2941.719,Warning
B0034,152,197,45,1.2902746194203034,0.7961074239581566,24.0,3.3921220546792745,2.097517979952191,4.1809918219864,-1.7346999432389851,1.9972771292777656,39.0556543100656,57.23966158430743,2946.969,Warning
B0034,153,197,44,1.292407565676824,0.797423464996368,24.0,3.389816955641987,2.063176636612858,4.181979956691477,-1.7433417157972704,1.9985360933239047,39.19214857830457,57.39229514777536,2936.171,Warning
B0034,154,197,43,1.295409150510234,0.7992754614113573,24.0,3.3881964986011384,2.050195394002453,4.1832960690677,-1.7522140323058732,1.999821580766699,39.3246784315448,57.49397345620112,2927.281,Warning
B0034,155,197,42,1.283229881592695,0.7917607771281061,24.0,3.392372693620385,2.142448068324373,4.182349252301679,-1.7406561651353165,1.9982490705081142,39.02095895366564,57.117778050999135,2924.422,Warning
B0034,156,197,41,1.4557454024367815,0.8982039209556504,24.0,3.3581270184036267,2.132265781269793,4.166622490761778,-1.8482512574133536,2.010099264838128,41.16886509114223,59.0081622348613,3023.859,Warning
B0034,157,197,40,1.454676342673242,0.8975443044665722,24.0,3.3640532409111272,1.984934774787036,4.183046790056729,-1.8493953640798928,2.009954396276788,41.53076127734769,59.53806687629183,3056.172,Warning
B0034,158,197,39,1.423427718198495,0.8782637098099063,24.0,3.38037517618057,2.13940846198312,4.180727864826346,-1.799535657719212,2.0055655464557773,40.35674808373947,58.40787633507069,3045.078,Critical
B0034,159,197,38,1.392551210363313,0.859212713422382,24.0,3.379746726032651,2.04587233974925,4.182665046607197,-1.7883422605091341,2.0044123039131345,39.90529016402678,58.34388806897325,3034.25,Critical
B0034,160,197,37,1.3765732493746907,0.8493542126262716,24.0,3.383744830197482,2.0970875648564333,4.183546703480425,-1.7775400800465013,2.0029844258657565,39.6263343523975,58.00881689774913,3022.609,Critical
B0034,161,197,36,1.3810190828982352,0.8520973194195882,24.0,3.382914022586479,2.0432611124631137,4.184556412259601,-1.7773805764791353,2.003206774046206,40.251117050644716,58.52325787492752,3028.828,Critical
B0034,162,197,35,1.4007568321672863,0.8642756328490007,24.0,3.378266732241365,1.961939116178396,4.183306721542989,-1.7969239114736186,2.0044649897749776,41.28365494023095,59.50837827191452,3037.875,Critical
B0034,163,197,34,1.374645303479972,0.8481646580797637,24.0,3.386601516930242,2.0966495970812926,4.186122527731293,-1.7752050021088217,2.002875754451782,40.27720417425089,58.58184665309335,3023.187,Critical
B0034,164,197,33,1.3345924114397838,0.8234517758574393,24.0,3.3873478555743035,2.126944667717326,4.187372242173173,-1.763847205060641,2.0013456166440244,39.458737885900284,57.97580640887124,2996.922,Critical
B0034,165,197,32,1.336396621564738,0.8245649846683681,24.0,3.3839254722198504,2.0654092965524384,4.194441292072135,-1.7725760652080313,2.0025301237214044,39.29135666075848,58.05700140061033,2986.469,Critical
B0034,166,197,31,1.3069152971756248,0.8063748250999838,24.0,3.389334235413473,2.148229610932935,4.178978876708447,-1.7406273194455324,1.9982769423794124,39.19247737595363,57.78193242469556,2979.219,Critical
B0034,167,197,30,1.341539456674081,0.8277381457529287,24.0,3.3898762516669514,2.1586251956084066,4.180760079138194,-1.7523330419103598,2.0000215265628105,39.892115077092285,58.20713739139197,2995.047,Critical
B0034,168,197,29,1.346388970161922,0.8307303255820491,24.0,3.387534636174606,2.095346963555327,4.1815749331430805,-1.7613727505178338,2.001184051878282,40.35117578100876,58.6134064492062,2989.828,Critical
B0034,169,197,28,1.344989807277774,0.8298670334249907,24.0,3.3867620663269333,2.062626550286472,4.182056202732491,-1.7612926148605925,2.0010841435299334,40.23284401135697,58.64476637032693,2989.391,Critical
B0034,170,197,27,1.3158760805047784,0.8119036838603187,24.0,3.3856540718379167,2.076505393409293,4.185552990507065,-1.7587841210720874,2.0007666896328122,39.47675997912519,58.05107392892897,2967.2810000000027,Critical
B0034,171,197,26,1.2972766889740088,0.8004277441991924,24.0,3.380989577809656,1.9787021969242389,4.185152280694706,-1.7582529402290834,2.00042859403924,39.32483875925542,58.291445432401005,2962.609,Critical
B0034,172,197,25,1.2851255211005648,0.7929303984340274,24.0,3.381603206447632,2.0077745341235347,4.178887193827684,-1.7466107935226565,1.9990739793850707,39.06556270503843,58.02893221948005,2957.016,Critical
B0034,173,197,24,1.3190209156530253,0.8138440666059459,24.0,3.3826507314858842,1.984631695912844,4.18021178705338,-1.758399711843396,2.000429576943233,40.25366972386004,58.80693345869639,2973.281,Critical
B0034,174,197,23,1.3410097849290994,0.8274113350088483,24.0,3.3872757037197703,2.120505374633019,4.185160711724249,-1.76779626471083,2.002024203212701,40.60644361981523,58.770145898372334,2968.016,Critical
B0034,175,197,22,1.326126983882746,0.8182285546735912,24.0,3.386339157278954,2.082697161198142,4.179746730828125,-1.7560445058115577,2.0005618682144615,40.11087407785343,58.49257429310864,2959.281,Critical
B0034,176,197,21,1.3091442679990724,0.8077501138901563,24.0,3.3808981042387045,1.9993127386412168,4.185599509953072,-1.7648997839310985,2.0016440820584323,39.61213844688629,58.33204656703581,2942.797000000006,Critical
B0034,177,197,20,1.363001289617145,0.8409802294772442,24.0,3.3749959210790252,2.016671623451248,4.169799130983922,-1.7884175858149567,2.004269571680101,40.95422192099372,59.3603280691461,2978.89,Critical
B0034,178,197,19,1.329285701687194,0.8201775031039955,24.0,3.385047602248052,2.1864172793825265,4.180217693900072,-1.7651175661948963,2.0015271198618994,39.368332915328914,57.712318998766975,2948.891,Critical
B0034,179,197,18,1.2969085930621855,0.8002006267439464,24.0,3.3857894711790375,2.166880233541012,4.179741845595007,-1.7533361843271522,2.000184304179068,39.15337098937444,57.633102922228126,2938.547,Critical
B0034,180,197,17,1.2986285924941396,0.8012618770362273,24.0,3.380809465968222,2.073777619248528,4.181172769902619,-1.7623544327636462,2.0014051320753774,39.243985033148604,57.87686984231968,2925.484,Critical
B0034,181,197,16,1.2840657611821942,0.7922765200069626,24.0,3.385818012946154,2.1762844479074928,4.179417995861986,-1.7501681024171156,1.9997545306354334,39.03574242025546,57.47417762924851,2917.297,Critical
B0034,182,197,15,1.3021015914136362,0.8034047388592803,24.0,3.3852891991053005,2.178495224886361,4.192681708507562,-1.7716218211716077,2.0026656383558046,39.362600417809674,57.69186868894567,2918.938,Critical
B0034,183,197,14,1.3089076351731337,0.8076041099723494,24.0,3.375861800258899,2.003802772888259,4.1874346087886645,-1.7808467524862919,2.003363118290785,39.45158799429391,58.2351265327566,2918.25,Critical
B0034,184,197,13,1.2722519696513912,0.784987337532776,24.0,3.3766457982542852,1.978757159009704,4.179967885403278,-1.7593469071219419,2.0004253693560545,39.280231448753895,58.159040648414255,2915.4839999999967,Critical
B0034,185,197,12,1.276011534360331,0.7873070122210861,24.0,3.383954937211064,2.137223761530643,4.180528142405268,-1.7475031987682161,1.999429629125795,39.093994194844335,57.66508009332591,2906.015,Critical
B0034,186,197,11,1.2605053003103004,0.777739569864971,24.0,3.3780729656424993,2.026812719380422,4.179166028461803,-1.7569231795305056,2.000792871069186,39.19231540051726,57.950977227160536,2894.14,Critical
B0034,187,197,10,1.2660681251347117,0.7811718672024806,24.0,3.386411304876093,2.1955750105431733,4.18010360467577,-1.744613516148423,1.9992133771059182,39.05035096355298,57.50629199129354,2892.031,Critical
B0034,188,197,9,1.265829016865281,0.7810243359207221,24.0,3.3853753800263027,2.198015566541252,4.177719373483749,-1.7445998152904736,1.999080027396356,38.99238106302636,57.45114086897508,2888.719,Critical
B0034,189,197,8,1.2655873898206993,0.78087525053911,24.0,3.3831949117830207,2.1741564738787478,4.180691683259775,-1.7538809660262522,2.0003190195994285,39.013996139611024,57.51486337636169,2875.641,Critical
B0034,190,197,7,1.2663598323027554,0.7813518523301471,24.0,3.370377688846256,1.959703796663527,4.184107730812699,-1.7847975615409868,2.003758697490923,39.39352264576831,58.24937682662199,2860.7810000000027,Critical
B0034,191,197,6,1.2868479432728903,0.7939931435721086,24.0,3.37385872825505,2.0588486889378887,4.19339113872627,-1.7952150007705359,2.005471240922586,39.40321172109691,57.97580626211991,2852.844,Critical
B0034,192,197,5,1.270026164613209,0.7836140020517011,24.0,3.3788676910292508,2.147269943612274,4.184650326377129,-1.7732811378527673,2.0029411465550484,39.209002406361016,57.6936935982226,2854.64,Critical
B0034,193,197,4,1.34598253292492,0.8304795512919249,24.0,3.3775187954558987,2.046243465893371,4.179142866728917,-1.7981891817251408,2.005705087443661,41.7029996329405,59.714275603056464,2897.844,Critical
B0034,194,197,3,1.3286875315413778,0.8198084284227557,24.0,3.3764102425962137,2.0152140329169157,4.183823497630528,-1.7979821246857843,2.0057907295525954,41.54042703429465,59.59622829096066,2896.063,Critical
B0034,195,197,2,1.31203071983408,0.8095310725327277,24.0,3.374457339617825,2.022057967188541,4.183386852109095,-1.795586068723611,2.005611167720046,40.70765268927143,58.94389183765572,2866.234,Critical
B0034,196,197,1,1.295125492961198,0.7991004429484265,24.0,3.369493571122545,1.9943823501630709,4.193391153250369,-1.815444212082474,2.0073414371755094,40.21142863220933,58.684673836382025,2836.609,Critical
B0034,197,197,0,1.2802601605963335,0.7899284408977383,24.0,3.3671763894263442,1.961659201159055,4.182734512107648,-1.8021484216322963,2.0058895481778887,40.0046687891377,58.63989407541342,2829.516,Critical
B0036,1,197,196,1.001982588175331,0.5563167882127454,24.0,3.3100621558905616,2.692363558999662,3.848136609578083,-1.9773749348609408,0.20422373332793073,24.89207373300309,25.25510878948548,1819.406,Healthy
B0036,2,197,195,1.8011007566288924,1.0,24.0,3.4631992414146664,2.685636595881031,4.176656530010924,-1.9856445663953957,0.15331468369566711,25.959062630105592,26.547068220384585,3260.531,Healthy
B0036,3,197,194,1.8044229856020628,1.0018445547596064,24.0,3.4699576163352273,2.662489466857697,4.183288040976774,-1.9861546605764795,0.15370833172786927,25.802571879383937,26.495839445842005,3265.75,Healthy
B0036,4,197,193,1.804388833772829,1.0018255931167843,24.0,3.4705857000702847,2.6573808763123017,4.184161485400415,-1.987051011427963,0.1543233853426193,25.60229945293067,26.383869073507284,3264.109,Healthy
B0036,5,197,192,1.7989248871784247,0.9987919224160784,24.0,3.4698672359538234,2.663543957344219,4.18413822475754,-1.9874522127800511,0.15499758008889178,25.340807182068417,26.038513721787695,3253.531,Healthy
B0036,6,197,191,1.792996521672392,0.9955003988940246,24.0,3.463667726287472,2.6678994227263173,4.184490871998835,-1.9875372326723815,0.15507399168518848,25.066700521969093,25.52893924273116,3242.578,Healthy
B0036,7,197,190,1.7885507985621891,0.993032062187241,24.0,3.4626756481952135,2.6568692251182435,4.18002707662199,-1.987391854073237,0.15562682162693087,24.87901399238054,25.434898613415253,3234.625,Healthy
B0036,8,197,189,1.7890856930727703,0.9933290441903925,24.0,3.466538555244564,2.682881821919537,4.184814968147981,-1.9874986659392755,0.15573757182674192,24.962178834594535,25.49992828339642,3235.36,Healthy
B0036,9,197,188,1.7893137312833287,0.9934556546588624,24.0,3.465990459572376,2.643495320901669,4.184936056128164,-1.9873121102019284,0.1562677208236183,24.97176766201835,25.538807420659257,3236.125,Healthy
B0036,10,197,187,1.7860759459480868,0.9916579843601158,24.0,3.466849428071611,2.6529146015025358,4.185159966585472,-1.9871920484366135,0.15680245089993183,24.904899107239256,25.42021899627584,3230.25,Healthy
B0036,11,197,186,1.7836324249650817,0.9903013023566177,24.0,3.467879751690846,2.664007043795248,4.185259470361049,-1.986994298783672,0.1574382589037869,24.82894570331574,25.3761734466722,3226.078,Healthy
B0036,12,197,185,1.782972873807272,0.9899351089854905,24.0,3.4680189335962623,2.652869862545629,4.180678430986266,-1.9872186588415872,0.15808286479594527,25.10525347823647,25.609167303887254,3224.5,Healthy
B0036,13,197,184,1.7813775963259668,0.9890493853659574,24.0,3.470195201959518,2.668361985066912,4.185452668161143,-1.986822691116423,0.15839927302267137,24.951154809529978,25.488141454729305,3222.188,Healthy
B0036,14,197,183,1.7785359545932946,0.9874716603429604,24.0,3.471307979909313,2.6856316852084854,4.185644073979811,-1.9870379004309504,0.15879666016873795,24.904434158959226,25.39250622395775,3216.546000000002,Healthy
B0036,15,197,182,1.7759043090943398,0.9860105285937959,24.0,3.4716713367418284,2.683085255855837,4.1855690457286165,-1.9869312681166182,0.15922984297433054,24.887170444449442,25.45190297763985,3211.859,Healthy
B0036,16,197,181,1.7780426649905914,0.9871977780513187,24.0,3.474226898019182,2.682117615527785,4.185513751822039,-1.986804032971213,0.15967857097001423,25.527212929862493,26.00580839279124,3215.859,Healthy
B0036,17,197,180,1.7830029333591657,0.9899517985303609,24.0,3.4759464645675298,2.659668132739057,4.18175155698921,-1.9866252110882103,0.15997316494301497,26.409994049975936,26.845307972510515,3225.125,Healthy
B0036,18,197,179,1.7883000424613875,0.9928928383820882,24.0,3.4817927176696424,2.6726649868851067,4.18601707914653,-1.9868092429179043,0.15990257650205816,27.24956363748299,27.81505202908745,3234.343,Healthy
B0036,19,197,178,1.779294712578026,0.9878929349340342,24.0,3.4752876993515778,2.650694350880205,4.185429868468947,-1.9866026335678093,0.16057297493725153,25.79213906476866,26.20275128566912,3218.25,Healthy
B0036,20,197,177,1.7709235500451854,0.9832451313605635,24.0,3.47360641557491,2.6668651734647586,4.183946382168659,-1.9863244377080878,0.1613442604887194,25.237865068781456,25.704404765618435,3203.5,Healthy
B0036,21,197,176,1.7659050180801104,0.9804587619991579,24.0,3.474225056890293,2.699376305602087,4.184483195811819,-1.9862809909576005,0.16198841761457353,24.99097283085835,25.46083879423276,3194.39,Healthy
B0036,22,197,175,1.7826929241469245,0.989779676448295,24.0,3.476093760887936,2.627373237504619,4.166505229896513,-1.9858147027956174,0.16208013849162922,32.80125252337081,37.62543555779899,3225.219,Healthy
B0036,23,197,174,1.7964662072920203,0.9974268239465145,24.0,3.478693083596387,2.6486517814110364,4.181691190398081,-1.9840774818957672,0.16151251071632208,31.56958368042232,36.14360152332376,3252.985,Healthy
B0036,24,197,173,1.7909083533422898,0.994341014377408,24.0,3.4750535971066037,2.6240374089622858,4.184954917937507,-1.9825278870850223,0.16244730134487526,30.90999308530252,35.625609247013934,3245.25,Healthy
B0036,25,197,172,1.78518002808874,0.9911605564088757,24.0,3.473958373265381,2.626618792448541,4.186460975475055,-1.982424743717115,0.16313714184324227,30.76520980990786,35.57170100720283,3235.031,Healthy
B0036,26,197,171,1.7811343176546524,0.9889143131494703,24.0,3.473907031933396,2.6336670386490053,4.186163586614144,-1.9820980837755804,0.1634380111888261,30.827871356237775,35.70160875626844,3228.141,Healthy
B0036,27,197,170,1.7755577789223569,0.9858181294896883,24.0,3.4760652075601257,2.663548100827095,4.186271381082588,-1.9821566894712763,0.16409756336780762,31.04477819361822,35.94641088579465,3217.875,Healthy
B0036,28,197,169,1.776885870616115,0.9865555072787265,24.0,3.4762696586688855,2.645759955186599,4.182325498451744,-1.9821407736423282,0.16430131476060067,31.495558048290054,36.334410213773005,3220.219,Healthy
B0036,29,197,168,1.7713083410378214,0.9834587734853695,24.0,3.4773296157781552,2.682232775431839,4.185344353963488,-1.9819851541329787,0.1648855360119119,31.22858520243483,35.97981353599547,3210.234,Healthy
B0036,30,197,167,1.7713348840874137,0.9834735106118154,24.0,3.4741834201518116,2.636976729427503,4.186613141003604,-1.981820086973132,0.1652139395749544,30.77808307184711,35.59540889841283,3210.546,Healthy
B0036,31,197,166,1.766084286640505,0.980558294776397,24.0,3.4723504122251145,2.625473231549502,4.185053437368516,-1.9817861525113654,0.16561038406910453,30.558421734854203,35.45428075393079,3200.969,Healthy
B0036,32,197,165,1.7592793663412327,0.9767800939876699,24.0,3.4751627339527484,2.6876812013759497,4.184793481944206,-1.9817252941957082,0.1663550210629027,30.72558468538039,35.64366066127881,3188.625,Healthy
B0036,33,197,164,1.7610368813762425,0.9777558944966315,24.0,3.476326267904414,2.68500337747393,4.182513698980909,-1.9817660120442022,0.16666921597726514,31.23295964013785,36.101132129359335,3191.735,Healthy
B0036,34,197,163,1.760242767365706,0.9773149896735038,24.0,3.475057563311369,2.6519664988321767,4.185287638546102,-1.9816902385826145,0.1670255140188284,31.072817634800376,35.918627450147724,3190.313,Healthy
B0036,35,197,162,1.7555899416034395,0.9747316662557873,24.0,3.472743253213143,2.6336440877825646,4.1849685069062055,-1.981485223109768,0.16753357615873826,30.6408857593701,35.53291026153138,3182.156,Healthy
B0036,36,197,161,1.7545602176655593,0.9741599470257052,24.0,3.4724597721649664,2.627746605322606,4.186322425483099,-1.98155009393224,0.16784289000889546,30.615000516436165,35.58661163053266,3180.156,Healthy
B0036,37,197,160,1.7499108336094895,0.9715785344984171,24.0,3.4727100432360887,2.635679662070204,4.184832493551693,-1.9813008900975513,0.16839172541196773,30.62198587167864,35.60387176093939,3171.953,Healthy
B0036,38,197,159,1.7610225525303758,0.9777479388918082,24.0,3.4792060334218475,2.6450931525551966,4.182846104868844,-1.9813367014782532,0.168122910762082,32.233363947568954,37.150900989394586,3192.172,Healthy
B0036,39,197,158,1.7624094574337117,0.9785179707171969,24.0,3.483370799287766,2.6704116794436663,4.185109686462477,-1.9812253431229576,0.16839699696893767,32.95844838713035,37.80882382148786,3194.735,Healthy
B0036,40,197,157,1.7536170397120676,0.9736362795129243,24.0,3.481411230676488,2.6837393111584085,4.184971879756314,-1.9811725960467894,0.16888768693159387,32.33796562819801,36.91705917872692,3178.75,Healthy
B0036,41,197,156,1.746204477519168,0.9695207062083117,24.0,3.4750001030504976,2.654784886935533,4.184935582810448,-1.981126497626356,0.1696087740505407,31.201004004004968,36.08766208839117,3165.359,Healthy
B0036,42,197,155,1.7406176172769725,0.9664187918808465,24.0,3.4729861560107773,2.650821200008131,4.184405459993748,-1.981010008821274,0.17047334769189398,30.844212128034435,35.833124475553674,3155.25,Healthy
B0036,43,197,154,1.750690404425682,0.9720113647070122,24.0,3.4793522768122993,2.676194561155316,4.173893175797129,-1.9808915610510243,0.17005549660936753,32.19294879984907,37.01706025174733,3173.766,Healthy
B0036,44,197,153,1.765112055153915,0.9800184962765008,24.0,3.486359894946784,2.679442027657799,4.18216296627966,-1.9811169585618567,0.16972284257124773,33.061467350604964,37.72356956982813,3199.485,Healthy
B0036,45,197,152,1.763188826756488,0.9789506890534186,24.0,3.4833864674331436,2.656640378340114,4.185045339068736,-1.9811266494742925,0.1699158124340852,32.35366819628823,36.98324646085538,3196.015,Healthy
B0036,46,197,151,1.985492952897096,1.1023775019745865,24.0,3.521360251690921,2.697143455219266,4.290021871695731,-1.9836817212075872,0.16026300085672612,34.70040609904863,39.35953919640877,3595.281,Healthy
B0036,47,197,150,1.765355730813324,0.9801537889071392,24.0,3.481761447167762,2.661271238713629,4.182247008545814,-1.9822350506501858,0.17015323653927963,32.421923396380706,37.02707505372143,3198.0,Healthy
B0036,48,197,149,1.7571880383127276,0.9756189551558704,24.0,3.4797578588851743,2.6908838763824483,4.184685800633224,-1.9820268271645947,0.17080550233428285,31.609192155405946,36.34456840908186,3183.516,Healthy
B0036,49,197,148,1.7573770661844437,0.9757239064591333,24.0,3.4759650916373124,2.6365640724626367,4.184560765856749,-1.9820222805220724,0.17102494299755938,31.31596403602263,36.1535770040422,3183.797,Healthy
B0036,50,197,147,1.7617376127979814,0.9781449518101437,24.0,3.4781154314639453,2.6235919177171154,4.186186804679722,-1.9821008022150315,0.17136815464245655,31.998588265349394,37.00649086775502,3191.516,Healthy
B0036,51,197,146,1.7606892547636663,0.9775628866311378,24.0,3.4830514284703322,2.66145718134933,4.184681735978706,-1.981813383736276,0.17153628796757053,32.98892411466723,37.85686718856992,3189.985,Healthy
B0036,52,197,145,1.760669562156983,0.9775519529803629,24.0,3.4809173250237535,2.640601067759597,4.182356069295079,-1.9819214923373463,0.1717345852978273,32.83558656237567,37.45005504798,3189.734,Healthy
B0036,53,197,144,1.752963802649152,0.9732735918284562,24.0,3.4789400787918914,2.6732282064652693,4.1845961576838935,-1.9816763209778734,0.17245840549247837,31.97863874379167,36.77795934417618,3176.016,Healthy
B0036,54,197,143,1.750535708024147,0.9719254747861038,24.0,3.4777534118948465,2.668754575341305,4.184643118766144,-1.9818237973110902,0.17299294889908376,31.7958885352369,36.644215074090106,3171.36,Healthy
B0036,55,197,142,1.7500761995337284,0.9716703483092938,24.0,3.4766647808370212,2.658195971284472,4.184427133733743,-1.9816263251080133,0.1729088071110082,31.804649399184477,37.138598100953445,3170.843,Healthy
B0036,56,197,141,1.7465957802278385,0.9697379637422003,24.0,3.4791247798630294,2.684649370373972,4.184330747490862,-1.98151142532868,0.17352696221595604,32.18425444090601,37.11821986816654,3164.672,Healthy
B0036,57,197,140,1.753614286788707,0.973634751045763,24.0,3.4818392989655798,2.668665957651981,4.182320523596824,-1.9814622792671595,0.17344476045808727,33.27019350164624,38.21028860245779,3177.453,Healthy
B0036,58,197,139,1.750725029920349,0.9720305893364726,24.0,3.4813626313858914,2.6672344803975685,4.1847408536372885,-1.9813436819375347,0.17366122311209356,32.91813190932092,37.5096400873081,3172.375,Healthy
B0036,59,197,138,1.743305349081011,0.9679110636452918,24.0,3.473301690187071,2.627654590987336,4.184091920673459,-1.981529747622425,0.17457554974117717,31.48100878915281,36.38797733722857,3158.406,Healthy
B0036,60,197,137,1.733662505277619,0.9625572022536389,24.0,3.47367585218267,2.6888969070187216,4.184211671090554,-1.9810876831465265,0.1750714974971108,31.127100398792322,36.0550831310012,3141.578,Healthy
B0036,61,197,136,1.7319207051538927,0.9615901269152296,24.0,3.4715154587275445,2.6648936078550007,4.184175746614407,-1.9812349777399687,0.17548400150373306,30.925481627228724,35.91912656959304,3138.187,Healthy
B0036,62,197,135,1.7428604522751463,0.9676640498098763,24.0,3.476844269698795,2.652977190328466,4.181891771142459,-1.9812570591809957,0.17500275757916542,32.53816915596416,37.598391918046985,3157.969,Healthy
B0036,63,197,134,1.743306971099712,0.967911964216065,24.0,3.4828021334350594,2.69728379874788,4.184541597131144,-1.9809166553606607,0.17526941993224485,33.5082870689835,38.473409883226125,3159.281,Healthy
B0036,64,197,133,1.738524506272696,0.9652566631123292,24.0,3.478717992363499,2.666438804228148,4.1846109764992505,-1.981005969530254,0.1757162136208265,32.72223824057796,37.37835847467748,3150.375,Healthy
B0036,65,197,132,1.7295622663746972,0.9602806839146005,24.0,3.47116141622232,2.644225504233063,4.184012676032451,-1.9809786114709511,0.17646586335876546,31.339643544788586,36.32515383321495,3134.078,Healthy
B0036,66,197,131,1.7273036765742085,0.9590266786668785,24.0,3.469009856426531,2.6270672485920983,4.184121216441852,-1.981059447271351,0.17675647407735212,31.09122546658414,36.17136327433497,3129.797,Healthy
B0036,67,197,130,1.7449370491071912,0.9688170096453558,24.0,3.475700880273514,2.681073460503821,4.17154857381778,-1.98101776318219,0.17607902286246935,32.074525923461515,36.94271187003511,3161.89,Healthy
B0036,68,197,129,1.7642432071133691,0.979536097922412,24.0,3.4820950413929173,2.6173518629094725,4.182622974222649,-1.9810749842802888,0.1752889454085631,33.167208512161885,37.96104323229247,3196.859,Healthy
B0036,69,197,128,1.7504882032049596,0.971899099349298,24.0,3.480244357608362,2.6882522902609858,4.184454856344911,-1.9809975649315257,0.17641640276113865,32.14047774193924,36.73214755581345,3171.906,Healthy
B0036,70,197,127,1.7442710815479925,0.9684472537853642,24.0,3.473582906957752,2.639398647353621,4.184476537283623,-1.9807582643680772,0.17718330571008975,31.245399132402053,36.08238955313576,3160.842999999993,Healthy
B0036,71,197,126,1.7365413923373951,0.9641556064790442,24.0,3.4722242034096427,2.6623791019309224,4.184024889589791,-1.9805282406081717,0.17745220937945955,30.941808328244683,35.84834420893077,3147.141,Healthy
B0036,72,197,125,1.733223093105756,0.9623132335749042,24.0,3.4700774937906473,2.6561014633579925,4.184261427009467,-1.9804746484714413,0.1778406456028569,30.729579296950984,35.70394071930231,3141.203,Healthy
B0036,73,197,124,1.73860622908762,0.9653020369286598,24.0,3.4765508294649767,2.6878503046332485,4.182041097453936,-1.98039190119071,0.17787871739525846,32.241219078736684,37.23120350609712,3151.047,Healthy
B0036,74,197,123,1.7432134953746192,0.9678600649956861,24.0,3.478023823464381,2.606635521236163,4.183342596486669,-1.980509113557296,0.17817401925180282,33.273484981762124,38.21827936701842,3159.172,Healthy
B0036,75,197,122,1.7332698214832971,0.9623391779188667,24.0,3.4748978056910036,2.684954312438798,4.184140679167282,-1.9805025193431718,0.17878422925080115,31.82186022608825,36.626274908995,3141.047,Healthy
B0036,76,197,121,1.7298906291663272,0.9604629961980313,24.0,3.468132135397358,2.62963250026716,4.184248094436303,-1.9804477654001489,0.17897557286929622,30.953485299150877,36.01597323994527,3135.0310000000027,Healthy
B0036,77,197,120,1.7204403348841348,0.9552160413858639,24.0,3.4677152773874327,2.676552998785705,4.183757537025025,-1.9802957447258616,0.1799050851433332,30.594113322212998,35.64214686208444,3117.984,Healthy
B0036,78,197,119,1.724420729012913,0.9574260199859663,24.0,3.464870080840597,2.62514939238803,4.18290280302208,-1.980207910561322,0.17974644082216829,30.621050708667628,35.82141559167005,3125.328,Healthy
B0036,79,197,118,1.7214872814061166,0.9557973228706051,24.0,3.4658543618027586,2.628502877540015,4.183818903348512,-1.9800833052331595,0.18002382271039702,30.73760557478901,35.84687241575459,3120.172,Healthy
B0036,80,197,117,1.7197448773569262,0.9548299122231011,24.0,3.463489697714707,2.619866867748,4.183839437859511,-1.980268967910438,0.18036508902458945,30.475687104433288,35.6948403215532,3116.641,Healthy
B0036,81,197,116,1.7164304142145894,0.9529896691772093,24.0,3.4657104202129614,2.6612878285284127,4.183940441185628,-1.980057929657538,0.18089402312423505,30.665478038053948,35.819676472043525,3110.844,Healthy
B0036,82,197,115,1.711202925329962,0.9500872835858493,24.0,3.4645909946616267,2.6699917743429817,4.184066892064025,-1.9800230190313004,0.18107028030882052,30.48169086494209,35.629734084261784,3101.406,Healthy
B0036,83,197,114,1.7102343231599222,0.9495495001406561,24.0,3.4629772764216105,2.6688661295694205,4.181908017913433,-1.9800140007357074,0.18157167020169374,30.501790386236014,35.66196676336087,3099.563,Healthy
B0036,84,197,113,1.713096882151029,0.9511388387607035,24.0,3.4616288821771044,2.6222751020303923,4.1838810012271175,-1.980072672691808,0.18145548847554518,30.48295279202987,35.75183992747387,3104.64,Healthy
B0036,85,197,112,1.7103708617208135,0.9496253085374872,24.0,3.4628964155593924,2.643376209522438,4.183938680731157,-1.9799210298032588,0.18181909143446456,30.592002581671938,35.77783462667514,3099.875,Healthy
B0036,86,197,111,1.7064617296121434,0.9474548957528149,24.0,3.4611295820153054,2.6362266436030413,4.183997413375148,-1.9796449702564978,0.18254642871422772,30.424569049276556,35.713721223369035,3093.25,Healthy
B0036,87,197,110,1.7029429979110946,0.9455012395300311,24.0,3.4632231738970973,2.6753943315026825,4.183680554471844,-1.9797208473969017,0.18267222372122338,30.570652220376168,35.725860691702124,3086.688,Healthy
B0036,88,197,109,1.7072612643840062,0.9478988102694905,24.0,3.4594353969848526,2.626280067476453,4.182869408506432,-1.9798193556242383,0.1827124398229115,30.460459721443804,35.768527567848494,3094.281,Healthy
B0036,89,197,108,1.7038637196766078,0.9460124390074198,24.0,3.4619323762511636,2.6699754309728454,4.18373987583806,-1.9796708243361156,0.18310334813653822,30.547691944309644,35.84926876193408,3088.328,Healthy
B0036,90,197,107,1.7079617948422274,0.9482877560048376,24.0,3.4640211108291785,2.6485692977117936,4.183750461912779,-1.9796986341756921,0.18288846614623122,31.189572257243857,36.56783936040424,3095.687,Healthy
B0036,91,197,106,1.711302283362779,0.9501424487577316,24.0,3.4674082899150322,2.652784779103966,4.183786894340978,-1.9795447080949824,0.1830630707381106,31.8980817857202,37.22026804863562,3102.062,Healthy
B0036,92,197,105,1.714122057472244,0.9517080325259283,24.0,3.467669094088933,2.61112320884266,4.183945554245884,-1.979462057529197,0.18282177218804063,32.32306890954346,37.24354714231705,3107.141,Healthy
B0036,93,197,104,1.7053324925701605,0.9468279252527878,24.0,3.4590063160949422,2.6171931724123265,4.182910559206333,-1.979668515306621,0.18405174292889354,30.83436798904695,36.101954503621805,3090.719,Healthy
B0036,94,197,103,1.6934609472531408,0.9402366530691929,24.0,3.4580229191527696,2.6630699292303373,4.183616020558508,-1.9792552718561547,0.18466031075263065,30.287043848864634,35.590895284221084,3069.812,Healthy
B0036,95,197,102,1.6905244127230223,0.93860624204454,24.0,3.4563349020618155,2.659720848238619,4.1835063699815285,-1.9792443099751138,0.18492382241139294,30.072000414523774,35.41708929698686,3064.437,Healthy
B0036,96,197,101,1.7007774858498304,0.9442989125345567,24.0,3.460450149170936,2.6273527452578365,4.1862295732164165,-1.9791194191351382,0.18434226265264786,31.093661069729663,36.54228598490352,3083.25,Healthy
B0036,97,197,100,1.6971104467944576,0.9422629136922508,24.0,3.463960681885895,2.679397409659904,4.183727110735532,-1.9791613878366452,0.1848954675383172,31.60762351123511,37.06815080209899,3076.484,Healthy
B0036,98,197,99,1.6997924522951835,0.9437520061213417,24.0,3.4630674142567415,2.6638409912727004,4.182211079560967,-1.979091763193608,0.18544542665545963,31.68782676208534,36.82684422999281,3081.297,Healthy
B0036,99,197,98,1.691270477395412,0.9390204691052104,24.0,3.456673276206162,2.638750759665419,4.183505107711148,-1.9790766827277793,0.18573602184452043,30.64130472367544,35.92988720620677,3065.953,Warning
B0036,100,197,97,1.6857127009469863,0.9359347025660701,24.0,3.455027058159508,2.6521564133104056,4.183301376056718,-1.979038060944376,0.1862574229088104,30.35775664232519,35.781290058222865,3055.828,Warning
B0036,101,197,96,1.6832093771286156,0.934544817070127,24.0,3.4563883170293215,2.6736629264226712,4.183248853903273,-1.9788327303856927,0.18666387457123923,30.46760275047683,35.83938701624516,3051.468,Warning
B0036,102,197,95,1.692886364169521,0.9399176353343411,24.0,3.462072409842235,2.665966871855665,4.183494017304386,-1.9788745442826565,0.18625918691999985,31.690335464880064,37.17156479403066,3069.0,Warning
B0036,103,197,94,1.6984668174144633,0.9430159923942688,24.0,3.466006130026554,2.6818321771597287,4.181646831165721,-1.978798117850308,0.18621530580793882,32.58002111430288,37.84191340591018,3079.235,Warning
B0036,104,197,93,1.6935813413828429,0.9403034978191377,24.0,3.4601239314707923,2.6354438765341697,4.183467994187793,-1.9788051627908365,0.18640905902662053,31.69291039725797,36.94021929474592,3070.344,Warning
B0036,105,197,92,1.6830951253781283,0.9344813826675448,24.0,3.453593464720813,2.633581331346773,4.1834014802387,-1.978575532876541,0.18738033234046877,30.60840039029274,35.979852438003704,3051.4839999999967,Warning
B0036,106,197,91,1.6850462226942986,0.9355646631608705,24.0,3.4519795194744436,2.6164895194312585,4.18648088216282,-1.9787606413982344,0.18749907268860436,30.399652022711006,35.91143435448471,3054.812,Warning
B0036,107,197,90,1.6803098840017598,0.9329349720260981,24.0,3.454434064432584,2.662037646915503,4.18650094380192,-1.9785255298300461,0.1877263172649556,30.547315574796166,36.0224357923641,3046.532,Warning
B0036,108,197,89,1.6944038437227715,0.9407601642976239,24.0,3.4638257834252806,2.670589438884728,4.182814594549196,-1.978665881852144,0.18740614291157878,32.47851626978816,37.65075812929836,3071.782,Warning
B0036,109,197,88,1.6955686127180103,0.9414068627074447,24.0,3.4669219935055278,2.668638829617292,4.183640043729965,-1.978303548943712,0.18739662992657843,33.085111849545555,38.27191158762031,3074.532,Warning
B0036,110,197,87,1.6841854728350405,0.9350867610467938,24.0,3.4626538753824714,2.6931351824491827,4.1835457131046185,-1.9783071872539106,0.18828167847566432,32.12056072268224,37.26845925037034,3053.656,Warning
B0036,111,197,86,1.6722180144870118,0.9284422364115212,24.0,3.4554390863736857,2.6913462011853904,4.183400261585032,-1.978252788411394,0.18905338152220122,30.90915966232928,36.23919416621716,3031.953,Warning
B0036,112,197,85,1.6675976965747183,0.9258769618729988,24.0,3.453636642746737,2.6988025346836504,4.183219724741507,-1.9782840417249774,0.18933259009160325,30.586499493516442,35.989930424393194,3023.5,Warning
B0036,113,197,84,1.6781873787039017,0.9317565230747852,24.0,3.453072475453234,2.6523436778902467,4.182242945113323,-1.978213800283229,0.18938983312690713,31.078305845971443,36.752805224654765,3042.703,Warning
B0036,114,197,83,2.444062432078656,1.3569826246995702,24.0,3.626510481777051,2.691307184686052,4.519252349646744,-1.9837057741381123,0.15718015958261805,33.98757612493629,38.49714613607372,4424.203,Warning
B0036,115,197,82,1.6913403148932205,0.9390592440030342,24.0,3.466145279289297,2.6565288043863395,4.181498148571605,-1.9781440584613479,0.1887423284625496,32.26010764297862,37.31224141481378,3066.766,Warning
B0036,116,197,81,1.6802787096613283,0.9329176635327688,24.0,3.4640146950069006,2.680162151919943,4.183547797387942,-1.978460059457357,0.18955613835993296,31.42619925446257,36.59740421257035,3046.125,Warning
B0036,117,197,80,1.673147301023026,0.9289581911867296,24.0,3.4626259258314476,2.686423419926791,4.183620162153654,-1.9781834973907695,0.18999365693137338,31.20956154006514,36.44126696853565,3033.625,Warning
B0036,118,197,79,1.6704292090032429,0.9274490629440263,24.0,3.4609363258654184,2.672431142055385,4.183446864929328,-1.9781633628014599,0.19053691574852302,31.078110221174402,36.32670051789851,3028.562,Warning
B0036,119,197,78,1.6659903350115992,0.9249845289776134,24.0,3.4616449511434926,2.690675565426353,4.183128389159035,-1.9778390299632154,0.19088541436696027,31.053614094154142,36.29811998606583,3020.984,Warning
B0036,120,197,77,1.664241575272447,0.9240135895492023,24.0,3.46014320685645,2.697829479340451,4.180942847373935,-1.9780641124929104,0.19123467525336788,31.060532833540666,36.31566540517328,3017.391,Warning
B0036,121,197,76,1.6668450767774965,0.9254590953019857,24.0,3.4580980197093147,2.6506127411002423,4.182939031295494,-1.9780348126637537,0.19135689268682593,30.97728291917627,36.31712206468977,3022.14,Warning
B0036,122,197,75,1.6594501560667536,0.9213533168309445,24.0,3.459389982444422,2.690672074169337,4.183242834674278,-1.9777931454666962,0.19167902641728612,30.93918723715448,36.228571111440864,3009.016,Warning
B0036,123,197,74,1.662412523067319,0.9229980704571158,24.0,3.455631406481116,2.62722492525996,4.183686841202558,-1.9775654046883246,0.19207419796104408,30.926289651305336,36.35810336081934,3014.672,Warning
B0036,124,197,73,1.66035260832257,0.9218543727838082,24.0,3.4549175745634897,2.6243035932050947,4.183358354217051,-1.9777096278151205,0.1921201616203387,30.863054927475556,36.29901438256062,3010.703,Warning
B0036,125,197,72,1.6610231379633236,0.9222266615845794,24.0,3.4567232383364708,2.6669662761212,4.182728484057378,-1.977833418220376,0.19223365778095702,31.038017243387284,36.42868217427085,3011.75,Warning
B0036,126,197,71,1.6575187557321611,0.9202809724174051,24.0,3.4566056806279244,2.657342749492438,4.183421219857983,-1.977513435934886,0.19250480913148413,31.04050751190746,36.39664144336581,3005.734,Warning
B0036,127,197,70,1.6507877959674548,0.9165438357025749,24.0,3.457263997632369,2.6914302974482167,4.183196106021016,-1.9773123626836613,0.19328109858183115,30.957302786226403,36.31743524658528,2993.75,Warning
B0036,128,197,69,1.653257006211014,0.9179147807951641,24.0,3.4540018182289085,2.641029666264374,4.183209699462281,-1.9773999985000372,0.19296290119175172,30.945276932009087,36.40596657880105,2998.125,Warning
B0036,129,197,68,1.6494214846772686,0.9157852377811885,24.0,3.454729708764956,2.6663067674348446,4.183138406019062,-1.9775454272489617,0.19368255377033622,30.888914324823496,36.28093983069052,2990.859,Warning
B0036,130,197,67,1.6678591915666705,0.926022148082593,24.0,3.4602322781016106,2.652024511951085,4.182486390609512,-1.977556174123632,0.19255326201605827,32.321489418619095,37.95295717388789,3024.453,Warning
B0036,131,197,66,1.670862764324967,0.9276897798057168,24.0,3.4653467037084007,2.650846498933422,4.183464386226038,-1.9769835735935626,0.1925480474790984,33.23510488083581,38.41829396059596,3030.765,Warning
B0036,132,197,65,1.6658118164053368,0.9248854125869255,24.0,3.4612961227490118,2.636443131108017,4.1834582213062665,-1.9774113966642073,0.19297029156693218,32.672384089467116,37.82488704281872,3020.813,Warning
B0036,133,197,64,1.6532998517617,0.9179385693314402,24.0,3.4568319834213184,2.6573768263158466,4.183218486473692,-1.9773199609696597,0.19395459895412026,31.627875999689845,36.92206046060923,2998.156,Warning
B0036,134,197,63,1.6468787023528522,0.9143734442904258,24.0,3.4542748719327436,2.661750337550587,4.183226539078387,-1.9771073220010116,0.19443016225095094,31.234092745007935,36.61884081007243,2986.766,Warning
B0036,135,197,62,1.6718953249703756,0.9282630740212726,24.0,3.459039144301172,2.676647507144037,4.174285560234163,-1.9761775564887945,0.19922880335444235,31.95070753872921,37.26760229905419,3032.328,Warning
B0036,136,197,61,1.6807743463585727,0.9331928489689084,24.0,3.466556169993412,2.683234032060573,4.181276067644604,-1.9775382652377456,0.1930298220006757,32.94223311807837,38.25722659181597,3047.703,Warning
B0036,137,197,60,1.6737717086703074,0.9293048723176899,24.0,3.4591810827626084,2.622356052772389,4.18302191595724,-1.977527154273711,0.1935806543960671,31.941852555671353,37.22999793294153,3034.968,Warning
B0036,138,197,59,1.6605773762487392,0.9219791675379839,24.0,3.4577876655294553,2.6656468752025866,4.183316981130492,-1.976966455996094,0.19442342452209652,31.44720711271493,36.750095375605376,3011.7339999999967,Warning
B0036,139,197,58,1.655987781146086,0.9194309507956604,24.0,3.454417180570097,2.6416903037262225,4.183031434193402,-1.9771854714072983,0.19485778697893688,31.12482497372082,36.46133969406453,3002.922,Warning
B0036,140,197,57,1.646862318389844,0.9143643476516354,24.0,3.4527482715790674,2.6595878021770023,4.182347238057592,-1.9768884059107226,0.19560419903771198,30.75545169222773,36.121581178683655,2986.718,Warning
B0036,141,197,56,1.6574621175432849,0.9202495259873995,24.0,3.460599249296477,2.687257575540443,4.181133837276345,-1.9767960110088922,0.19525127441831724,32.32491302674166,37.62901534109348,3006.203,Warning
B0036,142,197,55,1.6603991175216894,0.921880195436399,24.0,3.463474146193779,2.6749338603361448,4.18258237874211,-1.9766590715947012,0.1955978518325153,32.9527098749988,38.17206500603514,3011.609,Warning
B0036,143,197,54,1.6460789092837111,0.9139293863629625,24.0,3.458931693641407,2.6883490982654625,4.182469644453435,-1.9763441035961147,0.19614978871331604,31.963338156822644,37.0744174656725,2985.953,Warning
B0036,144,197,53,1.6408366462659327,0.9110187979361439,24.0,3.4515443093644445,2.6341133806914536,4.182289875103196,-1.976398819741924,0.19678756179633705,31.192560893948695,36.55596040748888,2976.312999999994,Warning
B0036,145,197,52,1.63444089202816,0.9074677727010295,24.0,3.451340191696518,2.6535520046660226,4.182381246517502,-1.9763560129084317,0.1972533333533194,31.011896164180595,36.35822055804636,2964.75,Warning
B0036,146,197,51,1.6374039186504212,0.9091128925597359,24.0,3.4541105051819967,2.682065697865543,4.18080325573756,-1.9764726236625383,0.19722903884028656,31.59342641124915,37.04815005782166,2969.953,Warning
B0036,147,197,50,1.64738207540524,0.9146529250749045,24.0,3.456542656900933,2.623022825320866,4.18244856617256,-1.9761971299509842,0.19678500763710924,32.451352345308976,37.78142773101782,2988.453,Warning
B0036,148,197,49,1.6545646441622357,0.9186408023386058,24.0,3.462836576734922,2.638877668106794,4.182854046942437,-1.9764358998879015,0.19617080934156947,33.70907658061942,38.98412239569435,3001.235,Warning
B0036,149,197,48,1.640896560729935,0.9110520634065967,24.0,3.455642847223531,2.6345026369215763,4.182728439067422,-1.9764723723079625,0.1972462085761278,32.3628652503866,37.65911041193654,2976.234,Warning
B0036,150,197,47,1.6265229979339637,0.9030716310276363,24.0,3.453765407751183,2.6856425973144904,4.182876278594965,-1.9762622330108464,0.19803527551815195,31.558941182174713,36.92167189475025,2950.39,Warning
B0036,151,197,46,1.6217349144630455,0.9004132103627758,24.0,3.4500406564088526,2.68786797873656,4.180649883777921,-1.9761878164815234,0.1987107536629874,31.135887556686384,36.59954969750561,2941.719,Warning
B0036,152,197,45,1.6248200059639546,0.9021261025980127,24.0,3.447400483446299,2.6302060684262494,4.182879997125387,-1.976390548245151,0.19880333156747299,31.04112225235265,36.62217023847058,2946.969,Warning
B0036,153,197,44,1.61880119736137,0.8987843636195395,24.0,3.449026045033965,2.6641914790243417,4.182616597040702,-1.9763256382870515,0.19921093162766743,31.054879323980543,36.59089881260896,2936.171,Warning
B0036,154,197,43,1.6137350490334217,0.8959715568904864,24.0,3.450376630404453,2.689303373660729,4.182506766966863,-1.975971961224962,0.20007402461090606,31.10833607101402,36.59234456560626,2927.281,Warning
B0036,155,197,42,1.612012823654141,0.8950153497638489,24.0,3.447000121773302,2.65147651386545,4.182535478785295,-1.9758050203647282,0.20025588001390057,30.944663670795183,36.48018480302178,2924.422,Warning
B0036,156,197,41,1.6671032556887178,0.9256024403704228,24.0,3.4669760884346075,2.6896892125914618,4.1690491680104165,-1.9763325577592548,0.1973258940200016,32.6791979812127,38.23567263982747,3023.859,Warning
B0036,157,197,40,1.6850133383886254,0.9355464052674394,24.0,3.4736386683731344,2.6628469651561684,4.181271830692525,-1.9764828677632524,0.19633577654798728,33.03296653786076,37.930952706812825,3056.172,Warning
B0036,158,197,39,1.6786654987614698,0.9320219829918989,24.0,3.467958204671299,2.626900680068646,4.1830606408887965,-1.9762113672371753,0.196550778646257,32.14080730031082,37.19257582780181,3045.078,Critical
B0036,159,197,38,1.6729763502191373,0.9288632765611822,24.0,3.4632760700749996,2.6081515730092875,4.182456210343196,-1.976450670496227,0.19739507707977827,31.54659714469647,36.76201438343683,3034.25,Critical
B0036,160,197,37,1.666489034299654,0.9252614148132444,24.0,3.4628276335315356,2.635733198142088,4.182764774519028,-1.976336702286546,0.19774687260217322,31.32211217550974,36.54833629882202,3022.609,Critical
B0036,161,197,36,1.6698420840710908,0.927123081773905,24.0,3.4646012546935614,2.629018498984386,4.183320176415955,-1.9761771069613194,0.197922966623516,31.944476209251814,37.37954300419149,3028.828,Critical
B0036,162,197,35,1.6746744228027035,0.9298060736686269,24.0,3.467937221948995,2.6266603184816235,4.180963257164536,-1.9760041905736137,0.19783139441486783,32.95970790517297,38.17965570439169,3037.875,Critical
B0036,163,197,34,1.6665045335145643,0.9252700202257141,24.0,3.462497796397771,2.602450788874241,4.182710427278442,-1.975873938296025,0.19880935388044105,31.94954978552722,37.06880928199277,3023.187,Critical
B0036,164,197,33,1.652222084834727,0.9173401758639975,24.0,3.4597555835668237,2.662872873818505,4.182466447324255,-1.976044015388604,0.19910638896845156,31.016509562928245,36.3207199175235,2996.922,Critical
B0036,165,197,32,1.6462718275099526,0.914036497653395,24.0,3.4575027462160053,2.6641259048235493,4.182351343336321,-1.9757551706068877,0.1997843425461449,30.717850318637232,36.10688426616758,2986.469,Critical
B0036,166,197,31,1.642399234692521,0.9118863720687054,24.0,3.4593887120996203,2.6980994427054057,4.182757605057146,-1.9758263113357128,0.20032403432492168,30.879779806825745,36.31248307899438,2979.219,Critical
B0036,167,197,30,1.651178607099992,0.9167608203055178,24.0,3.459697403340653,2.649240292513478,4.180861110367055,-1.9759776263748132,0.19966295855977925,31.650221324336044,37.07549861586275,2995.047,Critical
B0036,168,197,29,1.6481683120281931,0.9150894562462225,24.0,3.464129590458387,2.691344905562854,4.182794520703595,-1.9757190023217348,0.20008845660346672,32.06625589927076,37.414877687125575,2989.828,Critical
B0036,169,197,28,1.6478887725428395,0.9149342514447562,24.0,3.460169463632063,2.6312837349184783,4.182556061512275,-1.975704650691821,0.20049347878300136,31.895952062496796,37.09639528593206,2989.391,Critical
B0036,170,197,27,1.635843650915682,0.9082466069124745,24.0,3.4561756716228116,2.6584363442335084,4.182810830291452,-1.9757629054586399,0.2012249453306708,30.985495506316067,36.36605166703309,2967.2810000000027,Critical
B0036,171,197,26,1.6332362811945516,0.9067989534641407,24.0,3.452053305545746,2.623199819387988,4.182635286848819,-1.9757208321303017,0.20114661077691476,30.72140290899611,36.234238027710575,2962.609,Critical
B0036,172,197,25,1.629926467682987,0.904961291967757,24.0,3.4498706612134633,2.633671931011382,4.180865480888278,-1.9753838232885894,0.20158021926107364,30.525764579406868,36.13330283566238,2957.016,Critical
B0036,173,197,24,1.6387862629287224,0.9098803922530282,24.0,3.4562888987795763,2.613160298710749,4.182371604193263,-1.9753747226034408,0.20122861549672372,31.861104818689885,37.40631592104371,2973.281,Critical
B0036,174,197,23,1.6359654863840771,0.9083142519167569,24.0,3.4606240664312637,2.664776371262019,4.182870580087216,-1.9753588071492805,0.20176681115364065,32.31201872670814,37.77076533558071,2968.016,Critical
B0036,175,197,22,1.631137043967566,0.9056334233186121,24.0,3.456019242182233,2.632939371611515,4.1827611176443975,-1.975257971644178,0.20222966114147659,31.79301024802491,37.14813436098321,2959.281,Critical
B0036,176,197,21,1.6220189720888465,0.900570923708215,24.0,3.450712115143618,2.628283415842944,4.182395237195288,-1.9752191259041323,0.2029175284274215,31.01748043918613,36.53239990681521,2942.797000000006,Critical
B0036,177,197,20,1.6416044978422155,0.911445121434958,24.0,3.457628617948717,2.638269533539896,4.174632559195338,-1.974872083562542,0.20172845736417463,32.52627247756125,37.81511547301817,2978.89,Critical
B0036,178,197,19,1.6253090231457803,0.9023976127731242,24.0,3.453055943057908,2.666855394758346,4.180584396863127,-1.9750892690302664,0.2027526472075513,30.971239918679984,36.404593910301536,2948.891,Critical
B0036,179,197,18,1.6196134522239485,0.8992353405344006,24.0,3.450668341610227,2.645771603606621,4.182361662503121,-1.9750429933939881,0.20326241166481698,30.76463270446893,36.31178502135717,2938.547,Critical
B0036,180,197,17,1.6124236174774371,0.8952434290768936,24.0,3.450902810317066,2.6749192828697232,4.1825612222864805,-1.9749799926549043,0.20386635155408256,30.660177115279623,36.180551238597374,2925.484,Critical
B0036,181,197,16,1.6077701029913394,0.89265972326867,24.0,3.4500594839606094,2.6772635289500464,4.18253016588314,-1.9747546184485705,0.20465564734741504,30.586674094126863,36.10348020899565,2917.297,Critical
B0036,182,197,15,1.6088077531981582,0.8932358432902734,24.0,3.449110812692783,2.651409246777448,4.1821683496152,-1.9749280525665507,0.20459266880853255,30.83253477381729,36.39815845242428,2918.938,Critical
B0036,183,197,14,1.6083556258734268,0.892984814954925,24.0,3.4458169090139847,2.6359845840555653,4.180085195716553,-1.9747449903353,0.20477823811405596,30.68860522383244,36.34867749615663,2918.25,Critical
B0036,184,197,13,1.606820251901154,0.89213235072347,24.0,3.4453799620249113,2.6203632515294,4.18247008024948,-1.9747270429184276,0.2048104284230087,30.620490468656016,36.30340414585353,2915.4839999999967,Critical
B0036,185,197,12,1.601770977206713,0.8893289125061146,24.0,3.445133112798374,2.6353503124760125,4.182402126830995,-1.9748519715505966,0.20548541028158532,30.598226708173872,36.26566178605087,2906.015,Critical
B0036,186,197,11,1.594911734692208,0.8855205511530587,24.0,3.4458558996634645,2.665160202735034,4.182271283338991,-1.9743987343803497,0.2059350007806618,30.522404975221356,36.17313667131571,2894.14,Critical
B0036,187,197,10,1.5938139125387372,0.8849110227025097,24.0,3.4444897117952333,2.6439462094074133,4.182247103438741,-1.9743953769070435,0.20660174499782671,30.572012594415884,36.20038317528244,2892.031,Critical
B0036,188,197,9,1.5920273129504596,0.8839190739835378,24.0,3.4452529094036595,2.680823910703161,4.182668785784587,-1.9745565504466334,0.2065228461140504,30.525594309542488,36.12974352283867,2888.719,Critical
B0036,189,197,8,1.5847361549778751,0.8798709062473632,24.0,3.4433682977623126,2.6584332895177942,4.182325389472558,-1.9743485288471663,0.20720655690018258,30.460152624234137,36.15128962766672,2875.641,Critical
B0036,190,197,7,1.5763429363936798,0.8752108568007655,24.0,3.444044633354945,2.68581364438656,4.181890851070748,-1.9740794817151763,0.20766168636888857,30.42634729502671,36.06503580876304,2860.7810000000027,Critical
B0036,191,197,6,1.5720229174642286,0.8728123130693548,24.0,3.4436657042772842,2.686590802386354,4.1819812339971225,-1.9739791964844613,0.20837554427294896,30.477932880980596,36.12802521407918,2852.844,Critical
B0036,192,197,5,1.5729874285512353,0.8733478250796946,24.0,3.4414697554582165,2.656968060548768,4.182031710997783,-1.9739892815959978,0.20820397145769168,30.473709628947084,36.26774799217623,2854.64,Critical
B0036,193,197,4,1.596985400389019,0.8866718835752895,24.0,3.4563046908197936,2.676038889381632,4.1803143719336,-1.9743635806531243,0.20694857770854558,33.14386747805384,38.43630283495838,2897.844,Critical
B0036,194,197,3,1.595726023703856,0.8859726574600775,24.0,3.452089547010762,2.6188084347235887,4.182098322143219,-1.9739686530082492,0.20710200104847554,32.934539010545976,38.52063845392343,2896.063,Critical
B0036,195,197,2,1.579500338340559,0.8769638969542708,24.0,3.4477573593842226,2.645949573946669,4.182097383940862,-1.9740791048008222,0.20831896293044008,31.954024468442526,37.489412293667954,2866.234,Critical
B0036,196,197,1,1.5629469877520186,0.8677732114650685,24.0,3.4451953986146564,2.6883439532038187,4.181667072254369,-1.973680146390149,0.2092928810435343,31.19189073934152,36.78751789975617,2836.609,Critical
B0036,197,197,0,1.5591129431541175,0.8656444884695392,24.0,3.4432584336378484,2.67894320816739,4.182118777318184,-1.9737323749924904,0.21001887799328436,30.99297651094941,36.62637340717898,2829.516,Critical
B0038,1,47,46,0.8980573709676724,0.8461662392424565,24.0,2.883239659655731,2.1981645845929387,4.053116638334503,-3.952127452371893,0.5555387706574638,38.8265055747093,51.693778100061,982.938,Healthy
B0038,2,47,45,1.1026236331914077,1.0389123492100516,24.0,3.171331675099785,2.173538006790758,4.1851064801192095,-2.99722690705762,1.763153005343104,40.496516738152486,51.136880141242045,1489.953,Healthy
B0038,3,47,44,1.0885801879473431,1.0256803557624912,24.0,3.1803732612872655,2.191128315273502,4.18694152805074,-2.957884019744667,1.7847327131649926,40.3082686076966,51.3517572303697,1479.703,Healthy
B0038,4,47,43,1.0613249847591086,1.0,24.0,3.2014600077361552,2.174928379064222,4.187310082648276,-2.890891500138237,1.8186318442967142,39.93347404849829,49.541551118224994,1468.172,Healthy
B0038,5,47,42,1.0347062057983545,0.9749192948974099,24.0,3.2011146598082543,2.162304775163232,4.185977695675653,-2.875691989787786,1.8260004298249077,39.949996492029705,49.94400434434952,1457.0,Healthy
B0038,6,47,41,1.0269978594353013,0.9676563486050423,24.0,3.1928056969575156,2.1523889970129018,4.187105297284753,-2.899456239004,1.8153665219019093,40.03056196708513,50.47284162905345,1437.047,Healthy
B0038,7,47,40,1.078501971098942,1.0161844737347177,24.0,3.0561380160526412,2.1947161370182617,4.18045914385637,-3.65723892716497,1.1703474902694635,39.44913263410249,49.83589725328242,1170.531,Healthy
B0038,8,47,39,1.0638897478802845,1.0024165671759417,24.0,3.181450544509047,2.1463956973341785,4.183492564102866,-2.9674515029911404,1.7802468524990138,40.058567746287395,50.058224679961086,1436.141,Healthy
B0038,9,47,38,1.0366551223324425,0.9767556000462332,24.0,3.1927410490834576,2.1983669967426582,4.186120317256443,-2.9319888511060146,1.7987300203627612,39.916070861462195,49.70254627455938,1420.172,Healthy
B0038,10,47,37,1.030941327482094,0.9713719570222773,24.0,3.167665290347624,2.1858064268526136,4.185843165124554,-2.994495446145827,1.7657670551808573,40.27645391572808,51.35429552288885,1397.0,Healthy
B0038,11,47,36,1.0140084541034655,0.9554174910276114,24.0,3.1781927267469925,2.151862863027953,4.185966509890458,-2.9580193436340854,1.7853447679375918,40.1754669430076,50.44246795838984,1393.25,Healthy
B0038,12,47,35,1.008516095994519,0.95024248979065,24.0,3.1613474600189155,2.164578187429903,4.186351056855524,-3.001260117107958,1.7618279238863486,40.41336717515726,51.33205933952721,1380.938,Healthy
B0038,13,47,34,1.7419245088095905,1.6412734401093545,44.0,3.608926624109929,2.180206803089782,4.177730241404494,-1.0022813853258807,0.06892275998807161,44.29688064198706,49.52801806570102,6375.828,Healthy
B0038,14,47,33,1.779741859708433,1.6769056464946832,44.0,3.6118191487524745,2.1921466685430167,4.186620638463225,-0.985523491989515,0.14554206938403905,47.195451017988766,49.28701938671706,6574.671,Healthy
B0038,15,47,32,1.7815666306452766,1.6786249793692014,44.0,3.614149636005495,2.16658130125341,4.188933311711306,-0.9870171236405828,0.14075809892083127,47.146072926598166,49.17905905171433,6571.156000000003,Healthy
B0038,16,47,31,1.7834859577156017,1.680433404778842,44.0,3.6144683724527336,2.1366453580856253,4.189402399305119,-0.9884125593394552,0.13568592933924226,47.127641701986995,49.1809104842522,6569.11,Healthy
B0038,17,47,30,1.7864411650415677,1.6832178556948232,44.0,3.6165883435722845,2.1909799678189845,4.189825570933335,-0.9883512949484963,0.1360629380348572,47.09918641441624,49.05688408240341,6558.75,Healthy
B0038,18,47,29,1.7859997608067948,1.6828019564734615,44.0,3.6160610851845387,2.166402675362294,4.191065310739852,-0.9884509077751611,0.13642571539881088,47.133209565495285,49.13032050804125,6567.516,Healthy
B0038,19,47,28,1.7769523773001608,1.6742773446565753,44.0,3.6257089708628913,2.145739105715045,4.18123625379194,-1.003966417823918,0.056840693623248006,47.15436113022586,49.23198595690627,6430.172,Healthy
B0038,20,47,27,1.781428917321899,1.6784952233327795,44.0,3.613285312724596,2.139096537674337,4.185716420658905,-0.9879674131883375,0.13720339497202227,47.16342394557887,49.16417337699806,6554.327999999994,Healthy
B0038,21,47,26,1.7859452772697195,1.6827506210786884,44.0,3.615119723068455,2.1550256706410824,4.189329902417763,-0.9878892583593684,0.13737058764579832,47.142139947358636,49.04035070342245,6560.922,Healthy
B0038,22,47,25,1.785208429691551,1.682056349683263,44.0,3.6158365688729885,2.1776344857025127,4.189967846272303,-0.9878187430421663,0.13769357570092997,47.07812277465954,48.97912041843542,6559.047,Healthy
B0038,23,47,24,1.783596609584544,1.680537663013154,44.0,3.615503145763947,2.1804158381574807,4.18974503175606,-0.9877368963424067,0.13807510191006442,47.07326100880017,48.978872169562095,6553.781,Healthy
B0038,24,47,23,1.7796783152744713,1.6768457737555373,44.0,3.6139392243174577,2.1075006723313274,4.188353739927258,-0.9892953816503839,0.13278379084019798,47.08146790123274,49.04045996790738,6540.187,Warning
B0038,25,47,22,1.7841102592788645,1.6810216332406498,44.0,3.61791112455575,2.1931517470679918,4.1880636486598535,-0.9906537351245918,0.1269470965566838,47.087615537529175,48.95885334502884,6535.922,Warning
B0038,26,47,21,1.7833032331592191,1.6802612383274662,44.0,3.615792342161085,2.1577326042974923,4.18971330698209,-0.989093271752985,0.13311955253445096,47.09422579980021,49.01777260309724,6544.078,Warning
B0038,27,47,20,1.7796186141356956,1.676789522240089,44.0,3.6151540820598718,2.162189918911785,4.188131880621521,-0.9890153352338132,0.13369002572915806,47.083185115341905,48.99249018111872,6531.187,Warning
B0038,28,47,19,1.7816592334352586,1.6787122314280067,44.0,3.616195897791123,2.199945094089768,4.188924695577913,-0.9888803362572581,0.13400222151989313,47.06402084308688,48.94618497316047,6528.562,Warning
B0038,29,47,18,1.7775911304124037,1.674879189634707,44.0,3.6135506508279374,2.1302151249881103,4.187542870745614,-0.9888372175373165,0.13429646815237853,47.07142767555465,49.0209427982368,6525.187,Warning
B0038,30,47,17,1.777701881971679,1.674983541799092,44.0,3.615401963428833,2.164304791761506,4.1857951584704445,-0.990311695204241,0.12833190597493865,47.094941474493815,49.014180829264426,6515.938,Warning
B0038,31,47,16,1.7789547618270618,1.676164028335614,44.0,3.6125287354843514,2.103101288221301,4.187443417451479,-0.9886847879265132,0.13469285347173654,47.099513351069206,49.08755174393166,6532.015,Warning
B0038,32,47,15,1.7807753731135043,1.6778794419107084,44.0,3.6160020417093457,2.1449886066523933,4.1900372622396045,-0.9902725483840611,0.1287556340669794,47.07452189489319,49.000307836809725,6527.922,Warning
B0038,33,47,14,1.778415319026661,1.6756557553672515,44.0,3.6145930156040587,2.1205293855533207,4.188861157517333,-0.9902807469221099,0.128995216768698,47.12153419194554,49.05042538685695,6519.328,Warning
B0038,34,47,13,1.7789773899108463,1.676185348934026,44.0,3.6166641442341034,2.1339834463152427,4.190060028748116,-0.9919115001416685,0.12297493415898729,47.15829653400459,49.08198729235301,6510.063,Warning
B0038,35,47,12,1.7792479347236043,1.676440261252725,44.0,3.616763225911199,2.1093887147366805,4.187583021759709,-0.9933993302020114,0.11634346593636109,47.161612217353984,49.13279687311376,6501.718,Warning
B0038,36,47,11,1.777920457368508,1.6751894875743896,44.0,3.6149940792944446,2.098244904990502,4.1891099360693005,-0.9915864068538185,0.12351252365974966,47.155567707969865,49.13552693190528,6509.047,Warning
B0038,37,47,10,1.779227040224144,1.676420574069477,44.0,3.6159145027179576,2.1367946107881166,4.18915400521565,-0.9915566919647096,0.1238402683262109,47.13225621283967,49.04172173314357,6502.438,Warning
B0038,38,47,9,1.7760634320079352,1.6734397639861953,44.0,3.6146610547862235,2.103206542363035,4.188887533318818,-0.9916693008676862,0.12397587474344095,47.13346886842004,49.09468753497383,6502.047,Critical
B0038,39,47,8,1.775103937963957,1.6725357109790988,44.0,3.615082794707677,2.1895312972615004,4.187944942179681,-0.9899169847459927,0.13096520260558087,47.176385542899524,49.057064718364046,6498.86,Critical
B0038,40,47,7,1.733064100138742,1.632924999435587,44.0,3.4389023365216986,2.1594623220347016,4.182064571336064,-1.998396970742944,0.16931968968156866,50.154407994251926,54.42193934195762,3162.047,Critical
B0038,41,47,6,1.7394892806215223,1.6389789231394927,44.0,3.437169559941295,2.023065783993831,4.186725946685351,-1.9984033983725646,0.16937805856057,50.1979427615177,54.61602412701822,3173.141,Critical
B0038,42,47,5,1.7378064360392924,1.6373933158972285,44.0,3.4370308930893247,2.0028176202456365,4.189706586585002,-1.99868797664225,0.1697616822479329,50.18895736512512,54.621843575697525,3169.844,Critical
B0038,43,47,4,1.730028145799833,1.630064467192866,44.0,3.437230626486004,2.061244397117138,4.188139594837195,-1.9982781324264294,0.170170404601127,50.178407502665095,54.57283441287881,3156.563,Critical
B0038,44,47,3,1.7290404566542985,1.6291338482404074,44.0,3.4363115548278413,2.030738155835073,4.189030830558383,-1.9983559715990522,0.17055484431617166,50.182509844874,54.65884815489962,3155.047,Critical
B0038,45,47,2,1.7286072907068817,1.6287257112855282,44.0,3.4394075704239655,2.1901431826977382,4.189306425000166,-1.998333813768599,0.17103678264820057,50.173666427799,54.51993729622157,3142.312,Critical
B0038,46,47,1,1.52573884649634,1.437579316803364,44.0,3.0455602167949416,2.11587711023423,4.17467236177005,-3.967012008013358,0.4995907205261105,58.41948951650429,69.28796559754325,1485.047,Critical
B0038,47,47,0,1.5301475534434217,1.4417332819039617,44.0,3.0241360171924403,2.052769819032336,4.186501078488458,-3.9673854309358183,0.49954736050300996,58.954810986890266,69.86974573152932,1489.313,Critical
B0039,1,47,46,0.1190383185934176,0.25266107506270263,24.0,3.3780267772090253,2.4897962179516666,4.078325990995359,-1.7216522308231414,1.9789410010354245,34.70141183965182,41.68577610887712,982.938,Healthy
B0039,2,47,45,0.4729861500927512,1.0039220192649088,24.0,3.538833973977793,2.475664628588948,4.201433690744269,-1.3777686088249814,1.8969388188878327,34.602296282226774,42.96184230643531,1489.953,Healthy
B0039,3,47,44,0.1628079382920206,0.3455629179214457,24.0,3.5283987355327224,2.497942856856816,4.202601079177913,-1.3955410359909974,1.9027184940397266,34.706915531211784,43.606076550083,1479.703,Healthy
B0039,4,47,43,0.4787632853388766,1.0161840977226382,24.0,3.523734020299432,2.480114715641411,4.20285727861485,-1.414099580611061,1.908604602711483,34.771517765327,43.90627471664096,1468.172,Healthy
B0039,5,47,42,0.4711383364607152,1.0,24.0,3.5290210250014034,2.4872303300157066,4.203125866428561,-1.406242060472347,1.9062491810204543,34.709560141583104,44.013774813837145,1457.0,Healthy
B0039,6,47,41,0.4668172561120673,0.9908284255085064,24.0,3.528853302126734,2.489183697067473,4.203130606417118,-1.417553449529416,1.9099434998159188,34.65890294500357,42.92203104864584,1437.047,Healthy
B0039,7,47,40,0.4699932676625547,0.9975695698915897,24.0,3.4540436783572668,2.498492440398465,4.199225453541231,-1.705386422586468,1.9753416533686743,35.44499437757343,43.24542727979999,1170.531,Healthy
B0039,8,47,39,0.4627052684317185,0.9821006541468318,24.0,3.53257704827921,2.4971812527928607,4.201734819728371,-1.409614813413039,1.907475357571867,34.6176662375867,43.86578283702087,1436.141,Healthy
B0039,9,47,38,0.4604944782656097,0.9774082103463193,24.0,3.5299976922060075,2.4988010332333745,4.202672121596153,-1.4193953971803481,1.9106251544856414,34.65017232704175,43.67270130471354,1420.172,Healthy
B0039,10,47,37,0.4412227248835694,0.9365035505242945,24.0,3.5156652919077627,2.487295552712161,4.202779797627703,-1.4499971979709174,1.9198022390467022,34.822277873738145,43.79137016976176,1397.0,Healthy
B0039,11,47,36,0.4435442194396584,0.941430966479295,24.0,3.5295294248045366,2.4958019219001284,4.202689684084776,-1.4318958455799566,1.9143824060074148,34.67233382014022,43.92654641714406,1393.25,Healthy
B0039,12,47,35,0.4126655541164234,0.8758904172741473,24.0,3.52826089394077,2.498934011647546,4.202868370613372,-1.4237231581935579,1.9119252146021595,34.74469432520436,43.36143647499468,1380.938,Healthy
B0039,13,47,34,1.7461791006389626,3.7062980562282557,44.0,3.6461406726770127,2.4987062304520014,4.197294023274615,-0.9931771469825759,0.05568371282475593,44.007524345018545,48.10057733769074,6375.828,Healthy
B0039,14,47,33,1.7695250734505363,3.755850323587676,44.0,3.64392186740937,2.473002904156423,4.204972433209606,-0.9751829593896583,0.14399517337804468,46.67611297517316,48.36094927051516,6574.671,Healthy
B0039,15,47,32,1.7715391419501945,3.760125221942983,44.0,3.646350059209468,2.489434465017692,4.208448210539393,-0.9751939760319923,0.14447558338462754,46.6383045331837,48.20507797013392,6571.156000000003,Healthy
B0039,16,47,31,1.770625483958279,3.758185965632874,44.0,3.645585479395615,2.473981445559395,4.206898230242775,-0.9750119009804336,0.14485222156858277,46.624310116631904,48.18149876688975,6569.11,Healthy
B0039,17,47,30,1.7704040639447296,3.7577159974803935,44.0,3.6468115454863126,2.4673788761032256,4.207946244454896,-0.9763225329640914,0.14010263170598272,46.60181681852236,48.22285805925047,6558.75,Healthy
B0039,18,47,29,1.769508178880176,3.7558144645436267,44.0,3.6451349051966417,2.458737817987512,4.207227267233697,-0.9746122484452725,0.14559173792694058,46.64079559317347,48.3111327307896,6567.516,Healthy
B0039,19,47,28,1.7638356274269416,3.7437743671576915,44.0,3.6561026070574316,2.4562277920171924,4.197666044398925,-0.991639778772074,0.0688890159498084,46.65269866016946,48.31988246057892,6430.172,Healthy
B0039,20,47,27,1.7715725869786123,3.760196209646232,44.0,3.6458870173477007,2.437931364664341,4.2045074487347165,-0.9776620652375614,0.13571242809567546,46.637301691869546,48.19161251147565,6554.327999999994,Healthy
B0039,21,47,26,1.7701196454489685,3.7571123138619096,44.0,3.645766068703999,2.4476008226100348,4.208084129481043,-0.97593374546125,0.1413814025154582,46.62385161772923,48.22746339794149,6560.922,Healthy
B0039,22,47,25,1.766756975286052,3.749974983055468,44.0,3.6446971444609972,2.467377500135635,4.207142953751636,-0.9744225907364069,0.14696712834173573,46.59535143073503,48.171946839870586,6559.047,Healthy
B0039,23,47,24,1.7648743629092642,3.745979102798875,44.0,3.643834980413121,2.457416820096295,4.207099547920701,-0.974188913140975,0.14730143072667756,46.59281927437506,48.20204512091098,6553.781,Healthy
B0039,24,47,23,1.763838685943225,3.7437808589161556,44.0,3.6455211713700875,2.470228395185217,4.2078293027865055,-0.975611434926553,0.14263266608558414,46.595538716376765,48.20808548312476,6540.187,Warning
B0039,25,47,22,1.7657225752056789,3.7477794493866448,44.0,3.6442867502271574,2.47756542534469,4.20415549392574,-0.9755764719558602,0.14303435699152828,46.615922853146614,48.216947901934525,6535.922,Warning
B0039,26,47,21,1.7645632809383045,3.7453188254516805,44.0,3.6438395995465793,2.480137502417058,4.2074857099225,-0.9738254896234411,0.14842397883996053,46.61306744285817,48.23861432117145,6544.078,Warning
B0039,27,47,20,1.7608991948479125,3.7375417336575434,44.0,3.6432430775983096,2.4411463439008707,4.207192516257174,-0.9753455155568392,0.14355424258175803,46.60739102749507,48.2409468668017,6531.187,Warning
B0039,28,47,19,1.7598362095817717,3.7352855273931027,44.0,3.6429596917730023,2.4393843779206725,4.207616345532635,-0.9751784320040705,0.14391685948971514,46.59731896053421,48.28638353591076,6528.562,Warning
B0039,29,47,18,1.7590955400143164,3.733713442274708,44.0,3.6431420009845095,2.49689484054888,4.207147287931799,-0.973600435800719,0.14959525625712466,46.60563234024716,48.23633627651948,6525.187,Warning
B0039,30,47,17,1.7560495443976525,3.727248259161939,44.0,3.6420393576004138,2.465533668800099,4.204165409407158,-0.9749580537234221,0.144658944433307,46.62474216211915,48.2681944116944,6515.938,Warning
B0039,31,47,16,1.7571677199949287,3.729621607944541,44.0,3.6405822186622365,2.487866062972102,4.206316214831835,-0.9716546701373575,0.15520367727282777,46.6386326424737,48.25892855404056,6532.015,Warning
B0039,32,47,15,1.7558911269459976,3.7269120151346646,44.0,3.640101281169697,2.480376897645346,4.20729233602744,-0.9715222945577332,0.15553360433249566,46.624080824947505,48.27406092264485,6527.922,Warning
B0039,33,47,14,1.7533419072229914,3.721501248220309,44.0,3.6389138404319183,2.423512955443349,4.207400407989978,-0.9730192985244435,0.15090932840024712,46.6573959514452,48.37743085469793,6519.328,Warning
B0039,34,47,13,1.7506673845335168,3.7158245233976883,44.0,3.6390963886375602,2.4421166575524973,4.207172779835573,-0.9728763615065116,0.1512413007713083,46.69850634609825,48.34229218799801,6510.063,Warning
B0039,35,47,12,1.7510006664162403,3.716531920476065,44.0,3.639310178523211,2.48916723023537,4.203796739473216,-0.9727174864909479,0.15147973564522327,46.70366699259687,48.35205523072366,6501.718,Warning
B0039,36,47,11,1.7496058853847871,3.713571471445466,44.0,3.6382966465278597,2.486277943958813,4.207405098710311,-0.9708770463110533,0.15688238439295332,46.69858207228199,48.36227474052515,6509.047,Warning
B0039,37,47,10,1.7477359172183355,3.7096024287636515,44.0,3.6368192187368806,2.4621592876012923,4.206949746343375,-0.9707953984260251,0.15745207290832056,46.68478011498361,48.39407566049798,6502.438,Warning
B0039,38,47,9,1.7444225468099093,3.7025697376154065,44.0,3.634846725471178,2.419307605326947,4.20717367641765,-0.9707512160925147,0.15762214446912595,46.691631182155156,48.40712816602448,6502.047,Critical
B0039,39,47,8,1.743308366083936,3.700204868022447,44.0,3.635905813888798,2.498091152649448,4.206902271296153,-0.9689523533406329,0.163115454840155,46.752413955353425,48.476824345274245,6498.86,Critical
B0039,40,47,7,1.6556691733888471,3.514189029546105,44.0,3.4708414429615604,2.4729033909981424,4.196674813894532,-1.897442497029331,0.41815884869327524,49.300859599002976,52.90221489344579,3162.047,Critical
B0039,41,47,6,1.64297669457593,3.4872490040150366,44.0,3.4717307267626065,2.482404434239833,4.204257320385259,-1.8762389619942326,0.4613744686586946,49.34643167372232,53.04880173105535,3173.141,Critical
B0039,42,47,5,1.6343822729361266,3.4690071820814476,44.0,3.470065952813119,2.4529055944220666,4.206474730273981,-1.8688554169399538,0.475389991004773,49.35236153077406,53.017440171542674,3169.844,Critical
B0039,43,47,4,1.62650670621656,3.4522911432663315,44.0,3.468937839466871,2.442965370421763,4.206865048530781,-1.867958006398749,0.47677374935818106,49.34646841409122,53.07430485716129,3156.563,Critical
B0039,44,47,3,1.618865991735961,3.436073582755341,44.0,3.468115577491925,2.450251182214539,4.206889463177472,-1.8602935835155212,0.49063810289934406,49.35565140520816,53.15177003577248,3155.047,Critical
B0039,45,47,2,1.6114968339209264,3.420432406385799,44.0,3.467077155738093,2.447037438010891,4.206575007421019,-1.8593916153072554,0.4923758597064833,49.368284273788476,53.01718592680281,3142.312,Critical
B0039,46,47,1,1.3240805773461226,2.8103859840676075,44.0,3.2199500199575746,2.4740907394153795,4.189178895374635,-3.2987153931778748,1.5005971818862887,55.97390404609549,63.94078057196598,1485.047,Critical
B0039,47,47,0,1.3153386221697692,2.7918310194217146,44.0,3.22661988786129,2.442276380666166,4.204083091786472,-3.2988222829259044,1.5006289213281414,55.95647115817562,64.14381595669508,1489.313,Critical
B0040,1,47,46,0.6734628137095633,0.8638711144698699,24.0,3.2570770872838057,2.689034363728547,4.068028641979544,-2.496194310605518,1.9414341435047784,34.520854008155766,40.67740211970284,982.938,Healthy
B0040,2,47,45,0.7913062105760345,1.0150324028314517,24.0,3.435168668765134,2.69442244998024,4.181329419378459,-1.9461397110184737,2.001007633148104,34.02922924081149,41.121867004450536,1489.953,Healthy
B0040,3,47,44,0.7865824034601745,1.0089730326113782,24.0,3.4309758033508495,2.6769978869674524,4.182169713231169,-1.9452201291903763,2.0011227285863704,34.012090723638956,41.63283156392668,1479.703,Healthy
B0040,4,47,43,0.7795871426061582,1.0,24.0,3.4348636528845424,2.675172001926867,4.1821186375364,-1.9447435736678282,2.0011829538106514,33.978388906178346,41.715752737182754,1468.172,Healthy
B0040,5,47,42,0.7628241523125163,0.9784976054920514,24.0,3.445308801417867,2.69268420954805,4.181769825430115,-1.9174672773069694,2.0002165680843107,33.83721613724266,41.61695629052659,1457.0,Healthy
B0040,6,47,41,0.7405021514606399,0.9498645000546606,24.0,3.458759767508341,2.695919341909784,4.181957861733809,-1.88809363687247,1.9990818516253295,33.67935609685469,40.41568117134027,1437.047,Healthy
B0040,7,47,40,0.7783970881100656,0.9984734811144854,24.0,3.344897364124835,2.6973035934049494,4.177687640263026,-2.4160677054793758,1.9593364073953232,34.856675647434145,41.6427020562054,1170.531,Healthy
B0040,8,47,39,0.7733165409025605,0.9919565095921988,24.0,3.435394313904374,2.680482862570943,4.181217465945281,-1.9695300241186462,2.001967317429247,33.93437846177736,41.666127528934624,1436.141,Healthy
B0040,9,47,38,0.7589575236409498,0.9735377639807609,24.0,3.4407328862516335,2.686758150797836,4.182275640250018,-1.9553056005388323,2.001781856796465,33.87341008861747,41.55823578501682,1420.172,Healthy
B0040,10,47,37,0.7407399462256391,0.9501695265898652,24.0,3.4424940628831777,2.674688015022009,4.181827468882669,-1.9401168646905238,2.0015929624099753,33.801632457231946,41.25451200429936,1397.0,Healthy
B0040,11,47,36,0.7446218752617147,0.955148994341345,24.0,3.4441875855764166,2.686289969564933,4.181567286734688,-1.954173143017623,2.0020886221868968,33.841214598826475,40.05463707446548,1393.25,Healthy
B0040,12,47,35,0.7149875629820736,0.9171361659350507,24.0,3.458256040593686,2.6945279873006065,4.181983804533861,-1.8954416195145705,1.9998560338310143,33.68915739169769,40.76452850374992,1380.938,Healthy
B0040,13,47,34,1.7075144448533202,2.1902804080953704,44.0,3.624872673514505,2.682915069119874,4.175387518911088,-0.9641877110703866,0.18214812412599046,44.27504698193625,47.45925542600303,6375.828,Healthy
B0040,14,47,33,1.730880859428193,2.2202532145949223,44.0,3.6219123150772736,2.6893633842231077,4.183371957728605,-0.9482972559679383,0.21837553706658772,46.496780020843715,47.733284854985534,6574.671,Healthy
B0040,15,47,32,1.7328212845233328,2.2227422565366006,44.0,3.621615017492515,2.663011590614207,4.185403574589526,-0.9497815137936721,0.21581029233603108,46.4678468881245,47.68533526444168,6571.156000000003,Healthy
B0040,16,47,31,1.7317734323431513,2.221398144861441,44.0,3.622864388629409,2.6936866986118786,4.185139783184118,-0.9494868615948265,0.2163287813128492,46.45190241544343,47.67231335727975,6569.11,Healthy
B0040,17,47,30,1.7341296392350067,2.224420522685655,44.0,3.6220494199910203,2.644136217828117,4.185518450705473,-0.9521447667439508,0.21037127972667732,46.440231939332925,47.70025798751115,6558.75,Healthy
B0040,18,47,29,1.7334756929990074,2.2235816860755317,44.0,3.622162963654601,2.6743889241293517,4.185427919430507,-0.9505422244648805,0.214252960160443,46.465222077063906,47.70250785089967,6567.516,Healthy
B0040,19,47,28,1.7243057179457877,2.2118190818045527,44.0,3.629361907913309,2.6812131139529,4.176190564871368,-0.9652916551188272,0.17974503287016644,46.49072067213048,47.77567590438216,6430.172,Healthy
B0040,20,47,27,1.7318975861687205,2.221557400727506,44.0,3.6234871903936696,2.6999262584848243,4.182711714289401,-0.9515172757333833,0.21209724003392422,46.47888431603475,47.68448077336878,6554.327999999994,Healthy
B0040,21,47,26,1.7333691208377455,2.223444982741886,44.0,3.6222932883799372,2.67095044814488,4.185107481198763,-0.9513915692974558,0.21237845181462175,46.45480276183313,47.66868390973605,6560.922,Healthy
B0040,22,47,25,1.732175650153278,2.221914081808248,44.0,3.622128684193048,2.677767553221005,4.185322736341408,-0.9510427335186784,0.21274113829528857,46.423098338329766,47.63553822379171,6559.047,Healthy
B0040,23,47,24,1.7334832776102866,2.2235914150857536,44.0,3.6212784001178204,2.6464594317551624,4.185286474015191,-0.9524743606309494,0.20988783326261057,46.417883981463206,47.64097688926351,6553.781,Healthy
B0040,24,47,23,1.732372495746513,2.2221665816026612,44.0,3.6222214851987244,2.654408689336339,4.185544800435261,-0.95386146065853,0.2071033348755007,46.41962937983975,47.67660695857828,6540.187,Warning
B0040,25,47,22,1.7338175297202416,2.224020170373889,44.0,3.621600293236707,2.6386466599890395,4.182805883908282,-0.9551274962002001,0.20399628961911173,46.437216774742105,47.670062907549664,6535.922,Warning
B0040,26,47,21,1.7329630786357868,2.222924140132038,44.0,3.621303558836112,2.650918288963567,4.184959782592119,-0.9535557918067024,0.20790927608618967,46.44051551612336,47.67504818462313,6544.078,Warning
B0040,27,47,20,1.731883908457334,2.2215398559135413,44.0,3.6217314334668362,2.6471595195723987,4.184990348881109,-0.9547864424869567,0.20490953461565006,46.438246093452804,47.66226480407664,6531.187,Warning
B0040,28,47,19,1.7306960059812662,2.2200160974891823,44.0,3.6224802575418096,2.669669356026842,4.1849433685502655,-0.9544935502891163,0.2054986427605927,46.419799968945064,47.65776484346084,6528.562,Warning
B0040,29,47,18,1.7296011601947467,2.218611705694239,44.0,3.6227913336348077,2.6833023579431665,4.184970988659253,-0.95437046004151,0.20585647141355223,46.41925960985013,47.65588226485245,6525.187,Warning
B0040,30,47,17,1.7296187381064656,2.2186342534130996,44.0,3.6219039988656228,2.664835318499988,4.182014111969684,-0.9556526843949636,0.20280464462897282,46.442880190211326,47.68924379895171,6515.938,Warning
B0040,31,47,16,1.7307198617163877,2.2200466979619424,44.0,3.6231487093600996,2.695190974478952,4.185325352263018,-0.9540072055241993,0.20665143136278225,46.45501075115101,47.68013294716548,6532.015,Warning
B0040,32,47,15,1.729274556175907,2.2181927608438303,44.0,3.620727454558004,2.659441128426158,4.18476201200528,-0.9537643838011659,0.20704352932436956,46.42899601057107,47.69683888709109,6527.922,Warning
B0040,33,47,14,1.7297962212599596,2.2188619164206,44.0,3.620851281939705,2.645724055946119,4.184831315830137,-0.9552956614335978,0.20372431901430582,46.4460831551733,47.68346890250753,6519.328,Warning
B0040,34,47,13,1.7268942069037494,2.2151394148584154,44.0,3.6223530356435982,2.686333486141192,4.184646274630554,-0.9549687460528705,0.2041899260599097,46.477279245422224,47.72656082449746,6510.063,Warning
B0040,35,47,12,1.7272191689306016,2.2155562534760533,44.0,3.621799074855713,2.67226557137279,4.182435522794885,-0.9564508369268612,0.20091794138605726,46.50566493668475,47.7336433887077,6501.718,Warning
B0040,36,47,11,1.7285674981160106,2.2172857960912657,44.0,3.620827200366945,2.6426430588133014,4.184925895802646,-0.9560639609053613,0.20134199629418317,46.489529302216496,47.73354479118836,6509.047,Warning
B0040,37,47,10,1.726636381605547,2.214808694552613,44.0,3.6206286090197306,2.6490836320353925,4.184718733685154,-0.9559267781293634,0.20180166030025765,46.47422502580763,47.74132595782936,6502.438,Warning
B0040,38,47,9,1.7262424141835069,2.214303340628069,44.0,3.620461858040284,2.65252579490315,4.184688819147048,-0.955732355842102,0.20227345122395182,46.467598009037445,47.73740327080965,6502.047,Critical
B0040,39,47,8,1.72527259276029,2.213059321364264,44.0,3.6207850957418692,2.6675427612038987,4.184286661063821,-0.9557348422192878,0.20264081535434025,46.50711933936233,47.780084445812335,6498.86,Critical
B0040,40,47,7,1.666802687745505,2.1380582062620825,44.0,3.4599911073457075,2.6781395492001447,4.176406009176324,-1.8959184882594955,0.43451732026985446,48.821116047310866,51.74025766413764,3162.047,Critical
B0040,41,47,6,1.666754853762041,2.137996848165149,44.0,3.459413541721385,2.637555628457468,4.182388453906596,-1.888918960223662,0.4488464143753836,48.86273917281783,51.80596353207629,3173.141,Critical
B0040,42,47,5,1.6583274448761054,2.1271867559697304,44.0,3.4606411813742883,2.654677503869026,4.184674961031428,-1.8816448898300142,0.46350715107344964,48.859668212563015,51.79140734732303,3169.844,Critical
B0040,43,47,4,1.65032263550715,2.116918744952777,44.0,3.4619795504624093,2.6785586854358763,4.184986819959415,-1.8804793058771856,0.4652845575129536,48.84759659003841,51.7543308845732,3156.563,Critical
B0040,44,47,3,1.6493406341242296,2.1156591020863775,44.0,3.4582381856512225,2.619691419158041,4.184706989313181,-1.8804459095886619,0.46580172335579006,48.86015453747502,51.86320043661648,3155.047,Critical
B0040,45,47,2,1.641919055037739,2.106139218187728,44.0,3.460434749861773,2.6631019561941023,4.184343189730703,-1.8794616528353505,0.46751762290746657,48.85593683732135,51.81917888349145,3142.312,Critical
B0040,46,47,1,0.425812451177779,0.5462025063090302,44.0,3.7482973521924325,1.7489828090032309,4.168100705327105,-1.045884107237702,1.7565091637720887,49.04132294442338,53.95646661253941,1485.047,Critical
B0040,47,47,0,0.5569902643736575,0.7144682536857139,44.0,3.653849277043623,2.535468112391112,4.1824060069381375,-1.3616845329264926,1.900244880452376,50.17313973556242,55.67880428959517,1489.313,Critical
B0041,1,67,66,0.055620243768194,0.9960820849257723,4.0,4.033096790443365,1.948761932682621,4.18729715087111,-0.253835020646125,0.9733351471443814,7.85677103517608,9.925006929139911,1063.609,Healthy
B0041,2,67,65,0.0556974726122768,0.9974651473292921,4.0,4.014033100816979,1.9012002130732608,4.1926577100385645,-0.293046177761019,1.0367794285956162,7.793067309492064,10.752582877071836,1067.641,Healthy
B0041,3,67,64,0.0558390162918539,1.0,4.0,4.039068503173861,1.964899016000036,4.191826198838155,-0.25930915106300784,0.983876230073698,7.471857159027487,10.859754872978824,1048.687,Healthy
B0041,4,67,63,0.056148059974053,1.005534547395746,4.0,4.035518711643437,1.9253389098858815,4.192086560129419,-0.2611726955181682,0.9862463524015177,7.8427380417497545,10.755318068306904,1039.984,Healthy
B0041,5,67,62,0.056470531599139,1.01130957078442,4.0,3.980423400468267,1.9131372213178368,4.192301938512631,-0.392884133732256,1.1921778724494525,8.729861757639965,10.897588103290213,687.328,Healthy
B0041,6,67,61,0.0440922918408019,0.7896323174882707,4.0,4.032988865305357,1.8627826858792496,4.193625714514964,-0.2603556231508528,0.9819813644766895,7.667746337954232,9.341307040097297,1047.531,Healthy
B0041,7,67,60,0.0567719130814178,1.0167068987155492,4.0,4.033685949693059,1.91439695870045,4.19119960945764,-0.2642055168350503,0.9911039635795771,7.7591749084721195,10.393349980789248,1038.375,Healthy
B0041,8,67,59,0.0569383765007572,1.0196880296593562,4.0,4.032799639644717,1.8935647470508337,4.192541976485373,-0.2665742084454271,0.9947853431110567,7.595487830652279,10.096648262126736,1030.703,Healthy
B0041,9,67,58,0.0444014841131225,0.7951695259287731,4.0,4.024475259565998,1.839446966520227,4.191749338859155,-0.2703077571001647,0.9968575857612091,8.243992753511499,10.90616342735489,1010.765,Healthy
B0041,10,67,57,0.0446343581849161,0.7993399803396537,4.0,4.057419271798581,1.976983963738619,4.192711269669948,-0.2259631180369299,0.9230537987531588,7.468945958924572,8.568134800681483,1025.719,Healthy
B0041,11,67,56,0.0447987224365748,0.8022835180767732,4.0,4.0272103363763785,1.873021814547241,4.191685049461782,-0.2720271416604874,1.0032024212301083,7.530653071201209,10.723989411834728,1016.859,Healthy
B0041,12,67,55,0.0467089878078547,0.8364937441541007,4.0,4.050486744587676,1.9477419384591268,4.191473973303783,-0.23602951698570515,0.9404449018196611,7.508014036482144,10.069265727154304,1021.079,Healthy
B0041,13,67,54,0.0449537153308952,0.805059227690107,4.0,4.0253168657448795,1.848331298599493,4.19266348713535,-0.2734892167877026,1.0030636782691287,7.7964600722995465,11.678125966059154,1010.562,Healthy
B0041,14,67,53,0.0452193290195426,0.8098160036200251,4.0,4.052602606442854,1.9596888390790304,4.191170886079178,-0.2334393540995562,0.9362566918056594,7.80345244909983,10.184555541046697,1003.313,Healthy
B0041,15,67,52,0.0454022241469497,0.8130914038608024,4.0,4.05448270357176,1.9992324205815248,4.191474565768196,-0.23474919435723152,0.9402895577351654,7.338169121535551,10.778359079693514,1006.187,Healthy
B0041,16,67,51,0.0456790122497417,0.8180482981826025,4.0,4.049754413243471,1.9251333188603237,4.1914127894156605,-0.23568926542344776,0.9385468491301853,7.996082185455724,10.339342995308634,996.765,Healthy
B0041,17,67,50,0.0455208025703398,0.8152149803717195,4.0,4.05160764529163,1.974005533207924,4.190379159747539,-0.23708766412975693,0.9440563996660997,7.616516148546487,11.13650452054683,999.422,Healthy
B0041,18,67,49,0.0457285414602425,0.8189352982372226,4.0,4.046009584492232,1.8695092344510635,4.192073381143846,-0.23747574678748198,0.9400762880699364,8.20486682580586,9.695569312291523,990.234,Healthy
B0041,19,67,48,0.045860512192502,0.8212987125848129,4.0,3.9895918681265607,1.9264050760509093,4.190489343292772,-0.3840869068940257,1.1819605097215193,8.601584414303469,10.5100184115379,608.953,Healthy
B0041,20,67,47,0.045983556030275,0.8235022585271319,4.0,3.985571015537921,1.9303413820598547,4.192034113238024,-0.3994046475100103,1.204080362345496,8.142046999932631,10.61900706852965,586.719,Healthy
B0041,21,67,46,0.046128762966734,0.8261027150914103,4.0,3.980535614492745,1.9192879295943024,4.191331438635326,-0.40701282792967935,1.2133418764051123,8.360837093570488,10.81117656025071,575.922,Healthy
B0041,22,67,45,0.0463714545530443,0.8304489876876505,4.0,4.044423526176633,1.895888999773776,4.183657953138958,-0.22708609506318284,0.9213129300620981,7.424942900733046,8.406830339250588,1050.406,Healthy
B0041,23,67,44,0.0464238542531432,0.831387394263888,4.0,4.046519260018804,1.8503922251966067,4.190189952777753,-0.22827621606261198,0.9221766937077859,7.9013472750820934,9.345446470246117,1040.75,Healthy
B0041,24,67,43,0.0465794695305646,0.8341742499027488,4.0,4.0486772026987,1.918957726187492,4.19007809729293,-0.2361895202725738,0.9392994013358736,7.528844792233565,10.959408995323104,1019.125,Healthy
B0041,25,67,42,0.0467260089483965,0.836798569376179,4.0,3.987337891451254,1.8900554775200376,4.190880582293337,-0.3826962842101839,1.1784521207096552,8.951655882288602,10.83821929996881,618.844,Healthy
B0041,26,67,41,0.0468634724324437,0.8392603513554446,4.0,4.044136561678348,1.8174460639575951,4.191090626108922,-0.23064748794571,0.9259202884268682,8.178079824357086,9.713734913231036,1039.547,Healthy
B0041,27,67,40,0.0471230704848885,0.8439093955128123,4.0,4.04413456868279,1.8839750015583077,4.189832720082945,-0.24064511559111754,0.9476933066963965,7.858156748807482,11.338971542207569,1004.328,Healthy
B0041,28,67,39,0.047089685801538,0.8433115217398216,4.0,4.043477180478885,1.8734696416805767,4.190041335900519,-0.24024507058518205,0.946494861306544,7.290664996377677,8.874610339188825,1005.75,Healthy
B0041,29,67,38,0.0471681699068244,0.8447170641454432,4.0,4.04227054005478,1.886110144063044,4.189984813034986,-0.24333347418814666,0.9520997270228635,7.329912113720836,10.892975819528624,995.797,Healthy
B0041,30,67,37,0.0474166233958466,0.8491665244963134,4.0,4.040909605277031,1.873963241781132,4.189413584762128,-0.24301113896312274,0.9510354101813258,7.554859379508905,9.921480417012177,998.921,Healthy
B0041,31,67,36,0.0474736581861432,0.850187939164482,4.0,4.034959849871617,1.8016696485993335,4.1899380782665405,-0.24443978997902824,0.951056255873278,7.849809440149771,9.340703602759724,989.141,Healthy
B0041,32,67,35,0.047671071688296,0.853723343533373,4.0,4.036614663983007,1.8542865324237547,4.189327989081172,-0.24859607381512622,0.9615503835203888,7.70135529903965,10.415323507314886,979.203,Healthy
B0041,33,67,34,0.0477561486679362,0.8552469552530982,4.0,4.037642497951333,1.843811769338875,4.189084331721328,-0.2455503892791554,0.9554876416644352,7.894047750295666,10.395152109274877,994.031,Healthy
B0041,34,67,33,0.0478336905290522,0.8566356233612669,4.0,4.034094593369476,1.838701263626609,4.189241659101563,-0.2514955135210832,0.9657068917767827,8.037186019526875,11.381000616023892,971.516,Warning
B0041,35,67,32,0.0479228171589379,0.8582317587483922,4.0,4.012161986962798,1.839823604952559,4.189006943800672,-0.29997684312829737,1.0496093287190125,7.949369169721323,11.200598645773905,810.563,Warning
B0041,36,67,31,0.0481080249716144,0.8615485760022721,4.0,3.9650186584361826,1.811117308582499,4.189396334961549,-0.4022840734511658,1.2011633823038874,9.047225819573063,10.936042652403566,599.047,Warning
B0041,37,67,30,0.0480878273582587,0.8611868645199255,4.0,3.3407510468710697,1.750577605139322,4.189766782198294,-1.943108082149396,2.0546880338576017,6.867303793453594,9.652988520428655,109.078,Warning
B0041,38,67,29,0.0484226192632661,0.8671825271809142,4.0,3.376535267030834,1.7948775590357675,4.189927859515596,-1.962068668738532,2.072197286027134,7.376798555753924,9.298616166335734,109.171,Warning
B0041,39,67,28,0.0479864952546282,0.8593721458812434,4.0,3.516920360081993,1.975138784399138,4.191983739835927,-1.7719212345736954,2.099402306134117,6.443867741135219,8.441835425382303,96.484,Warning
B0041,40,67,27,0.0482217520049512,0.8635852707882687,4.0,3.356583779630796,1.7728949542450014,4.192299139301579,-1.9559507912713312,2.066380403758884,8.159447293088878,10.811071564713467,109.094,Warning
B0041,41,67,26,0.0478773156676534,0.8574168896065958,4.0,3.506509095784585,1.930210649441756,4.193421662600735,-1.7607054829879762,2.087534410892995,5.5290205453691215,7.830975218816948,96.906,Warning
B0041,42,67,25,0.0482903205557941,0.8648132392482523,4.0,3.5159000773941735,1.9650910927147995,4.193648125269162,-1.768133964644233,2.0951193145871807,7.124961498497141,9.120173569834156,97.015,Warning
B0041,43,67,24,1.2156494086360898,21.770609322382267,4.0,3.3112454225976364,1.9984945380049617,4.146039771927649,-0.8543609566361372,0.36017822217485507,9.154846882609299,14.806765885071044,5608.781,Warning
B0041,44,67,23,1.1476416320946563,20.55268355904186,4.0,3.3541760641303275,1.9980483774045472,4.165360918422926,-0.7981740885950973,0.40767610876868704,8.881539906101905,13.99744937533934,5703.296,Warning
B0041,45,67,22,1.1194574527298191,20.047943661448986,4.0,3.357060662805854,1.969259944196061,4.187489255858448,-0.7810567570267977,0.4195767590453586,8.750669611128531,14.356275659290002,5668.032,Warning
B0041,46,67,21,1.0841325641850128,19.415323481319493,4.0,3.360601023233454,1.9711826686049976,4.186438859109176,-0.7613195099194562,0.4317910439732179,8.86215516188506,14.518586105925962,5634.047,Warning
B0041,47,67,20,1.0607784232892656,18.997082931133544,4.0,3.376453566741124,1.992456853950006,4.186571406423036,-0.7425489892830268,0.4427243285283489,8.671218071184747,12.628628797798616,5582.375,Warning
B0041,48,67,19,1.0170312865626592,18.213631867132825,4.0,3.3670420302190878,1.9860813942080051,4.187026822244992,-0.7321893718076324,0.4479201270129848,8.757399436040695,14.249076739876308,5567.329,Warning
B0041,49,67,18,1.0000374999808574,17.909296516864828,4.0,3.364330094542419,1.9641170559105663,4.163770340966965,-0.7199523659573055,0.45389351103161313,8.639658664137915,13.400963787224589,5528.453,Warning
B0041,50,67,17,0.991506494786248,17.756517944441192,4.0,3.3751162200711295,1.9738816345942325,4.187200947787786,-0.7118463228821923,0.45763365473456846,8.65548107609068,13.143596987494345,5513.39,Warning
B0041,51,67,16,0.9655644425371016,17.29193146043949,4.0,3.3621759630641312,1.96202217374659,4.186784389157799,-0.7087128423143153,0.4591969651974924,8.759984675272241,14.777209247015293,5486.187,Warning
B0041,52,67,15,0.9383311962439672,16.80422146657437,4.0,3.368210631607209,1.9654140118768375,4.186125026049552,-0.6979025722864981,0.4638511481965443,8.830297151200996,14.304402604245366,5461.922,Warning
B0041,53,67,14,0.9298903389240268,16.653057318627663,4.0,3.370853913355754,1.986312676889039,4.186746028379296,-0.6933558264284685,0.4658146087035281,8.799768115250679,14.331273599738246,5438.157,Warning
B0041,54,67,13,0.9072117399448598,16.246914795259542,4.0,3.3581793261108124,1.9630747982406385,4.163158535852763,-0.6902880247189804,0.46689129893284387,8.745105198865453,14.563719307573445,5402.875,Critical
B0041,55,67,12,0.9176870676937324,16.434513511077192,4.0,3.37598164284238,1.9779431503032716,4.186772472927074,-0.6857268851295145,0.4686497588299315,8.946917298516645,13.829855263617011,5384.438,Critical
B0041,56,67,11,0.9157430721963028,16.399699224821344,4.0,3.3752161891444517,1.9639398858129091,4.186831658425379,-0.6851603503311268,0.46905301964145235,9.040543925569377,13.737164003906685,5344.859,Critical
B0041,57,67,10,0.9111662690050432,16.317734973027616,4.0,3.378276210248986,1.9702983324374248,4.186655518987532,-0.6819162824683658,0.47022679832199316,8.532733645586704,12.81091218035467,5305.156,Critical
B0041,58,67,9,0.8968901443572698,16.0620692110601,4.0,3.3576825497066554,1.9730383300739127,4.18742749688236,-0.6894186362655551,0.4673319441226134,8.782675041661408,14.671197747849568,5284.547,Critical
B0041,59,67,8,0.8862133472800153,15.870862456602785,4.0,3.372443445163586,1.9838761544280687,4.162787419492519,-0.6747860827784834,0.4728584187874451,8.560357801003482,13.038382746716444,5267.843,Critical
B0041,60,67,7,0.8931124136187014,15.994415248124518,4.0,3.3616482008091766,1.9788346452939312,4.187165554713402,-0.6895848665473618,0.46726675200117707,8.764133478033603,13.71449439237538,5229.688,Critical
B0041,61,67,6,0.880898507091054,15.775680977022589,4.0,3.355787384613788,1.981400280220432,4.187045396695641,-0.6897175362541831,0.4672017903700057,8.765404824218605,14.575589138075149,5206.954,Critical
B0041,62,67,5,0.8798879382023741,15.757583077815376,4.0,3.3727607964555295,1.9709138772975625,4.186293612544601,-0.6799724655286791,0.4711679802223198,8.755093905294753,13.067203225526349,5179.062,Critical
B0041,63,67,4,0.8682347537115443,15.548890567368522,4.0,3.3509928631825083,1.963309434324626,4.187093036345873,-0.6917951426190971,0.466383911834793,8.893802155578395,14.838581695723231,5144.109,Critical
B0041,64,67,3,0.8443569490395516,15.12127191901715,4.0,3.3532732844068915,1.969632856814267,4.16227646506248,-0.6809063812932633,0.47062110641311156,8.81827276383748,14.14400886283852,5142.891,Critical
B0041,65,67,2,0.8657093203148538,15.503663527846715,4.0,3.3628002392609977,1.9745500537070804,4.186536627382842,-0.68532451408367,0.46900755548191564,8.817889726396931,13.627764711730384,5109.734,Critical
B0041,66,67,1,0.848696904019178,15.198994545020136,4.0,3.3571560938046225,1.9757714925691647,4.186463574636571,-0.6877787777947552,0.4679962751755852,8.813349159884925,13.996072333026769,5078.937,Critical
B0041,67,67,0,0.8364948433646345,14.980472417216758,4.0,3.353212474513757,1.9845398354520496,4.186593388980786,-0.6879305049076954,0.4679005001508107,8.798028132789177,14.227945473001952,5051.672,Critical
B0042,1,112,111,1.7287126633755356,1.0002763669587127,22.0,3.4614155612128847,2.129158438168119,4.186140431282269,-1.8939211913974323,0.47299685262980845,30.57466734048236,36.71744985096319,3360.922,Healthy
B0042,2,112,110,1.7314706281853145,1.001872194350142,22.0,3.4852386922159138,2.1712317301519577,4.187001880186287,-1.919584179064593,0.42157395786668644,29.95773352180402,35.70113647811508,3289.406,Healthy
B0042,3,112,109,1.7282350363146088,1.0,22.0,3.488650146996854,2.095290280372333,4.187021318592124,-1.9414451091961449,0.3709931166693944,29.657371849977196,35.604456217007545,3244.797,Healthy
B0042,4,112,108,1.720344742291621,0.9954344786113042,22.0,3.4946031502677606,2.1366970037230573,4.186893543931745,-1.952411218384564,0.3420530935671847,29.58111945436258,35.76285352997919,3211.438,Healthy
B0042,5,112,107,1.7221734367707635,0.9964926069565333,22.0,3.5041466859903747,2.168073033459323,4.187506351946306,-1.9696086717857546,0.29005707592880886,29.852452033753185,36.007677297437105,3175.594,Healthy
B0042,6,112,106,0.0,0.0,22.0,3.5813916541827884,3.3813406435619986,4.182774174856053,-1.9976081862271116,0.17145998548478947,29.44940696187815,33.431937420119205,2646.625,Healthy
B0042,7,112,105,1.708669577331945,0.9886789362722408,22.0,3.511927235956774,2.139145470034486,4.186160728297307,-1.9934476128094072,0.19372789762716217,30.133153080135422,36.26317829568585,3121.672,Healthy
B0042,8,112,104,1.7036476485918646,0.9857731227488734,22.0,3.509889497883845,2.0578186631112567,4.185572306171051,-1.9997503053848376,0.15927988180841995,29.740453708978055,35.7623078299739,3102.937,Healthy
B0042,9,112,103,1.6958375743577971,0.9812540185356396,22.0,3.508503301766948,2.0659696365057045,4.185230831091511,-1.999585705561481,0.16014265454942797,29.503354124651093,35.6522927277619,3089.437,Healthy
B0042,10,112,102,1.6949064846676911,0.980715266762564,22.0,3.5093738486555153,2.128700063525188,4.185842765241663,-1.999480712152978,0.16107642052483093,29.324509292718897,35.46408341742395,3077.75,Healthy
B0042,11,112,101,1.6874768094352457,0.9764162709221088,22.0,3.5046118772654107,2.0313187007109774,4.181929749098425,-1.9994501505976243,0.16135041910286108,29.22569193760115,35.57686579319408,3074.875,Healthy
B0042,12,112,100,1.685989172917945,0.9755554872404674,22.0,3.5095049490219234,2.1649043558777703,4.185220171197086,-1.9994421818851504,0.16237477410640735,29.238210532728655,35.388257294125744,3061.891,Healthy
B0042,13,112,99,1.6782864747774933,0.9710985135195332,22.0,3.5050079933642877,2.0349571700229223,4.185080917700821,-1.999407899212143,0.16272072088758324,29.20609205353922,35.480764002425865,3058.469,Healthy
B0042,14,112,98,1.6739647640901527,0.9685978636677883,22.0,3.508074728787427,2.181544114739576,4.184485186999273,-1.9990854937416902,0.16366908303745975,29.183920322474094,35.44318242068533,3040.75,Healthy
B0042,15,112,97,1.6722378801237066,0.9675986454305926,22.0,3.505745200469688,2.113769860085841,4.184791585601031,-1.9991858462433614,0.16409293973060943,29.153714127894734,35.53526888191109,3037.641,Healthy
B0042,16,112,96,1.675989790049197,0.9697695943158156,22.0,3.5048985290607786,2.098421577709346,4.184774909668599,-1.9989914019015806,0.16433289691966665,29.10632507144163,35.63389752973798,3044.828,Healthy
B0042,17,112,95,1.6618247672847988,0.9615733580014514,22.0,3.5020910209596536,2.037616415551784,4.183886479555269,-1.9988805936646044,0.165194123177359,29.126742424015156,35.59922975777694,3030.25,Healthy
B0042,18,112,94,1.6606710352566112,0.9609057798052312,22.0,3.5056874475759354,2.187174985653482,4.185135902762495,-1.9989238411502075,0.16587746435524287,29.11535255703125,35.43687423276839,3017.578,Healthy
B0042,19,112,93,1.6530644874507203,0.9565044410717499,22.0,3.501789524982507,2.072733153164181,4.1851821245426,-1.9987415414363179,0.16644639609066783,29.12272547212756,35.61618852753751,3015.0,Healthy
B0042,20,112,92,1.649953986270456,0.9547046273225174,22.0,3.5025833976800564,2.153538168709435,4.1837159565353605,-1.9984049924032652,0.1691495152993825,29.13774561916092,35.607533152172905,2999.454,Healthy
B0042,21,112,91,1.681297805444492,0.9728409447304063,22.0,3.5037983873679237,2.0832977472531726,4.180907860399083,-1.9987909313311893,0.1661497883919057,29.35747712988229,35.78017086282214,3054.859,Healthy
B0042,22,112,90,1.6700520424481298,0.9663338651028902,22.0,3.5125233950658132,2.199482829433638,4.1839131722082135,-1.9987942581899858,0.16704687659763542,30.058298726634376,36.29735151754127,3034.875,Healthy
B0042,23,112,89,1.667181860354792,0.9646731059856244,22.0,3.509324438333478,2.053610599291471,4.186499199755687,-1.9986644728662533,0.16763860302468225,30.335552136245834,36.77407258413331,3030.0,Healthy
B0042,24,112,88,1.6568865613275168,0.958715988573383,22.0,3.507216525411572,2.0842633816547624,4.185720302344454,-1.9984721935924135,0.16846964759270297,30.22790176989086,36.6898808416456,3011.781,Healthy
B0042,25,112,87,1.6449819446579936,0.951827679738429,22.0,3.5055185795629873,2.1599889328107214,4.183888714545253,-1.9985308662699577,0.16928982362690684,30.04068826163031,36.474588298798025,2990.25,Healthy
B0042,26,112,86,1.639214585000014,0.9484905412492809,22.0,3.5041328171645443,2.1678081694534352,4.18402917199016,-1.9984054053915887,0.16995753555002327,29.995148407588697,36.53730084509967,2980.234,Healthy
B0042,27,112,85,1.6410599890208055,0.9495583381530671,22.0,3.500597395262485,2.0092759412003707,4.1826825462923845,-1.9983882415644911,0.1700044730122123,30.299545316589416,36.91332213005366,2994.844,Healthy
B0042,28,112,84,1.643269651219848,0.9508369039456889,22.0,3.5042529973432037,2.0586265993400703,4.185893529479634,-1.998374293478694,0.17057294293452885,30.68092451180232,37.19792815636057,2987.672,Healthy
B0042,29,112,83,1.6298673102402297,0.9430819743799753,22.0,3.501278659398817,2.043267705708337,4.185186392104773,-1.9981525515062306,0.17127497767205582,30.663435287795615,37.30788971906059,2975.1100000000006,Healthy
B0042,30,112,82,1.6238536344658807,0.939602311227692,22.0,3.501431066556208,2.192115165922968,4.184091250625792,-1.9980383822206629,0.17210872734995875,30.40848004603748,36.91850317978018,2953.219,Healthy
B0042,31,112,81,1.6186308887044174,0.9365802999550814,22.0,3.4934993616796306,2.009457332273357,4.185322505991986,-1.9979232246026066,0.1724670202227075,30.239404481904074,37.047150483309736,2955.484,Healthy
B0042,32,112,80,1.6193418112441196,0.9369916575104856,22.0,3.491928488990642,2.022898050960585,4.184033603294302,-1.997803306177237,0.1726988224781119,30.138707501965232,37.11898525927804,2957.016,Healthy
B0042,33,112,79,1.614593271326993,0.934244033595134,22.0,3.495727452779826,2.0786601580627257,4.186164958491378,-1.9980185647316375,0.17348280155757334,30.490922726298486,37.20592886199134,2948.219,Healthy
B0042,34,112,78,1.6072040891927848,0.9299684680736958,22.0,3.491932625000706,2.0245603644426806,4.18461988628569,-1.9977650982407589,0.17390782352489229,30.52916769412123,37.36855348711016,2935.5,Healthy
B0042,35,112,77,1.6012663590062357,0.926532748937246,22.0,3.4900059195673445,2.1378818450405794,4.184040894709915,-1.9975731627964834,0.17501259640694927,30.179619049814637,36.95276259711366,2913.797000000006,Healthy
B0042,36,112,76,1.594040741063104,0.9223518257460693,22.0,3.487760577211602,2.183476039948653,4.184856050801538,-1.9975539729276182,0.17561806799162002,29.93310245467766,36.815592394057184,2900.703,Healthy
B0042,37,112,75,1.5946888289374477,0.9227268255931537,22.0,3.4820338003810947,2.0156684625826635,4.183683003795162,-1.9973829316274176,0.1758007562380755,29.855112852408766,36.96422627426333,2914.031,Healthy
B0042,38,112,74,1.5882100957302596,0.9189780685832254,22.0,3.4857768989088593,2.0632481862122884,4.184611325870051,-1.9975492343534866,0.17643858023720135,30.257387669276046,37.23035953747147,2901.968,Healthy
B0042,39,112,73,1.587985558077698,0.9188481454837375,22.0,3.484962036012865,1.9973214087149431,4.185413957037178,-1.9975022770940793,0.17681801074504713,30.562785800580222,37.46832272742832,2901.734,Healthy
B0042,40,112,72,1.5799165406650344,0.914179210273472,22.0,3.4839596946536755,2.040034213071634,4.184723241072492,-1.9973342947958135,0.17738725425192725,30.59004134732037,37.6505920814981,2887.407,Healthy
B0042,41,112,71,1.5655946193652834,0.9058921885438976,22.0,3.479594890613384,2.11763338483894,4.182701394192162,-1.9971237584867627,0.17849802847912946,30.190272809188617,37.16199226931662,2861.937,Healthy
B0042,42,112,70,0.0707012773734017,0.04090952670660428,4.0,2.7052764231784736,2.166646513631925,4.181775825418943,-3.938418442736194,0.5934674788087446,24.18340292381302,36.86635295736364,1055.25,Healthy
B0042,43,112,69,0.0841687853013907,0.04870216349789854,4.0,2.679525148874618,2.1499182639223604,4.178606054628232,-3.9351759952435854,0.6068500109958983,23.826987359225914,38.12553242159685,1012.187,Healthy
B0042,44,112,68,0.0844378562146582,0.04885785465541684,4.0,2.6791157950874176,2.162600478224296,4.187711795130632,-3.9330339281400906,0.6138330900783616,23.77974968565753,38.33981699002702,991.172,Healthy
B0042,45,112,67,0.0847891906059033,0.04906114551798048,4.0,2.671214412999543,2.174009268733748,4.188160354925031,-3.931680950777038,0.6176461512730752,23.729074463498666,37.77196459678644,982.094,Healthy
B0042,46,112,66,0.0933425818344258,0.054010351528039305,4.0,2.691575483192303,2.1861984912538444,4.147325113187213,-3.942868822909943,0.5808971142666591,24.093822128089528,36.82466507220515,1063.609,Healthy
B0042,47,112,65,0.1060318013139778,0.06135265116490539,4.0,2.673911300416998,2.1758569457027304,4.178007633870366,-3.943133668889635,0.5812457222771108,23.99346261249294,38.55810679258891,1067.641,Healthy
B0042,48,112,64,0.106505866207118,0.0616269569642781,4.0,2.674532494466212,2.1928857082631903,4.187777600667363,-3.941238449762143,0.5872212631787938,24.134267829139272,38.71410921886447,1048.687,Healthy
B0042,49,112,63,0.0943911158551295,0.054617059527050635,4.0,2.672674327169749,2.1962120524397566,4.187801760321389,-3.940098411106424,0.5903619004446731,24.399198659580694,38.82770605774448,1039.984,Healthy
B0042,50,112,62,0.0945059592738711,0.054683510800360366,4.0,2.795919785016863,2.177441070098024,4.187724346556428,-3.895915337791737,0.722756335706361,19.290333517015608,28.576587463983174,687.328,Healthy
B0042,51,112,61,0.0821145610821562,0.04751353800653305,4.0,2.6474329497500486,2.1475982200987445,4.184585351637899,-3.939911966880655,0.5903850036310008,24.88014162106386,39.82101597656743,1047.531,Healthy
B0042,52,112,60,0.0951847063194674,0.055076250810448174,4.0,2.650103128820241,2.1889636369151995,4.174370629404978,-3.9391677500177606,0.5936477083694339,24.484790248053308,39.40691039052945,1038.375,Healthy
B0042,53,112,59,0.0953912999865905,0.0551957910713398,4.0,2.6386351740397065,2.1591530449897105,4.187149567075233,-3.938160748076452,0.5966019413973906,24.324380281877854,39.34611379625948,1030.703,Healthy
B0042,54,112,58,0.0828966456585456,0.04796607169550233,4.0,2.6415162059645665,2.1872998670546773,4.186990272639876,-3.9364453051464534,0.6034078328458761,24.31173812149945,37.81632351305823,1010.765,Healthy
B0042,55,112,57,0.083431990364526,0.048275835526654605,4.0,2.6361490952131295,2.1645340110741715,4.187147788668544,-3.9374486872527408,0.6000762295196204,24.798155128694976,39.87139328791911,1025.719,Healthy
B0042,56,112,56,0.0962477215649569,0.055691338008168875,4.0,2.6207075351068374,2.1770285343272047,4.18639765148157,-3.9362749816753353,0.603590708563538,24.477937441374635,39.50565821587436,1016.859,Warning
B0042,57,112,55,0.0871279249656989,0.0504143956897759,4.0,2.609437196185719,2.141111284495936,4.171541055891453,-3.9328752001842844,0.6140996208802835,24.426888204419104,38.61632478517865,1021.079,Warning
B0042,58,112,54,0.0968191218275757,0.05602196448582512,4.0,2.6133279392952935,2.169659057289744,4.185612994515991,-3.9348711002995205,0.606988152241314,24.529804368213707,39.5809379115645,1010.562,Warning
B0042,59,112,53,0.084400548913451,0.04883626771821022,4.0,2.6084761921076955,2.181654361966916,4.185815228961297,-3.9340089265905283,0.6102831574448516,24.521420210496924,38.80523939319278,1003.313,Warning
B0042,60,112,52,0.0977012171667452,0.05653236690253027,4.0,2.602763654326182,2.152597184317211,4.185190800042781,-3.9338909734981855,0.6104429746927179,24.626500323697712,39.65831560799121,1006.187,Warning
B0042,61,112,51,0.0851742647657266,0.04928395905417892,4.0,2.5909779927483028,2.1543073222809688,4.185054518834841,-3.933060350490302,0.6136417348814076,24.561944088587065,38.94866184020599,996.765,Warning
B0042,62,112,50,0.0847199354487912,0.04902107275261183,4.0,2.5818616349209504,2.177098848593695,4.168001002398225,-3.932813311811252,0.6135511972249934,24.349376846518034,39.202440143533465,999.422,Warning
B0042,63,112,49,0.0854883696989364,0.04946570802154138,4.0,2.5894657078700765,2.1860372690383523,4.184494029120111,-3.931442483824809,0.6171178276724865,24.839628028264915,39.957340694247904,990.234,Warning
B0042,64,112,48,0.085777499334335,0.0496330056571773,4.0,2.74324665969125,2.151510007358308,4.184245249283899,-3.8726297778107583,0.7817023806279867,18.664216427377188,27.779193601334228,608.953,Warning
B0042,65,112,47,0.0859555325524583,0.049736020128231515,4.0,2.7253834676969557,2.186039852986656,4.188328512345139,-3.866632309551034,0.7969077072517556,18.036688378070966,28.17217588027361,586.719,Warning
B0042,66,112,46,0.0861479697965832,0.0498473691288485,4.0,2.719690012340044,2.194439659521147,4.183150067115272,-3.863052351120637,0.8045630634726566,18.05907472602224,28.019806483186763,575.922,Warning
B0042,67,112,45,0.0865245080899333,0.050065243599298453,4.0,2.615760645023181,2.1996590897894817,4.146111713893696,-3.9362026199966365,0.6036312868132133,24.76547773055195,39.575497528042895,1050.406,Warning
B0042,68,112,44,0.0867603642868573,0.05020171589153189,4.0,2.5894472814365503,2.136107030636872,4.168085841455298,-3.935267346074326,0.60674144198145,25.247650848522692,40.52562745153084,1040.75,Warning
B0042,69,112,43,0.0866202538937107,0.050120644515126184,4.0,2.5730668910828003,2.1419779252621813,4.183024595509789,-3.9325874401041485,0.6137079699061562,24.850317398468412,39.732594757918605,1019.125,Warning
B0042,70,112,42,0.0869802394927499,0.050328941182810255,4.0,2.7401588017218352,2.1988863560155885,4.183194814686632,-3.8727999832071216,0.7815988428752616,18.864531156596232,28.137335489275596,618.844,Warning
B0042,71,112,41,0.0738778711347396,0.042747583275641245,4.0,2.5703065006615917,2.122954770697664,4.187955458211665,-3.933637026469155,0.6103758324122573,25.750153086607327,40.6472857322764,1039.547,Warning
B0042,72,112,40,0.0877586570223188,0.05077935302680854,4.0,2.554774172450461,2.152849839303629,4.182683957990996,-3.9300907584627907,0.6212481790795114,25.210180888220314,40.39876505346307,1004.328,Warning
B0042,73,112,39,0.0879057630027299,0.05086447222490372,4.0,2.5697706881943767,2.196522899315092,4.162514481062673,-3.930747740189577,0.6213196030375633,25.400612986280134,40.90163609300309,1005.75,Warning
B0042,74,112,38,0.0880878488220017,0.05096983163230243,4.0,2.5650203867450827,2.197996842344396,4.182351033163065,-3.929501181608493,0.6246972943006467,25.47246500800018,41.18900895779625,995.797,Warning
B0042,75,112,37,0.0883425026815871,0.0511171807221163,4.0,2.5498903733729468,2.1297135396833,4.18217351248383,-3.92912394117899,0.6248477665024397,25.7066698253335,41.34432689728045,998.921,Warning
B0042,76,112,36,0.0746305533274507,0.04318310401031871,4.0,2.541309292458781,2.167460006041706,4.182212563987984,-3.9284467564220784,0.6285326909315901,25.73079046383608,41.46126781944402,989.141,Warning
B0042,77,112,35,0.0748569866512269,0.0433141239925655,4.0,2.5322112945564674,2.188428099048639,4.182029042319134,-3.9267682674435918,0.6323576454163659,25.610151874322735,41.26138545585116,979.203,Warning
B0042,78,112,34,0.0752757364314176,0.04355642308464019,4.0,2.5336398931006547,2.1364927300394707,4.1594358105794,-3.9278468443801544,0.6284205809779505,25.871001272619925,41.67057172451578,994.031,Warning
B0042,79,112,33,0.0753235186048872,0.04358407104482244,4.0,2.5300104336765608,2.191166300272401,4.181389260665308,-3.9256584663973166,0.6363022378514612,25.600970602838455,41.18674777166984,971.516,Warning
B0042,80,112,32,0.0755376530236719,0.04370797457315347,4.0,2.5687661609629626,2.1913163423875845,4.181131059409839,-3.9058724989108504,0.6956723101143345,22.97283104775157,36.89985043885535,810.563,Warning
B0042,81,112,31,0.0758428560612825,0.04388457268116396,4.0,2.6667675405848916,2.1777089403180425,4.183136931480622,-3.863354268170434,0.805190404190874,19.739623944709617,29.79153666326944,599.047,Warning
B0042,82,112,30,0.0759921803489148,0.04397097544727773,4.0,3.105121186216066,2.1316975124246333,4.186858423852253,-3.22393930405399,1.6985699313444969,6.0573358126113375,9.15118085083689,109.078,Warning
B0042,83,112,29,0.0762165260959199,0.04410078750541278,4.0,3.133556616526209,2.1969934922661687,4.173229464797026,-3.224483832257962,1.6991312753405203,6.452306826213871,8.639171556267463,109.171,Warning
B0042,84,112,28,0.0621692314155252,0.03597267160379908,4.0,3.175407439924743,2.1767041905630014,4.182309477232018,-3.1336357808131234,1.7770435657016688,5.8829411130714435,8.36040279366827,96.484,Warning
B0042,85,112,27,0.0759822277461493,0.04396521662249037,4.0,3.102016459243783,2.137070814591814,4.179128534299532,-3.224095150373821,1.6985459771944957,7.141415346306763,10.13355592147926,109.094,Warning
B0042,86,112,26,0.0622701354894356,0.03603105722368882,4.0,3.1454428736631384,2.082550981383133,4.181278186068862,-3.134890688113641,1.7752873287484314,4.976092805264432,7.825436879589506,96.906,Warning
B0042,87,112,25,0.0625944660879844,0.036218723016670555,4.0,3.1652602154514007,2.144385419639702,4.180985964629633,-3.1337747765377175,1.775190823980245,6.411857494253951,8.862063004604039,97.015,Warning
B0042,88,112,24,1.4377344766079456,0.8319091132846468,4.0,3.375833171038118,2.1679616860507585,4.091725418867881,-0.9606132638664066,0.21074159436094533,8.336150156814936,12.075623262738652,5608.781,Warning
B0042,89,112,23,1.5246019289244055,0.8821727929874383,4.0,3.4250125349211604,2.180850179577844,4.159841572444575,-0.9944195894158236,0.11385176793342676,8.088311260303593,11.61044167945082,5703.296,Warning
B0042,90,112,22,1.5215273965539478,0.8803937916908242,4.0,3.427812476893316,2.148712088809679,4.180350451491815,-0.9986292541736457,0.09352917038560707,8.108636077883194,12.416393344856289,5668.032,Critical
B0042,91,112,21,1.5155323631175952,0.8769249154613868,4.0,3.4260236276092266,2.126630218048744,4.180484652340476,-1.0007710730973127,0.08159960414124064,8.179473273978417,12.741907914911504,5634.047,Critical
B0042,92,112,20,1.5044249661534554,0.8704978978794347,4.0,3.427137964017458,2.177720591678305,4.179828984428225,-1.0029400958959638,0.06708945886701162,8.133323147997125,11.812176644627147,5582.375,Critical
B0042,93,112,19,1.5001507149498807,0.8680247092715417,4.0,3.4224753028837007,2.1738551413791023,4.179688473119865,-1.002976218809888,0.06721379993065846,8.221548017024785,12.77319183354637,5567.329,Critical
B0042,94,112,18,1.489011227320312,0.8615791232282665,4.0,3.4137666152192327,2.1739453453589515,4.156718320546126,-1.0029036577307848,0.06752646817080861,8.196033184015116,11.714847602816857,5528.453,Critical
B0042,95,112,17,1.4810149357562843,0.856952269012257,4.0,3.415284661394718,2.1496986936751377,4.179126280631904,-1.002852610333621,0.06778070285380103,8.16363192494008,11.58953853216132,5513.39,Critical
B0042,96,112,16,1.476262027748574,0.854202117610486,4.0,3.411339830211172,2.130871451051632,4.178321190076967,-1.002761137143926,0.06835689136898715,8.182297960881899,12.228023164640565,5486.187,Critical
B0042,97,112,15,1.466255102543896,0.8484118605016975,4.0,3.406171736681637,2.1249846428522594,4.177914160605347,-1.0028500275234071,0.06824666386381228,8.239851195999249,12.995413081963957,5461.922,Critical
B0042,98,112,14,1.459328259381702,0.8444038158685062,4.0,3.404061107280645,2.124079082604729,4.177668141485771,-1.0027529355519171,0.06859592051685862,8.314381068196377,13.00690019959285,5438.157,Critical
B0042,99,112,13,1.445704157754381,0.8365205700477445,4.0,3.392089192692739,2.157698091133544,4.153042890139087,-1.0027471224260915,0.06883922923021542,8.203300249486228,13.003396618491456,5402.875,Critical
B0042,100,112,12,1.4400686089389023,0.8332597006074997,4.0,3.3962072676781316,2.128860427750212,4.176783274878805,-1.0026619793717586,0.06897081127882745,8.252382764570392,12.802739574235911,5384.438,Critical
B0042,101,112,11,1.4290313659547842,0.8268732758723233,4.0,3.395827065629725,2.162828573021361,4.176835821672092,-1.002740647957347,0.06941585682134341,8.247452041994245,12.748426837127605,5344.859,Critical
B0042,102,112,10,1.414172188151386,0.8182753840976693,4.0,3.3924931276502397,2.1882897882574714,4.1765571620332524,-1.0027179745166037,0.0697088129087957,8.179356055314594,12.453422458173543,5305.156,Critical
B0042,103,112,9,1.415603079129078,0.8191033333913853,4.0,3.389283502389414,2.1285029465259013,4.1766999837334025,-1.0026894950538923,0.07002895546533731,8.33800631225338,12.1691500239434,5284.547,Critical
B0042,104,112,8,1.3994410223300702,0.8097515632563042,4.0,3.377876069069322,2.158726692822152,4.150196439454072,-1.0025103497063337,0.07020089635875713,8.293330795902381,12.726444405331804,5267.843,Critical
B0042,105,112,7,1.395963528579491,0.8077393984306247,4.0,3.386987302997725,2.1998128745691083,4.175707583064406,-1.0024134076376698,0.07058910174117246,8.373136255476883,12.125723483812015,5229.688,Critical
B0042,106,112,6,1.3929784652630588,0.8060121661655054,4.0,3.3829130588839496,2.1540885607694915,4.176508363415245,-1.0024655689800792,0.07063646991978208,8.329037453715973,12.11350286924164,5206.954,Critical
B0042,107,112,5,1.3740772023800918,0.7950754229067452,4.0,3.3774651407729346,2.159795216779738,4.175329405348679,-1.0024461693775724,0.07106645332489643,8.396128944133206,12.960410174687055,5179.062,Critical
B0042,108,112,4,1.3752493030002435,0.7957536296295131,4.0,3.3780934843236405,2.185043715780537,4.175181369358572,-1.002355515867145,0.07144076081852184,8.43692173445999,12.4262328165013,5144.109,Critical
B0042,109,112,3,1.3671966130854505,0.7910941419177231,4.0,3.364163079749717,2.1784898920030544,4.147372136171002,-1.0023378437056385,0.07148806728052425,8.419794670115083,13.21754189086476,5142.891,Critical
B0042,110,112,2,1.356887600783644,0.7851290896619894,4.0,3.3705853863809336,2.189853076065801,4.174822480867543,-1.0021679698004895,0.07188073491995119,8.409805733876953,13.047668558877342,5109.734,Critical
B0042,111,112,1,1.3449320225969348,0.7782112932190912,4.0,3.366371835007897,2.169597235193881,4.174669508085626,-1.0021759719497005,0.07220075962900009,8.370055044633526,13.073094195785368,5078.937,Critical
B0042,112,112,0,1.3374691704584258,0.7738931003913244,4.0,3.360943897156673,2.153907127504055,4.174072805021775,-1.0021900129076768,0.07248047812156383,8.33428157906845,13.27910289077086,5051.672,Critical
B0043,1,112,111,1.713782642126885,1.0192043917505018,22.0,3.475911687674208,2.421307986424623,4.204104775621549,-1.8551004388985552,0.4977349328291732,30.907894474048284,36.84241052511593,3360.922,Healthy
B0043,2,112,110,1.6955681658647108,1.0083720529558902,22.0,3.4897388185035,2.4612810169393184,4.205053773882487,-1.868889923378281,0.4740013137630311,30.363796429604488,36.2511342416132,3289.406,Healthy
B0043,3,112,109,1.6814906372051954,1.0,22.0,3.4901234321768033,2.3997609695216755,4.204546702288046,-1.8840563804062687,0.44500610957523856,30.07611798184701,36.12855723169499,3244.797,Healthy
B0043,4,112,108,1.6786372409532953,0.9983030555218299,22.0,3.4940185374934947,2.399740066713552,4.204756646870948,-1.89408796703159,0.4237674561702285,30.05896964075817,36.35251788056927,3211.438,Healthy
B0043,5,112,107,1.6694168550864992,0.9928195959873056,22.0,3.5005489873453817,2.3786378834863195,4.204750835132976,-1.9103670337506284,0.38712992093347154,30.417149405736243,36.75256708066779,3175.594,Healthy
B0043,6,112,106,0.0,0.0,22.0,3.5793396123177414,3.357924179020208,4.2033864964434615,-1.9739982626160064,0.16932075686412779,29.92385834200675,34.26334191029433,2646.625,Healthy
B0043,7,112,105,1.6611938521224778,0.9879292904559653,22.0,3.507465391169604,2.416288536712014,4.204901465726193,-1.926803470895965,0.34576729226128733,30.617574721987218,36.83142721849718,3121.672,Healthy
B0043,8,112,104,1.6506423382064332,0.9816541952026357,22.0,3.505466720095601,2.3791815969853816,4.205123789023272,-1.9324769674832156,0.33051462401076487,30.258236869364143,36.54735803665934,3102.937,Healthy
B0043,9,112,103,1.6424273190907783,0.9767686377490961,22.0,3.505146635224542,2.4666546752460183,4.204720843069481,-1.9255143226505498,0.3494979236591094,29.936684037867014,36.223678523702304,3089.437,Healthy
B0043,10,112,102,1.6353664801041328,0.9725694832427223,22.0,3.5024428414174498,2.429311406516166,4.204351643955918,-1.924996304077744,0.35095926206107075,29.74762436888935,36.16960256825446,3077.75,Healthy
B0043,11,112,101,1.633232875930849,0.9713006066126211,22.0,3.5007336141613488,2.4024069940444392,4.203254409200642,-1.9244448695912972,0.35209227331094245,29.699035458962353,36.19613432531801,3074.875,Healthy
B0043,12,112,100,1.6258840554387932,0.9669301865047397,22.0,3.501947249481621,2.406157541131262,4.204230992986033,-1.9239340941617735,0.35373238537466306,29.746622188626663,36.217566438813456,3061.891,Healthy
B0043,13,112,99,1.617976174654771,0.9622272874168412,22.0,3.5002499918856302,2.415785415380386,4.204061240829561,-1.916896100852633,0.3715301331726989,29.642987306218718,36.09047688646367,3058.469,Healthy
B0043,14,112,98,1.6136652707273988,0.9596635479395061,22.0,3.5007698538114447,2.400209592232293,4.204423283955662,-1.9227329924422065,0.35675513246139157,29.663939557878308,36.148984496134304,3040.75,Healthy
B0043,15,112,97,1.605821026619692,0.95499849424599,22.0,3.5004947608560313,2.4374747406672226,4.204490583977483,-1.9157256805286993,0.3745807269972325,29.637650852441404,36.15795969792578,3037.641,Healthy
B0043,16,112,96,1.6033527961961531,0.9535306118986692,22.0,3.4961700451758575,2.3865949081957893,4.202477824031488,-1.9087255587088567,0.3911716567549528,29.593597067401642,36.16956081888435,3044.828,Healthy
B0043,17,112,95,1.5951342406182645,0.9486429512741957,22.0,3.4993157107183803,2.4489169685849195,4.204489330076927,-1.9078668399519796,0.39307137555827076,29.63922727943673,36.13182777424954,3030.25,Healthy
B0043,18,112,94,1.5878135544728509,0.9442892629553709,22.0,3.50080829213355,2.4933649317176108,4.204953662033176,-1.907455457642798,0.3942467659594344,29.666195384468185,36.12995412374782,3017.578,Healthy
B0043,19,112,93,1.5800601969084245,0.939678260436015,22.0,3.497552326899387,2.473993010608268,4.204018303566451,-1.9000139238260703,0.4110941237460211,29.635949832755518,36.115379230424814,3015.0,Healthy
B0043,20,112,92,1.575565087879128,0.9370049722654857,22.0,3.4969748978677377,2.4568566798816054,4.20390099564762,-1.904134059211754,0.40180402242360075,29.671876354508125,36.260266208231016,2999.454,Healthy
B0043,21,112,91,1.5950169012164208,0.9485731683094575,22.0,3.4931433851686124,2.389783772934692,4.19682124697899,-1.8929472665362916,0.4251608695312492,29.993152820136338,36.73407518988127,3054.859,Healthy
B0043,22,112,90,1.5898075522577595,0.9454751142118625,22.0,3.500270597096414,2.3834815017568327,4.202479371762253,-1.8991542942688262,0.41235851081519265,30.681276254794994,37.35435994505973,3034.875,Healthy
B0043,23,112,89,1.5807953202097411,0.940115445921947,22.0,3.5026578112869,2.427559147580718,4.204284851556785,-1.8917722041126428,0.4285496097497634,30.871236598447616,37.40944456827136,3030.0,Healthy
B0043,24,112,88,1.5704333289187615,0.9339530617482222,22.0,3.501870413763956,2.458384607788224,4.20378732342866,-1.89078274822848,0.43087797084246365,30.779999574712413,37.26366414928814,3011.781,Healthy
B0043,25,112,87,1.5643368431897875,0.9303274181709812,22.0,3.4967579517606566,2.394787213470724,4.204330620589128,-1.8968520026147064,0.41798208579224577,30.581480715523952,37.27002790978136,2990.25,Healthy
B0043,26,112,86,1.558307017802491,0.9267414181934144,22.0,3.4938467732797593,2.365525236922006,4.2038717516378,-1.8960710046785778,0.4194409850749718,30.546605962885614,37.37612563137064,2980.234,Healthy
B0043,27,112,85,1.5537149289772467,0.924010455127883,22.0,3.498085824975237,2.474272882432229,4.202475048160179,-1.8818174142025106,0.4487934139286465,30.92329503843904,37.57568180724724,2994.844,Healthy
B0043,28,112,84,1.549528250585513,0.9215205938707949,22.0,3.499824440494276,2.4720598546819117,4.203857283529741,-1.8812480163452203,0.45034846031513337,31.225884514077716,37.80943515485114,2987.672,Healthy
B0043,29,112,83,1.5424430535161062,0.9173069533588364,22.0,3.4987433448544607,2.4838780206846622,4.203991230539982,-1.8805764098134792,0.4519066011115377,31.163201064541546,37.69836973093636,2975.1100000000006,Healthy
B0043,30,112,82,1.54256227031715,0.9173778528324379,22.0,3.496873891743175,2.429175425635552,4.205957997721127,-1.8940750825904094,0.42443485748021614,31.130645067035932,37.67202323454292,2953.219,Healthy
B0043,31,112,81,1.5309356452520158,0.9104633777780546,22.0,3.4895372240361704,2.397532773087188,4.203785685934744,-1.8790362639465747,0.4550020381905942,30.837232735283838,37.5846177818102,2955.484,Healthy
B0043,32,112,80,1.5247733176952427,0.9067985773798702,22.0,3.4871652344467075,2.435189655089205,4.202128090345783,-1.8710836448265253,0.46971111610248173,30.641318807832377,37.57163850758581,2957.016,Healthy
B0043,33,112,79,1.5196742408779502,0.903766103273581,22.0,3.4906015804101496,2.4649257198080514,4.203512527913386,-1.8702004234947458,0.4713933763984372,31.01732542847249,37.83811660125229,2948.219,Healthy
B0043,34,112,78,1.5123696925788683,0.8994220123000964,22.0,3.4876146185117345,2.4457109146915506,4.203182025095136,-1.8695581981674536,0.47309703006347337,30.93897323974993,37.76120652410461,2935.5,Healthy
B0043,35,112,77,1.499914486202397,0.8920147713075607,22.0,3.4842857075179094,2.4807762094187127,4.202993560256935,-1.8681373339121092,0.47582205217266543,30.585360437692223,37.43416840833683,2913.797000000006,Healthy
B0043,36,112,76,1.492410627118825,0.8875521481340864,22.0,3.4811070895804797,2.482626305221594,4.203399051569862,-1.8672666650634016,0.47730410164837395,30.3648233882985,37.31899313705125,2900.703,Healthy
B0043,37,112,75,1.492624987952706,0.8876796307552429,22.0,3.475104459646633,2.397470273055264,4.2008898664224255,-1.8594886102216435,0.4911655063991654,30.432401864910737,37.58604736335072,2914.031,Healthy
B0043,38,112,74,1.4924024018806028,0.8875472564992237,22.0,3.4772044059441005,2.370171214445116,4.203438298553452,-1.8662699457286136,0.4791716715399122,30.831835959630617,38.06717620893625,2901.968,Healthy
B0043,39,112,73,1.4853020201751674,0.8833245855260229,22.0,3.482172936874988,2.467002990449064,4.203125269256038,-1.8580509519301622,0.4938700380862485,31.094991080529404,38.03429813873292,2901.734,Healthy
B0043,40,112,72,1.477208127101587,0.8785110629916166,22.0,3.4803385610467843,2.476788514821077,4.203051054659131,-1.8570868946683126,0.49556929642633624,31.038470618761803,37.8850432804777,2887.407,Healthy
B0043,41,112,71,1.4694738525181406,0.8739114093198593,22.0,3.4714831954460226,2.4014857684023228,4.203121514305449,-1.8634355664455717,0.4844516397744743,30.652253424171764,37.72173567628911,2861.937,Healthy
B0043,42,112,70,0.0570343910426537,0.03391894654700577,4.0,4.05715902963358,2.4576176811598773,4.199278377795993,-0.26538241903639787,0.99132218665478,7.628394260109583,10.169699784021772,1055.25,Healthy
B0043,43,112,69,0.0571536334895882,0.03398986127248572,4.0,4.049827246639277,2.427637650375664,4.197486385695169,-0.27790699151072973,1.0122862402967194,7.4649167649876285,10.073103559906276,1012.187,Healthy
B0043,44,112,68,0.0572936600593766,0.03407313653235938,4.0,4.049066061935538,2.4427831763874552,4.198105245504659,-0.2845068500189359,1.0232120462973544,7.503302872635532,9.363713069880482,991.172,Healthy
B0043,45,112,67,0.0574420318527805,0.03416137478365914,4.0,4.044551430084685,2.3604432554634345,4.197970873673746,-0.28818241995759014,1.0289532460269644,7.637968852421283,9.49837575629517,982.094,Healthy
B0043,46,112,66,0.0671306210772112,0.03992327973279052,4.0,4.035830307373486,2.381932819122213,4.194476442021244,-0.29738235564582266,1.0430217535999102,7.608951449591351,9.502985965829737,1063.609,Healthy
B0043,47,112,65,0.0671478192023473,0.03993350763698194,4.0,4.044589005651629,2.484673285435373,4.197752247409493,-0.29734862514364657,1.0428319484042203,7.076698354969239,8.979535773958249,1067.641,Healthy
B0043,48,112,64,0.0673200121169029,0.04003591255720309,4.0,4.04142282173358,2.4449132183808,4.198570311408386,-0.3034723285432027,1.0533210267534743,7.203287534892745,10.239009824535197,1048.687,Healthy
B0043,49,112,63,0.0678403805161331,0.040345381065511346,4.0,4.038238044394062,2.3975988971956834,4.198841552939364,-0.30667044923216635,1.0585843068927339,7.515405447362731,10.120757638084276,1039.984,Healthy
B0043,50,112,62,0.0679960492721063,0.04043795889647206,4.0,3.9848046527051646,2.3944641668469124,4.199385029561721,-0.4602932757726641,1.2763403203356416,8.284967270173246,10.16908687877008,687.328,Healthy
B0043,51,112,61,0.0682801114788655,0.0406068936502399,4.0,4.061944839809303,2.484746371426068,4.198510355333928,-0.26354071255954314,0.985748456423341,6.857064194557378,7.981964148617724,1047.531,Healthy
B0043,52,112,60,0.0684463294312597,0.040705745198215494,4.0,4.0390164727182745,2.439654912409003,4.198662948375451,-0.30982094892471246,1.0641152742725275,7.332807580550581,9.50679606348134,1038.375,Healthy
B0043,53,112,59,0.0685136191478808,0.040745763093725726,4.0,4.0361346398417846,2.4090725568197637,4.197798424948824,-0.31356071971779864,1.0696487869811695,7.093409222592422,8.947219582076908,1030.703,Healthy
B0043,54,112,58,0.0688740243561668,0.04096009982585587,4.0,4.057393658498293,2.4859989490669228,4.197881021158161,-0.27513448834106563,1.006636290742111,7.192057776504479,9.048570192927317,1010.765,Healthy
B0043,55,112,57,0.0565443893216957,0.033627537418631184,4.0,4.057321348653442,2.4347562857307143,4.198733839270603,-0.27166833180337746,1.0014295871901273,7.020826540727179,8.214832927581378,1025.719,Healthy
B0043,56,112,56,0.0691835316418984,0.041144167033179746,4.0,4.033634353087378,2.406517387646374,4.198110326587282,-0.320196095157037,1.080993165801703,7.160800567147388,9.472969870923514,1016.859,Warning
B0043,57,112,55,0.0591220864554366,0.035160520758951944,4.0,4.051793890502685,2.451707097247213,4.197869647773584,-0.2847656836072143,1.02333798797077,7.125807255445201,9.447247671252793,1021.079,Warning
B0043,58,112,54,0.0695612008414022,0.0413687708407463,4.0,4.030996821807475,2.381706206862016,4.197430661878491,-0.3238806690763745,1.086587679851004,7.276161437071745,10.624675414528705,1010.562,Warning
B0043,59,112,53,0.0701789780437661,0.041736169379099575,4.0,4.055018337093391,2.474242037374171,4.197964103178539,-0.28177752116071475,1.0175279157584747,7.0723476874628055,9.289965371994612,1003.313,Warning
B0043,60,112,52,0.0702814818386252,0.04179712945380416,4.0,4.030113750605147,2.376406799368078,4.1984290827154815,-0.3276464138855827,1.0921730102877851,7.211729709283271,10.405043941704964,1006.187,Warning
B0043,61,112,51,0.0578736420287837,0.03441805785191611,4.0,4.052423434416539,2.444206792905019,4.197776325811346,-0.28464369596708916,1.0234736910782727,7.126821145688813,9.269985860917538,996.765,Warning
B0043,62,112,50,0.0705661855429337,0.04196644571284781,4.0,4.027129856353761,2.362524005453324,4.196951926227284,-0.3313651943047909,1.0980968103856146,7.168249960966138,10.696409617431332,999.422,Warning
B0043,63,112,49,0.057989410208958,0.034486906394758265,4.0,4.048117106628375,2.3656545996286327,4.19797990922366,-0.2883666373154701,1.0291974347675878,7.434058256465138,8.841145903774922,990.234,Warning
B0043,64,112,48,0.0712926644680078,0.042398490298169784,4.0,3.9942812603304247,2.4649338982361098,4.198154349205609,-0.4625693034020786,1.2812149026866488,7.930969485581617,9.601778804173833,608.953,Warning
B0043,65,112,47,0.0714654655766428,0.042501256917746214,4.0,3.9892131166602725,2.4780138487049133,4.197870451831717,-0.4810643118406535,1.3036937594962632,7.59327498772461,9.775871193110238,586.719,Warning
B0043,66,112,46,0.0716254973792324,0.04259642949798466,4.0,3.985650654864829,2.467345657591589,4.198411457661763,-0.4905753520009798,1.3155531937639673,7.6206831277866485,9.77507439966935,575.922,Warning
B0043,67,112,45,0.0719259635627201,0.04277511986761235,4.0,4.052984666529467,2.453991394977099,4.194430059860958,-0.2752743573987098,1.0066051504721811,6.882286937183749,7.9530776238610095,1050.406,Warning
B0043,68,112,44,0.0588400951113647,0.03499281756879883,4.0,4.051719519499582,2.379432952726756,4.197497159574681,-0.2783809790794886,1.0120122624785697,7.3351511578492685,8.70377999346024,1040.75,Warning
B0043,69,112,43,0.0721385348010396,0.04290153819764409,4.0,4.026760095683099,2.3452670801496267,4.1973835054560045,-0.33153563906515443,1.0981265715724136,7.3668189489801215,10.861930060972163,1019.125,Warning
B0043,70,112,42,0.0723183571187791,0.043008480403423116,4.0,3.9942222633789237,2.474574662858291,4.196870024472014,-0.46262938548539395,1.281410322597886,7.9936664890195335,9.628805360691263,618.844,Warning
B0043,71,112,41,0.0593817062666809,0.035314919365462064,4.0,4.049966366718909,2.3452420900020043,4.198079959089733,-0.28159998506577094,1.0177211063065368,7.296477939821086,8.740129795491647,1039.547,Warning
B0043,72,112,40,0.0729448848562527,0.04338108297617068,4.0,4.051191449078818,2.4837961610187183,4.196857869022103,-0.29159688898978015,1.0344945952061428,6.946289418376632,9.890833414808087,1004.328,Warning
B0043,73,112,39,0.0730691773407958,0.0434550010116286,4.0,4.0502554179984545,2.45187326606884,4.197040748347509,-0.2912181433078147,1.0345186133330775,6.902633045655659,8.123599018265942,1005.75,Warning
B0043,74,112,38,0.0731705412812827,0.04351528320306285,4.0,4.049866693334642,2.481690176251403,4.196682246183551,-0.2948913004839587,1.0406846792255895,6.896174405116905,9.54039758015595,995.797,Warning
B0043,75,112,37,0.0734743029330489,0.04369593342200852,4.0,4.04947173354325,2.469341225978269,4.19696998692681,-0.29521769894931627,1.0404335984325142,7.035611200131563,8.68981677408595,998.921,Warning
B0043,76,112,36,0.0601069759183187,0.035746244783273054,4.0,4.043702193909917,2.3359478200885606,4.197583527373011,-0.2989974183048041,1.0464891763132667,7.22435677434366,8.648121468375715,989.141,Warning
B0043,77,112,35,0.0738316250995573,0.04390843663707388,4.0,4.04662199809222,2.455991331590063,4.1970633301567934,-0.3025440962097056,1.0525557210796936,6.990028087646541,8.766749021949757,979.203,Warning
B0043,78,112,34,0.0604952153074282,0.03597713479272014,4.0,4.0478344519741825,2.446533765156367,4.197323566834658,-0.2990404522680274,1.0464356683999334,7.072814815985095,8.697295284987012,994.031,Warning
B0043,79,112,33,0.0606040102376181,0.03604183627114807,4.0,4.045020633492668,2.440105069885436,4.197136062671134,-0.3062477823294265,1.0585780617249305,7.152123066131912,10.097658187656732,971.516,Warning
B0043,80,112,32,0.0607343843223521,0.03611937109759866,4.0,4.0242391243497195,2.426379928299938,4.196810616000894,-0.3656818330796306,1.150535970149636,7.40243656537614,10.08193635042433,810.563,Warning
B0043,81,112,31,0.0609965304823779,0.036275272150049075,4.0,3.980071334963229,2.3818713355998336,4.19749831364625,-0.49053400510100387,1.3149589465593825,8.281671008133785,9.867385484495305,599.047,Warning
B0043,82,112,30,0.0611304592598731,0.03635492098931815,4.0,3.3967939181762525,2.259462555169981,4.197443547761606,-2.386301237113661,2.0518695634628057,5.990209166830171,8.668191215610703,109.078,Warning
B0043,83,112,29,0.0612912441098759,0.03645054141469859,4.0,3.4366476653788816,2.3642680452849265,4.197249677217233,-2.3869789597180757,2.0503760954303365,6.4435194897145704,8.230234796537065,109.171,Warning
B0043,84,112,28,0.0613032906580409,0.036457705622395295,4.0,3.324466570139273,2.2200788093903734,4.199324238157774,-2.649848715956771,1.9874543272782894,5.804997367748431,8.3473989032227,96.484,Warning
B0043,85,112,27,0.0611516615740909,0.03636753022647277,4.0,3.4223166127184776,2.3089650825269894,4.20125127915007,-2.387047276888483,2.052368805055762,7.064649745993309,9.566970302021362,109.094,Warning
B0043,86,112,26,0.0614053871920573,0.03651842349483382,4.0,3.517134909435146,2.464325308909032,4.201927103230439,-2.209874839881083,2.093819024163091,4.857763577409316,7.155555764844436,96.906,Warning
B0043,87,112,25,0.0617578076594285,0.03672801161835555,4.0,3.33084669796585,2.227174478989743,4.201871725413588,-2.651553384507515,1.9867860348750093,6.365147956644147,8.849096539219643,97.015,Warning
B0043,88,112,24,1.5250840516518187,0.906983374101125,4.0,3.4693912792577155,2.487710804240493,4.151713316448254,-0.9908307773272774,0.06553129675232891,7.784854957371514,11.059155779143234,5608.781,Warning
B0043,89,112,23,1.552568811301301,0.9233288470055502,4.0,3.489663125237392,2.4700528908595785,4.1860990142535135,-0.9917840133525034,0.06539985174509774,7.677310156075022,10.464754894665266,5703.296,Warning
B0043,90,112,22,1.5427752626774387,0.917504521608092,4.0,3.4883481289690543,2.4917865311625422,4.20024763178396,-0.9917267979357509,0.06558329345794274,7.720355963617298,11.117824082083432,5668.032,Critical
B0043,91,112,21,1.533193283126468,0.911806018542445,4.0,3.4828518772266346,2.4681420264399123,4.199618145627328,-0.9915700758751732,0.06574634959601766,7.795012554263815,11.465947003288688,5634.047,Critical
B0043,92,112,20,1.515272194917202,0.9011481606794642,4.0,3.4797712380230035,2.484034640402104,4.1989206972349695,-0.9892746508058018,0.08108213476706347,7.802002705131443,10.672391649812306,5582.375,Critical
B0043,93,112,19,1.5074989761997712,0.8965253465254998,4.0,3.4723642645257145,2.482098506414688,4.198909615049439,-0.9870448856228408,0.0936946393737183,7.8854226977198625,11.55324188297086,5567.329,Critical
B0043,94,112,18,1.4896288908647644,0.8858978206031974,4.0,3.465591847973898,2.499544886162908,4.182123550892078,-0.982521155601079,0.1151040068664233,7.865599621307659,10.678188237457311,5528.453,Critical
B0043,95,112,17,1.4780778852088083,0.8790283171992683,4.0,3.4621709600387423,2.4624361945446704,4.198072340064109,-0.9800816231955619,0.12448489583918683,7.840911830800531,10.67885056037868,5513.39,Critical
B0043,96,112,16,1.4700035345334466,0.8742264167326786,4.0,3.456977710322033,2.4931009972754072,4.19729618680157,-0.9774850815985034,0.13398492466692477,7.866129688953066,11.249497515672802,5486.187,Critical
B0043,97,112,15,1.4565623180137075,0.866232785235521,4.0,3.449217752251389,2.462787320418678,4.196562826262564,-0.9753322406906505,0.14200465145911195,7.9393273558149495,11.637480263714384,5461.922,Critical
B0043,98,112,14,1.445976962830235,0.859937564227888,4.0,3.447579855504856,2.497516098993309,4.1961404278065615,-0.970424713185739,0.15708358690165,8.020423171340544,11.797524620709758,5438.157,Critical
B0043,99,112,13,1.4325855992469252,0.8519735807914012,4.0,3.4358831885309766,2.472999574663348,4.178175250938716,-0.970256674882607,0.15771028019213484,7.909281139740462,11.717322041018162,5402.875,Critical
B0043,100,112,12,1.4197344854662963,0.8443308895409826,4.0,3.4393737351491587,2.4798848457409326,4.195619110791885,-0.9652466121144252,0.1716836925939314,7.9764627392531535,11.400146543773252,5384.438,Critical
B0043,101,112,11,1.401262575071573,0.8333454519857516,4.0,3.437163038991663,2.483308761917933,4.195354802720307,-0.9624204407769305,0.17880461524399713,7.975220288628877,11.27412857657329,5344.859,Critical
B0043,102,112,10,1.3862945308535968,0.824443800149703,4.0,3.432715938014848,2.4722726688004677,4.195137899317883,-0.959579561659367,0.1856993299500598,7.919276364601211,10.939205926809544,5305.156,Critical
B0043,103,112,9,1.384130256052478,0.8231566833776963,4.0,3.4312793781460638,2.4995232811069013,4.195919647393222,-0.9569605305508407,0.19208889898681358,8.087848756281263,11.469256268063758,5284.547,Critical
B0043,104,112,8,1.3651743201871416,0.8118833908324324,4.0,3.423768606452633,2.492874341811692,4.176270279535014,-0.9522133825707907,0.20388311603830608,8.02258709983945,11.07680003582411,5267.843,Critical
B0043,105,112,7,1.361508332192898,0.8097031895793724,4.0,3.425776013992083,2.466722917823166,4.195157601948688,-0.9541332483411131,0.19921409190703915,8.12948679263687,11.26155378961363,5229.688,Critical
B0043,106,112,6,1.351001663879717,0.8034547644732748,4.0,3.4199159770745933,2.470780211742849,4.195480097537295,-0.951277080781025,0.2054496177200656,8.089656475775936,11.576966830401837,5206.954,Critical
B0043,107,112,5,1.3282588067265129,0.789929350385329,4.0,3.419545032162598,2.4848489819284896,4.1943133355165845,-0.9432133015363675,0.2217468873350725,8.144440591218109,11.16400609714747,5179.062,Critical
B0043,108,112,4,1.3257206687421472,0.7884198932832756,4.0,3.4121967412564467,2.4661345187240347,4.194450936586587,-0.9477871437594549,0.21256469407215087,8.231983414070719,11.988971088033123,5144.109,Critical
B0043,109,112,3,1.314290971597844,0.781622533315039,4.0,3.407362058046422,2.472581288872932,4.173215087704208,-0.9403317488154684,0.22815789019769153,8.207473278156359,11.73519417014362,5142.891,Critical
B0043,110,112,2,1.300326009481109,0.7733174248548776,4.0,3.4128712396915972,2.4919564449811342,4.193501778898149,-0.9372882788479067,0.23393950788390344,8.189312466474624,11.299125699617386,5109.734,Critical
B0043,111,112,1,1.2881071401556836,0.7660507359687984,4.0,3.408624211537015,2.485517355170574,4.193305249397542,-0.9340008362934733,0.23947499292837904,8.139466322876048,11.376911439849154,5078.937,Critical
B0043,112,112,0,1.2767801501201566,0.759314456988171,4.0,3.405803295662315,2.499796953515674,4.192997819348426,-0.9308225674416871,0.24510435103326936,8.11394700059043,11.488807348025915,5051.672,Critical
B0044,1,112,111,1.686525555152074,1.0200341466274916,22.0,3.439679725636751,2.6909422904080547,4.181787286734685,-1.8098343456068096,0.5771319984822731,32.08333169533252,37.78004007704112,3360.922,Healthy
B0044,2,112,110,1.6624606531639186,1.0054793587156363,22.0,3.452824239327816,2.685251535316881,4.183923616071334,-1.8219328456366495,0.5599183849709556,31.44294016626267,37.37920163006831,3289.406,Healthy
B0044,3,112,109,1.6534010755700512,1.0,22.0,3.4521568195939896,2.6435613323767395,4.183717457974608,-1.8359320421754788,0.5386063274468227,31.149900898073525,37.15907806475986,3244.797,Healthy
B0044,4,112,108,1.6452145903490936,0.9950486997124184,22.0,3.4552256770525456,2.6433677125804977,4.183480576276661,-1.8454888344252118,0.5234200119107342,31.12954746264574,37.12091726941865,3211.438,Healthy
B0044,5,112,107,1.635664062367341,0.9892724073639574,22.0,3.463672030116032,2.684789036307898,4.181986298076157,-1.8546992944071559,0.508032923175406,31.513994261671055,37.70825289621454,3175.594,Healthy
B0044,6,112,106,0.0,0.0,22.0,3.5268413438277695,3.289658492617856,4.18108163961898,-1.978883934795127,0.16986180122000688,30.9572734254796,35.59949904890386,2646.625,Healthy
B0044,7,112,105,1.6267769765146465,0.9838973740559438,22.0,3.4680330762776053,2.6725301429926103,4.183320051971667,-1.8756028913091127,0.47079091595472655,31.634787338016164,37.649599494653536,3121.672,Healthy
B0044,8,112,104,1.6159715504743064,0.9773621018827268,22.0,3.46794063161749,2.69384241497005,4.183385673000076,-1.8740941775158022,0.47369169654201604,31.273656122735403,37.14337821498799,3102.937,Healthy
B0044,9,112,103,1.6076028386649623,0.9723005884163353,22.0,3.4651033311991837,2.6763379244951917,4.183075069105795,-1.87297275010726,0.47573758304502606,31.0513882525287,37.11952925248905,3089.437,Healthy
B0044,10,112,102,1.6003360401431612,0.9679055274543145,22.0,3.463878052026492,2.667857305000976,4.18316470580942,-1.871931466677304,0.47783352615435004,30.825315603911406,36.8278472964388,3077.75,Healthy
B0044,11,112,101,1.5978700914991917,0.9664140873673293,22.0,3.4618790737027214,2.651692148341609,4.1809489315384525,-1.8711336666924587,0.47921446861593425,30.772306222074594,37.07362320866197,3074.875,Healthy
B0044,12,112,100,1.5900310265163515,0.9616729116788246,22.0,3.4619567664351507,2.638384304971687,4.183395298117799,-1.869887873532527,0.48147445538720535,30.77793162980491,37.27343452416563,3061.891,Healthy
B0044,13,112,99,1.5816311155652092,0.9565925285369145,22.0,3.4608461967292694,2.633572972853497,4.18312292936732,-1.862461079658612,0.4945314124017272,30.734077377574607,36.92555325153096,3058.469,Healthy
B0044,14,112,98,1.5714556311034702,0.950438253804614,22.0,3.462773986667914,2.670554577314724,4.183401469736752,-1.8611231730261666,0.496889540786307,30.711931701692418,36.82542072716141,3040.75,Healthy
B0044,15,112,97,1.563220798569978,0.9454577123890031,22.0,3.46142516586872,2.662418584963947,4.182608034549464,-1.8534672146493336,0.5099039780983041,30.692223526355477,36.86402084995953,3037.641,Healthy
B0044,16,112,96,1.5606775388245586,0.9439195134710289,22.0,3.459888006806987,2.656737093913297,4.180665797789407,-1.8464485055279791,0.5217242006008657,30.656716513936473,36.85447944747772,3044.828,Healthy
B0044,17,112,95,1.5523886011314287,0.9389062485012623,22.0,3.459225464203645,2.645608837998441,4.183243082901965,-1.8450475324556972,0.5239802525242483,30.677651249958302,37.00807199261186,3030.25,Healthy
B0044,18,112,94,1.5444592876561969,0.9341104892675276,22.0,3.459378780567444,2.657434360611611,4.182596378873874,-1.8438251021984409,0.5256572574667683,30.670401222972917,36.85691194751145,3017.578,Healthy
B0044,19,112,93,1.536558134180655,0.9293317615938336,22.0,3.4594746923592585,2.6700448196473143,4.182792894198413,-1.8359182150531628,0.5382543271762874,30.695903900430444,36.933977837728406,3015.0,Healthy
B0044,20,112,92,1.5307255867941072,0.9258041556954664,22.0,3.457758884701852,2.6538669632174807,4.183044202315208,-1.837930189329905,0.5351611933109403,30.693601629277207,36.96952216360131,2999.454,Healthy
B0044,21,112,91,1.545242808242328,0.9345843734313327,22.0,3.4604365465272604,2.679338771098678,4.17495739021519,-1.822406275328598,0.5582193916306711,31.3317805416781,37.880341936530016,3054.859,Healthy
B0044,22,112,90,1.5397144491816253,0.9312407448693417,22.0,3.4673706320595796,2.6880235920055937,4.1804104728622375,-1.8277755287188366,0.55062401093294,32.003093392777586,38.4338113726962,3034.875,Healthy
B0044,23,112,89,1.5305357077773765,0.9256893142214064,22.0,3.4682443755783012,2.687370056924405,4.183012088063382,-1.8199294716775476,0.5626304415241543,32.229129548420126,38.62527616952544,3030.0,Healthy
B0044,24,112,88,1.5199735224097084,0.9193011573950136,22.0,3.4662944691430644,2.6893554366992016,4.183156295632244,-1.8182280699458226,0.5651932608663193,32.11597218782518,38.54196067361033,3011.781,Healthy
B0044,25,112,87,1.5136629526844203,0.9154844369280135,22.0,3.4597034229251418,2.633690741780774,4.182731552192122,-1.82344115362652,0.5576246641554571,31.969087731359647,38.50117611497123,2990.25,Healthy
B0044,26,112,86,1.501287000699295,0.9079992887882264,22.0,3.4622130413589143,2.689158212130464,4.182713459240956,-1.814801427898659,0.569880270484009,31.87470050843518,38.43383998472231,2980.234,Healthy
B0044,27,112,85,1.5023814734911674,0.9086612411771802,22.0,3.4628505734955555,2.682936321683332,4.180340134562246,-1.8075840969590578,0.5800322782054074,32.24329057966032,38.70474156110448,2994.844,Healthy
B0044,28,112,84,1.4980955154277502,0.9060690340432036,22.0,3.4628624711973686,2.6587209985414955,4.182573946557156,-1.8065211847034746,0.5817569081144133,32.62193857776337,39.13185799913766,2987.672,Healthy
B0044,29,112,83,1.4906542391377111,0.9015684464967285,22.0,3.4614145860859864,2.660938360343116,4.182900962902353,-1.8052430334885246,0.5836844600397989,32.534721843990155,39.06117424677476,2975.1100000000006,Healthy
B0044,30,112,82,1.484397163943621,0.8977840802672988,22.0,3.4567536825256298,2.6382065057381183,4.182966025381988,-1.8105860657133828,0.5763458802202687,32.315090431633784,38.900911326239694,2953.219,Healthy
B0044,31,112,81,1.4725321936230114,0.8906079809554491,22.0,3.457596686753219,2.6803751950872314,4.183016347451806,-1.7950692987909964,0.5974764408413852,32.11227103017126,38.637548513661336,2955.484,Healthy
B0044,32,112,80,1.4663149382113208,0.8868476982850468,22.0,3.456382425532515,2.695456060678521,4.1793816650979885,-1.786985657468036,0.6081713477965006,31.74433650446741,38.14612160171512,2957.016,Healthy
B0044,33,112,79,1.4671298468877776,0.8873405664030719,22.0,3.4558985436662764,2.658317830680757,4.183025078755878,-1.7928445896165708,0.6004961497193906,32.11351047936838,38.41020545726171,2948.219,Healthy
B0044,34,112,78,1.4593858997633138,0.8826569193201681,22.0,3.4536993651226653,2.650498351064384,4.182295217506064,-1.7913668174036652,0.6024436779266827,32.04801967333395,38.342879393411714,2935.5,Healthy
B0044,35,112,77,1.4467901368505207,0.8750388264696778,22.0,3.452694653937275,2.688935729076874,4.182630774542257,-1.7891101484216256,0.6055317090467354,31.708021910539802,37.97725957749192,2913.797000000006,Healthy
B0044,36,112,76,1.4390669859638228,0.8703677572410363,22.0,3.44942355838508,2.687761244178016,4.182872685249836,-1.7876594976231701,0.6077272510676894,31.467203186429348,37.79705513935421,2900.703,Healthy
B0044,37,112,75,1.4389892550462602,0.8703207444994148,22.0,3.4464363236508913,2.668468130193828,4.179973909655392,-1.7797845626759963,0.617639350503117,31.560453436032944,37.93561044482721,2914.031,Healthy
B0044,38,112,74,1.4386198779578576,0.8700973400914582,22.0,3.447035324752623,2.642056455668292,4.182978380469111,-1.786101275708508,0.6097165881952838,31.887709097598353,38.32554543437737,2901.968,Healthy
B0044,39,112,73,1.4313412096653504,0.8656951001267855,22.0,3.4510808838042264,2.6780728769094244,4.183054454837302,-1.7774334664210216,0.6207343455872792,32.164811812502585,38.55610999749079,2901.734,Healthy
B0044,40,112,72,1.422973037663468,0.8606339131434655,22.0,3.450413161794029,2.6917750634373303,4.18231054917298,-1.7758066384425826,0.6228613963267934,32.13295425226488,38.62165239845955,2887.407,Healthy
B0044,41,112,71,1.4150153099745095,0.8558209685975,22.0,3.4446894399022403,2.68001440979752,4.182416637290177,-1.78107743904082,0.6161596344750433,31.751336888270355,38.18800348171553,2861.937,Healthy
B0044,42,112,70,0.0572172710622218,0.03460580249259528,4.0,4.054818943483505,2.5311035775191533,4.177605302188679,-0.21883274923266322,0.914035990562849,7.057089335323658,9.757496138930122,1055.25,Healthy
B0044,43,112,69,0.0573587470253984,0.03469136912568086,4.0,4.048971725415953,2.5372412665469883,4.1758503096814,-0.2291787146876666,0.9341097631819163,6.945113627374995,9.760471127293034,1012.187,Healthy
B0044,44,112,68,0.0574968754544523,0.0347749111235027,4.0,4.048139868634576,2.5608994701667624,4.1760882615952974,-0.23457936698907242,0.9441982069859014,6.969210950143102,9.69821406411427,991.172,Healthy
B0044,45,112,67,0.0576308880988852,0.03485596383745881,4.0,4.04489102283376,2.487518572801469,4.176702751698478,-0.23761419438252948,0.9495715552721687,7.1320933104899575,9.00106106019679,982.094,Healthy
B0044,46,112,66,0.0551169133397871,0.0333354768871093,4.0,4.058712789171854,2.652711478763571,4.173920852315538,-0.2099858295389897,0.8956222892768816,6.9052479876970985,8.446753567938917,1063.609,Healthy
B0044,47,112,65,0.0674075526574801,0.04076902673735086,4.0,4.04058000450648,2.567871692937443,4.176081063674498,-0.2518669105532582,0.9758996488597576,6.719645217752847,9.004482980571387,1067.641,Healthy
B0044,48,112,64,0.0675676530317139,0.040865857673655054,4.0,4.038574138704129,2.537541377739229,4.177001690332218,-0.25717248545758564,0.9856008644943842,6.752194119869617,10.10838939092693,1048.687,Healthy
B0044,49,112,63,0.0556373104491564,0.033650220307237945,4.0,4.060984637180495,2.699632089744985,4.176258717683466,-0.21689580653408766,0.9094992071605769,6.682861474834709,9.084345421523768,1039.984,Healthy
B0044,50,112,62,0.0682243327610682,0.0412630267205712,4.0,3.9901324953918995,2.502639203032668,4.177495150501219,-0.3924814177291054,1.1980955831085567,7.805372903557112,9.9732818280256,687.328,Healthy
B0044,51,112,61,0.0560524534315144,0.03390130456531179,4.0,4.060072156375749,2.645057195756969,4.177754475108936,-0.21680725503393133,0.9096240223149311,6.452537181339348,7.130613484534643,1047.531,Healthy
B0044,52,112,60,0.0686822013010505,0.0415399519910017,4.0,4.036259706472422,2.5457909784374686,4.176437545781662,-0.2627044986257249,0.9957518008202856,6.89796196003197,9.420302039012588,1038.375,Healthy
B0044,53,112,59,0.0687475535334652,0.04157947793142857,4.0,4.034899045788163,2.525156138635263,4.1766732396736,-0.2660568669142741,1.0006278418361065,6.643140512754006,8.596928821276874,1030.703,Healthy
B0044,54,112,58,0.0565143989134748,0.034180695627036566,4.0,4.05627259287341,2.6675668355109194,4.176262440841608,-0.22645846348554158,0.9288577442481423,6.823596011664432,8.914167582596768,1010.765,Healthy
B0044,55,112,57,0.0567330718538736,0.03431295206718882,4.0,4.056631496996698,2.6214259323214453,4.17780020929139,-0.2243099150823807,0.9237730385147581,6.621700828774675,7.468130255797678,1025.719,Healthy
B0044,56,112,56,0.0694133756360175,0.04198217641299496,4.0,4.033722240018022,2.5339139586135624,4.177530439833207,-0.27219298018702565,1.0114493179015096,6.654177389025503,9.34228820478629,1016.859,Warning
B0044,57,112,55,0.0593176644466495,0.03587614966695135,4.0,4.052548629680626,2.645937277014869,4.176559125063143,-0.23539096687777275,0.9443071091801134,6.691030736897561,9.296386526511638,1021.079,Warning
B0044,58,112,54,0.0698170725362273,0.04222633792115814,4.0,4.031869983878109,2.5126783310210183,4.177198757478185,-0.2757939587127618,1.0170579801699462,6.789742456285512,10.402010089986526,1010.562,Warning
B0044,59,112,53,0.0574643508969407,0.03475523981809945,4.0,4.0546007592526,2.676683003373552,4.175693660429193,-0.23192836333731057,0.9392590556984879,6.652607169727167,9.139614420555528,1003.313,Warning
B0044,60,112,52,0.0705377438399369,0.04266220996355482,4.0,4.029900462300052,2.509819479017468,4.176717865368056,-0.27840440393795296,1.0224840808404725,6.727197790202005,10.577915316418856,1006.187,Warning
B0044,61,112,51,0.0580546605234449,0.035112267302371936,4.0,4.0528579449382525,2.659947287863178,4.175734240124533,-0.2346864574044636,0.9442872570310306,6.704744929431838,9.153655205612418,996.765,Warning
B0044,62,112,50,0.0708399201529106,0.04284497040652207,4.0,4.027030974078611,2.502902423851419,4.174858788640489,-0.2817775496820992,1.028308276391784,6.688129486124422,10.601194386353557,999.422,Warning
B0044,63,112,49,0.0581718361305258,0.03518313674162188,4.0,4.048647775995237,2.597947039498895,4.175396670709832,-0.23781178807825715,0.9496076536552064,7.135311524033081,8.524863523744626,990.234,Warning
B0044,64,112,48,0.0583051571279828,0.03526377113785332,4.0,4.006197810720952,2.688243972514366,4.176278504943042,-0.3839746086117853,1.187873578883094,7.514206392471801,9.440256551104172,608.953,Warning
B0044,65,112,47,0.0584559266936776,0.035354958671188395,4.0,4.001898132433219,2.6997767051836083,4.175998506248964,-0.3991042469889139,1.209312808906505,7.105939545905624,9.577062674735402,586.719,Warning
B0044,66,112,46,0.058629861106387,0.035460156626650856,4.0,3.9995228828543783,2.6926916057581445,4.176936753250137,-0.4072004054361969,1.2201586654707326,7.121133621766568,9.571995894192735,575.922,Warning
B0044,67,112,45,0.0589003321838338,0.03562374130156317,4.0,4.053493486866572,2.6700548004006626,4.1734597535552,-0.2265541392450527,0.9288442918593434,6.525840333846862,7.124889090041003,1050.406,Warning
B0044,68,112,44,0.0590646770201104,0.035723139347630085,4.0,4.052074849774992,2.610708527753601,4.175712749345959,-0.2291913700387426,0.9341187457201724,7.0347000891113804,8.324153740739145,1040.75,Warning
B0044,69,112,43,0.0724057998284407,0.043792036244730874,4.0,4.028366353886938,2.500114336550371,4.176096844607635,-0.2819333043565596,1.0281289138093352,6.8973768386013505,10.63955759206541,1019.125,Warning
B0044,70,112,42,0.0725563284689165,0.043883078063137765,4.0,3.9662515216379144,2.463640728476522,4.176353738400277,-0.46093159458169275,1.287034354691308,8.12797412482593,10.376173431482592,618.844,Warning
B0044,71,112,41,0.0595922298890959,0.03604221067084403,4.0,4.052244387669817,2.5987325707723405,4.177102599239209,-0.23199889868853293,0.9392414165664332,6.951583874586089,8.316021086973787,1039.547,Warning
B0044,72,112,40,0.0732170902276858,0.0442827159783009,4.0,4.024847285360175,2.4742429443982785,4.175820770125257,-0.28835896667589855,1.0396968953688814,6.953046195579622,10.655557073631597,1004.328,Warning
B0044,73,112,39,0.0598410084998697,0.03619267543976771,4.0,4.051149690799867,2.693112294857156,4.174362644498064,-0.24020364123364235,0.9554464788314885,6.413311987885646,7.631714348736341,1005.75,Warning
B0044,74,112,38,0.0734434705697157,0.044419633962312646,4.0,4.023626364549916,2.476301013332819,4.175874340371016,-0.2918314525277321,1.0456411427545336,6.779577103952525,10.509625598200184,995.797,Warning
B0044,75,112,37,0.0737373960592326,0.04459740419233113,4.0,4.0230998765187564,2.455959621392259,4.176007922304425,-0.2917484860639784,1.0454914612088173,6.978468873690951,9.204729619835248,998.921,Warning
B0044,76,112,36,0.0603231248972743,0.03648426615210493,4.0,4.047078241937264,2.595966933411927,4.176473294247625,-0.2460711384456988,0.9664036022245382,6.809785593582902,7.96351554428054,989.141,Warning
B0044,77,112,35,0.0740961197823434,0.044814365296573254,4.0,4.02025965935536,2.4476887634196065,4.176068533506241,-0.298818492738235,1.0579169271761968,6.971049837313714,9.367163499816083,979.203,Warning
B0044,78,112,34,0.0607171505329549,0.036722578344774055,4.0,4.048987988645058,2.696514442504613,4.174058322711264,-0.24619641320878316,0.9663106816390193,6.579881562367587,8.36281681813677,994.031,Warning
B0044,79,112,33,0.0608284422939796,0.03678988915197571,4.0,4.048190135327761,2.690051793810678,4.175423863730147,-0.25222392819933964,0.9778790532985128,6.690126647286674,9.833929266126528,971.516,Warning
B0044,80,112,32,0.0609288444479822,0.03685061377317386,4.0,4.031325666700656,2.682527208849319,4.175023430172884,-0.3018936240718056,1.0638632275455886,6.925009518097775,9.82294821385076,810.563,Warning
B0044,81,112,31,0.0612203873656202,0.03702694299053419,4.0,3.99633832641595,2.652291441667637,4.17570719288233,-0.4070041672359562,1.220312062625124,7.831469751479566,9.64729446630716,599.047,Warning
B0044,82,112,30,0.061336775826916,0.037097336353049494,4.0,3.5339557623459634,2.546878970446884,4.176924395260363,-1.9943360872313463,2.102581694527075,6.3578218287881425,8.475214897845488,109.078,Warning
B0044,83,112,29,0.0615021959933087,0.03719738477374843,4.0,3.5662543456123466,2.645930219491384,4.176472262163263,-1.996129232362493,2.101502713350829,6.5954208155010985,7.906766993792881,109.171,Warning
B0044,84,112,28,0.0615436456229027,0.037222454087060514,4.0,3.480657456568583,2.5366466461777906,4.177637250505157,-2.217653041798755,2.10149558154778,6.324536214740793,8.628110902694925,96.484,Warning
B0044,85,112,27,0.0613682829819075,0.03711639231923764,4.0,3.559655619146663,2.619612898646795,4.178674620885059,-1.9957140019130044,2.103068850624114,7.644851838660085,9.541833690746394,109.094,Warning
B0044,86,112,26,0.0616335088887399,0.03727680464190469,4.0,3.4710657400965403,2.48420676655347,4.180128549369836,-2.2172078365634906,2.1029665584325388,5.10818141008298,7.890349591233944,96.906,Warning
B0044,87,112,25,0.0619810308759487,0.03748699078024925,4.0,3.4889263102095542,2.5492794097929745,4.178617367574264,-2.217892317465651,2.10217370190824,6.978200107513246,9.207557697837885,97.015,Warning
B0044,88,112,24,1.4779954511171076,0.8939122351831855,4.0,3.438530012225991,2.6987042664288663,4.132709552803766,-0.948665522461736,0.21306987643340541,7.831586108538486,10.171915363933092,5608.781,Warning
B0044,89,112,23,1.494119871447679,0.9036645091890629,4.0,3.4576572257357188,2.6902025456609366,4.15897226684506,-0.9429836446189774,0.224925034682518,7.730546352316417,10.296016892383854,5703.296,Warning
B0044,90,112,22,1.488007820113173,0.8999678554098831,4.0,3.4553887210557868,2.682194069736634,4.173670999223567,-0.9448444362873196,0.22163924790204567,7.787963683864436,10.396418259744522,5668.032,Critical
B0044,91,112,21,1.4748338592717107,0.8920000603986694,4.0,3.453365325098602,2.698791325109984,4.173428084270444,-0.9421563938919909,0.2267552487197224,7.849823078169805,10.675119900160505,5634.047,Critical
B0044,92,112,20,1.4604378044785566,0.8832931259434643,4.0,3.4533767517944844,2.6972261726105518,4.17295985340472,-0.9414963206117185,0.22831014435843908,7.863220580243154,10.562265269293302,5582.375,Critical
B0044,93,112,19,1.452380841576719,0.8784201625585458,4.0,3.4460660596643384,2.6816548421625512,4.172771279792943,-0.9389221140572902,0.23299302514841497,7.930106785779635,10.76625471358321,5567.329,Critical
B0044,94,112,18,1.441102888364986,0.8715990993704475,4.0,3.4382387035909514,2.6758389635879234,4.15544388290786,-0.9382244730141405,0.23422151233320615,7.888437545923743,10.911129725577434,5528.453,Critical
B0044,95,112,17,1.4300355978410688,0.8649054479101681,4.0,3.4385248959075603,2.6766750362925413,4.172195811279475,-0.9336418704048167,0.24309141023483347,7.818043363205418,10.81913572086399,5513.39,Critical
B0044,96,112,16,1.413943296719903,0.8551726000495136,4.0,3.4365202293034374,2.695622084623807,4.171402160517197,-0.9277519140513346,0.2531409324271598,7.830974235734798,11.006306031992889,5486.187,Critical
B0044,97,112,15,1.3972667497450315,0.8450863921588347,4.0,3.4352027430527405,2.6908429071948605,4.170188354997629,-0.9210832456029233,0.26418395343853335,7.878562179371438,10.614675024239112,5461.922,Critical
B0044,98,112,14,1.3865375876825874,0.8385972455016966,4.0,3.4334546922415696,2.6963132256039875,4.170349799747877,-0.9181073344708772,0.2686714089304824,7.960251571512366,10.78731375840829,5438.157,Critical
B0044,99,112,13,1.3724753685724698,0.830092219517442,4.0,3.425091148228222,2.688965230347589,4.152127517238579,-0.9147769465297864,0.27342545754681163,7.825815360855775,10.646148713943534,5402.875,Critical
B0044,100,112,12,1.3598593948812812,0.8224619029066712,4.0,3.43285332747351,2.697702269918439,4.169872871486082,-0.9097059602545033,0.2813006472462387,7.871717073752719,10.149343674038578,5384.438,Critical
B0044,101,112,11,1.3486733410392264,0.8156964217373801,4.0,3.4316708520467616,2.6908621173584564,4.17029400170211,-0.9089147628345589,0.2825750858193495,7.872850841533409,10.269672545542075,5344.859,Critical
B0044,102,112,10,1.3334258933205057,0.8064745529821152,4.0,3.4305423593747584,2.6956578221948044,4.16968317987712,-0.9053632291923375,0.2872140745805945,7.787673589037049,10.511836729394169,5305.156,Critical
B0044,103,112,9,1.3387793081075827,0.8097123728106957,4.0,3.4188541266416608,2.683891843696469,4.170671249766948,-0.9122769052973728,0.27772499268950546,7.997910807563725,11.2498423901219,5284.547,Critical
B0044,104,112,8,1.3153320403016997,0.7955311386550333,4.0,3.42241373548389,2.6861736439095387,4.149844268077626,-0.8993675928683105,0.2958247558543525,7.881896352735887,10.478668312226782,5267.843,Critical
B0044,105,112,7,1.322963328110081,0.8001466478143885,4.0,3.4160977003080477,2.6915218489806785,4.170207896534634,-0.9110321130421604,0.27949016472345484,8.022448822976777,11.276068425006786,5229.688,Critical
B0044,106,112,6,1.3086991524155074,0.7915194756748908,4.0,3.415875051664848,2.698223036073629,4.169943833836458,-0.9054157927585382,0.28768113802460366,7.977920186292173,11.18488048040138,5206.954,Critical
B0044,107,112,5,1.2897499583900436,0.780058739193314,4.0,3.420770509924939,2.6884148666237397,4.168649657337103,-0.8971488250209094,0.2989357889655122,8.016774436428086,10.572845919227095,5179.062,Critical
B0044,108,112,4,1.2906172590904164,0.7805832947371489,4.0,3.412152763562302,2.699098319484438,4.168865124534303,-0.9036459257898942,0.2899336729219955,8.104364904391632,11.286420953867148,5144.109,Critical
B0044,109,112,3,1.2752011253442166,0.7712594023229115,4.0,3.411365387592042,2.692387025960113,4.14775004325363,-0.893479421104461,0.30380000778773264,8.021367388918382,10.532008688910055,5142.891,Critical
B0044,110,112,2,1.268607265737458,0.767271344189778,4.0,3.4151055404827564,2.684075358151804,4.16768084822256,-0.8950327018530826,0.30197310550796297,8.012944452376887,10.49676940873906,5109.734,Critical
B0044,111,112,1,1.2565759973225976,0.7599946654742327,4.0,3.4139726333379956,2.687825351809013,4.167944485512648,-0.8916525424860515,0.3062532822187696,7.944197776199544,10.219372011443095,5078.937,Critical
B0044,112,112,0,1.2486254509320869,0.7551860642775935,4.0,3.410670178184504,2.6932435794466025,4.167775501643388,-0.8905662435522527,0.3072657937973065,7.904886527570053,10.307592528834146,5051.672,Critical
B0045,1,72,71,1.0819793880779518,1.2223081795851367,4.0,3.3507147228969534,1.990881848788414,4.203467627142882,-0.6795680439600006,0.4709086225675265,9.485217152757082,15.71039018923076,6436.141,Healthy
B0045,2,72,70,0.927952404748273,1.048304456709109,4.0,3.343710562419324,1.987597263698,4.16699885717682,-0.6847946624076122,0.4688662501485914,9.412485833762908,16.327881769438125,5650.265,Healthy
B0045,3,72,69,0.885193608411576,1.0,4.0,3.357113032625278,1.9885380767186824,4.187894400053388,-0.6646163130202214,0.4763092167102513,9.14441346005273,16.190453016227536,5590.907,Healthy
B0045,4,72,68,0.8581010699478283,0.9693936578322526,4.0,3.358646172572514,1.969241613952096,4.188401226248918,-0.6509315601298676,0.48076992050578465,9.074180330499932,16.44564599364816,5543.61,Healthy
B0045,5,72,67,0.8409352213456689,0.9500014610980687,4.0,3.3660643885240518,1.9830542841988097,4.188303916193977,-0.6402275004489041,0.483985227324104,9.063698357219925,16.652821920677077,5499.046,Healthy
B0045,6,72,66,0.8245471942901911,0.9314879665362574,4.0,3.367910347978234,1.980464521626357,4.18828020412361,-0.6317025380405665,0.4862605528227397,9.076577071060372,16.626045153527933,5461.219,Healthy
B0045,7,72,65,0.7935960418803983,0.896522562227326,4.0,3.357745333360116,1.9822192378370669,4.115223647482973,-0.6176226155232352,0.48978886732539484,9.265023738219778,16.231693733501764,5451.281,Healthy
B0045,8,72,64,0.8183676087159205,0.924506911187971,4.0,3.3696607473704705,1.9987122390470569,4.166319111887713,-0.627554191403777,0.48739130422396426,9.339350112299787,16.185673883928935,5468.062,Healthy
B0045,9,72,63,0.7977644276409412,0.9012315724607175,4.0,3.3747312015520436,1.97927314966301,4.188858082816243,-0.6227956362441027,0.4886004403514843,9.308634523153344,16.52621032903044,5411.297,Healthy
B0045,10,72,62,0.7993777411831636,0.9030541269017932,4.0,3.381799182114607,1.9640518711887227,4.189052979187811,-0.6164358149352739,0.4900880896858556,9.254145206672922,15.196414604557985,5369.703,Healthy
B0045,11,72,61,0.7783107440628891,0.8792548168750547,4.0,3.385176591409285,1.9965583229383292,4.189280705297697,-0.6124951744838439,0.4910475561774714,9.291749311540086,16.354435553014117,5327.406,Healthy
B0045,12,72,60,0.7803738231239117,0.8815854697869353,4.0,3.3813096388474886,1.9676140964966768,4.189527524041756,-0.6120748119063896,0.4910958019749209,9.310447961834724,15.57016420519042,5299.266,Healthy
B0045,13,72,59,0.7713058245640294,0.8713413847938746,4.0,3.3490369985986668,1.98770164017674,4.097057578524458,-0.6158982943710155,0.49022105726068954,9.29775486780575,16.481904111846188,5367.172,Healthy
B0045,14,72,58,0.795279016979026,0.8984238130753157,4.0,3.3694542187312684,1.99572402940065,4.166427487441078,-0.625377064856349,0.4877759796268495,9.245632947295453,16.686364651804713,5406.812,Healthy
B0045,15,72,57,0.7824128169919247,0.8838889137438701,4.0,3.3771129586319466,1.9723902186884,4.189116912804917,-0.6180221346577055,0.4896087497095646,9.21860683892004,16.527315358470222,5353.094,Healthy
B0045,16,72,56,0.7649414992231182,0.8641516296031072,4.0,3.382104218416538,1.976007577264544,4.189394418073402,-0.6121745879630046,0.49096772180088016,9.19413015419709,16.325076195754107,5280.031,Healthy
B0045,17,72,55,0.7544899426779375,0.8523445441860137,4.0,3.3859954600090036,1.9786838559411903,4.189251613691141,-0.6064321892488668,0.49229865653085625,9.188267060937262,16.18780234880546,5248.593,Healthy
B0045,18,72,54,0.7504048978314295,0.8477296838800991,4.0,3.3830345538672018,1.9866467601774969,4.18999236240837,-0.6063996219926951,0.49243513795509547,9.211910760834266,16.54868871782283,5203.375,Healthy
B0045,19,72,53,0.7407258109620256,0.8367952546462816,4.0,3.37881379914347,1.9915335628511552,4.165973150657214,-0.6022530715841198,0.49315165917011455,9.15685740939557,15.893386512216576,5166.812,Healthy
B0045,20,72,52,0.0,0.0,4.0,3.406714657706338,2.942421777794815,4.1894414322262765,-0.9941901888810815,0.10720130260718394,8.865755104549711,11.62448622814209,2384.094,Healthy
B0045,21,72,51,0.7308525593793626,0.8256414782420665,4.0,3.389059266953008,1.9935644864605024,4.195641973763218,-0.5861859230293525,0.4961015167504016,9.104538013834128,16.273556126855052,5340.281,Healthy
B0045,22,72,50,0.7287255851177903,0.8232386431545098,4.0,3.3783919657677504,1.9937078109097683,4.189381114418313,-0.6037251705699035,0.49288338074389093,9.196243634400288,16.57769275391533,5103.0,Healthy
B0045,23,72,49,0.7161023377036263,0.8089782064611003,4.0,3.3779346242690624,1.984098818516829,4.189726548094093,-0.6039804007945984,0.49293116450534197,9.224293881462565,16.451931737613187,5051.172,Healthy
B0045,24,72,48,0.7129204834988017,0.805383677338218,4.0,3.3727225247575885,1.9818309446595743,4.166289777836687,-0.6017545658130975,0.49336255206803853,9.239291915944644,16.660404158556567,5027.563,Healthy
B0045,25,72,47,0.7141991829499618,0.8068282194576021,4.0,3.380735960428841,1.9984963466197727,4.189756191273931,-0.6038091172028306,0.49294762156630717,9.220514425854448,16.192781213892964,4993.765,Healthy
B0045,26,72,46,0.7190570819844222,0.8123161703287992,4.0,3.3889133424072204,1.9886589228929203,4.1890449974281685,-0.6004829437675547,0.49363174722627573,9.140591023627803,14.742856005940368,4962.469,Healthy
B0045,27,72,45,0.7173975428775917,0.8104413950355067,4.0,3.3855430731736647,1.983664414073366,4.189274783071479,-0.6033075067931543,0.49303353778407133,9.05273466167465,14.693521549329,4907.859,Healthy
B0045,28,72,44,0.7071027496463946,0.7988114045640771,4.0,3.375688256474184,1.9705703151314151,4.189518201774546,-0.6065620900458145,0.4922877337593462,9.311519157220646,15.86983818237976,4888.656,Healthy
B0045,29,72,43,0.703531206505542,0.794776645267451,4.0,3.37794278508875,1.971779249329659,4.166301702021804,-0.601440239072105,0.49335894405240655,9.167853966731156,14.829662137922766,4866.25,Healthy
B0045,30,72,42,0.6941108278958862,0.7841344778137567,4.0,3.373558298075209,1.9938420365930107,4.19002918934191,-0.6098007335968902,0.4915016872800436,9.287848514483294,15.906462051621896,4836.125,Healthy
B0045,31,72,41,0.6914114388869608,0.7810849878679704,4.0,3.368742642573582,1.9993629637641337,4.1895524054233135,-0.6120661413012833,0.4911212286556692,9.322184761530549,16.353770501511462,4801.485,Healthy
B0045,32,72,40,0.6971551798505504,0.7875736711447243,4.0,3.3718000664169727,1.9932756058141663,4.189008492340535,-0.6132829070943792,0.49077886948394683,9.289681276195049,15.076528277493722,4760.938,Healthy
B0045,33,72,39,0.6832460217432723,0.7718605458181224,4.0,3.366360304166582,1.9801057444800891,4.189696962609597,-0.6139518980958842,0.49066392240823736,9.365909184464234,16.045850353764667,4740.907,Healthy
B0045,34,72,38,0.6822029317493292,0.7706821708456518,4.0,3.342277843498783,1.9944009127947364,4.0900107068393625,-0.6004805193877815,0.4935811221420622,9.328022708662925,16.24823467681854,4914.532,Healthy
B0045,35,72,37,0.7289529213213379,0.8234954640368426,4.0,3.3722684174392836,1.9913126738513705,4.166284738890519,-0.6129419979147948,0.4909005802848438,9.373114023056761,15.761879553141288,4998.656,Healthy
B0045,36,72,36,0.7139321758287004,0.80652658248381,4.0,3.357634548884028,1.9818085465777888,4.188598948796885,-0.6242152942509949,0.4881625695224866,9.306835708093752,16.349393593197068,4890.015,Warning
B0045,37,72,35,0.6957731747455482,0.7860124250039143,4.0,3.3697954619483568,1.999993313622792,4.188722662834883,-0.6139171694764338,0.49076800859306174,9.339526786032339,16.22246271510604,4842.11,Warning
B0045,38,72,34,0.7018312962317095,0.7928562628136249,4.0,3.3766733742445987,1.97465958029416,4.188679542275547,-0.6092419901647167,0.4917377119068585,9.1327535688995,14.780023826016944,4798.281,Warning
B0045,39,72,33,0.6911808244378487,0.7808244635635463,4.0,3.356692310359256,1.978180955008712,4.1894790557667125,-0.6214369612467493,0.48906210255686383,9.343849839453913,16.357147782799643,4739.188,Warning
B0045,40,72,32,0.6843279752855028,0.7730828247997477,4.0,3.3716599583869122,1.9845097801200728,4.165443751495042,-0.6049628311237817,0.49260937466557053,9.257582649630315,15.304013119865168,4733.156,Warning
B0045,41,72,31,0.6741394908812485,0.7615729310234731,4.0,3.358461612325261,1.9921664972023336,4.189848639216605,-0.620638817556179,0.4891848552713747,9.38425161776499,16.298057069520368,4670.61,Warning
B0045,42,72,30,0.6670070174301739,0.7535154017063858,4.0,3.3733153872943236,1.9991203083414104,4.165425573897933,-0.6013875939812509,0.4933925716263481,9.144982402264807,15.088230300481198,4635.0,Warning
B0045,43,72,29,0.6804085117374855,0.7686550210845237,4.0,3.367632771675607,1.9790832878431532,4.188987638858462,-0.6146269558442435,0.49051516443029824,9.26257479341655,15.201775291002932,4615.86,Warning
B0045,44,72,28,0.6617864063235485,0.7476176963264368,4.0,3.363321307304569,1.9986367632788744,4.189580414945199,-0.6171094630530605,0.49012020332404654,9.40011028670591,15.820509282900383,4580.75,Warning
B0045,45,72,27,0.6623168733492338,0.748216962996061,4.0,3.346491714827562,1.9713723245890475,4.16611714089707,-0.6209228615247188,0.48917804370853557,9.419332811255556,15.58071439830652,4557.406,Warning
B0045,46,72,26,0.6679358357181778,0.7545646843482596,4.0,3.3599039237162853,1.98430560045228,4.188826402459722,-0.6204303388657685,0.4893291758248713,9.207828068558017,14.525034072927795,4524.032000000007,Warning
B0045,47,72,25,0.6488990885270688,0.7330589402825414,4.0,3.349639562276425,1.9946795397137125,4.189296725569063,-0.6244948594173985,0.48816352011293673,9.478974220669317,16.256345838594637,4502.938,Warning
B0045,48,72,24,0.6503639129625527,0.7347137471197851,4.0,3.352423027875088,1.9789936656967484,4.189791506946971,-0.6219881914832105,0.48876587655172593,9.37536325812961,15.916519503570711,4483.094,Warning
B0045,49,72,23,0.6572077690202801,0.7424452264173008,4.0,3.3563090390508155,1.9690947658783289,4.189224626327275,-0.6249048536030644,0.4882287311799085,9.348977069227304,15.322696472607957,4448.36,Warning
B0045,50,72,22,0.6363517458476216,0.7188842528918782,4.0,3.340602870094091,1.9951107736579323,4.165757111360098,-0.6235638134980177,0.4885975143935363,9.539830147989116,16.435471374813734,4440.531,Warning
B0045,51,72,21,0.6536449360948587,0.7384203070193687,4.0,3.348511229053965,1.965197509539028,4.188761935596181,-0.627718646983615,0.4874665205122714,9.436879605277216,14.7528730574534,4416.547,Warning
B0045,52,72,20,0.6391428272150887,0.7220373273616267,4.0,3.3328844784891074,1.9820270227741767,4.188802708146619,-0.6340722598435242,0.48569428810927634,9.4879310296259,16.57328291132994,4382.937,Warning
B0045,53,72,19,0.6482206049496236,0.732292459852726,4.0,3.3518219079975298,1.9731005832473116,4.18882331762149,-0.626972097350462,0.4876530209253673,9.300314416191522,14.528444176948046,4347.453,Warning
B0045,54,72,18,0.6287957471922729,0.7103482686918708,4.0,3.268327350028982,1.9974420919351863,4.189363830091343,-0.7596521990041524,0.43292211845717754,10.076022301978172,15.828293567742277,3581.188,Warning
B0045,55,72,17,0.6380571850193401,0.7208108813215375,4.0,3.3368580984170784,1.9759474231215743,4.087899947377259,-0.5857626315966499,0.496285742528061,9.254842453288928,15.05093934814998,4746.5,Warning
B0045,56,72,16,0.6554825047832906,0.740496201683508,4.0,3.339305489603821,1.9944210992064384,4.164689190245494,-0.6234849422351091,0.4885744602290706,9.58411609363967,16.878888140585346,4679.156,Warning
B0045,57,72,15,0.6484934835397033,0.7326007298034877,4.0,3.339570448565296,1.972391693643957,4.1883794105875705,-0.625755737381111,0.4880219498520563,9.566905713744635,16.752865016509336,4596.578,Warning
B0045,58,72,14,0.6454071687844921,0.7291141312493596,4.0,3.3451677206996573,1.9932621672542288,4.188367290905127,-0.6206303941303277,0.4894362241256608,9.486246140892044,16.630725230629476,4544.641,Critical
B0045,59,72,13,0.6427008031845645,0.7260567598740918,4.0,3.3544794166161487,1.9848873247448808,4.189241965038727,-0.6149058946531849,0.4905691574628382,9.492943245052498,15.270710849004711,4526.938,Critical
B0045,60,72,12,0.6352454880802477,0.7176345175155022,4.0,3.3411905698302573,1.9683654551310577,4.189229122156955,-0.6208754134190153,0.48920875141857717,9.621291466671476,16.438070093673065,4487.438,Critical
B0045,61,72,11,0.6156760019587869,0.695526940217721,4.0,3.3372444928972818,1.9924043536128275,4.106243161598799,-0.5953707956325988,0.49451502854983537,9.480811280043975,15.659914658719188,4513.312,Critical
B0045,62,72,10,0.6170833682807023,0.6971168368330397,4.0,3.3510332188429146,1.9776141524479487,4.132596928052376,-0.5897510821772117,0.49557443330039486,9.448949676434,15.265721279585906,4568.438,Critical
B0045,63,72,9,0.6434227390858672,0.7268723282361343,4.0,3.3573066817086326,1.996982635601323,4.18912672162077,-0.612901822920554,0.4910305033243829,9.522656892771677,15.459947276103474,4499.656,Critical
B0045,64,72,8,0.6278124433742752,0.7092374339449253,4.0,3.3367004271481884,1.9822999400765693,4.18937088770508,-0.6232202673264151,0.4886917095549094,9.570096566546104,16.472719613709117,4430.984,Critical
B0045,65,72,7,0.6290078315253372,0.7105878595915893,4.0,3.3507625069372007,1.9703495135592828,4.189359078886884,-0.6137007803105949,0.4907820426797052,9.488568418373822,15.321947787344948,4411.141,Critical
B0045,66,72,6,0.0,0.0,4.0,3.3925513327274577,2.9329708174243927,4.189354075246508,-0.9901523172837655,0.12351722298157436,8.948370017570232,11.709111497619928,1991.531,Critical
B0045,67,72,5,0.6266355568292261,0.7079079094952844,4.0,3.3452602996349197,1.980504790064301,4.107093365455889,-0.5721341781091527,0.49819938486931425,9.378195494421618,15.469187485474004,4883.312,Critical
B0045,68,72,4,0.6495813516716594,0.7338296904756149,4.0,3.3478192813331984,1.9754246490329652,4.165486716481237,-0.6067408181545574,0.49200658915849876,9.495184531517388,15.90915813248566,4663.907,Critical
B0045,69,72,3,0.6337485177966306,0.7159433956305358,4.0,3.3500352436555985,1.9843068510361204,4.189250217496488,-0.6091205801279866,0.4917570118008163,9.474914433741436,16.128312311530546,4581.328,Critical
B0045,70,72,2,0.6298550929085645,0.7115450076947568,4.0,3.3590566596536764,1.9881721268958945,4.189075663187289,-0.5996804433722752,0.4939309754305879,9.411639640493867,15.803292200329722,4553.031,Critical
B0045,71,72,1,0.6183063778386736,0.6984984662826309,4.0,3.3495911750877263,1.9809529177782503,4.189728966453982,-0.6062605227298314,0.4923019638155643,9.476832839675836,15.46350630780127,4486.5,Critical
B0045,72,72,0,0.6069476168507777,0.6856665153060774,4.0,3.3462597198775272,1.9697892783360584,4.189240671585531,-0.6055249640579493,0.4926159794839872,9.49822266009937,16.26952559815265,4450.625,Critical
B0046,1,72,71,1.7282392323598248,1.1497670600668035,4.0,3.4409645322869102,2.1792997733612083,4.23781853684158,-1.0031661082518326,0.06413893909154736,9.035891964302168,13.880080551261509,6436.141,Healthy
B0046,2,72,70,1.5161488467923143,1.0086670696740268,4.0,3.4252545586780085,2.1744736968146285,4.162338775528476,-1.0024459582241103,0.06866756022994971,8.872109574065124,12.941526372487642,5650.265,Healthy
B0046,3,72,69,1.503121190703977,1.0,4.0,3.425904453303529,2.195666899317151,4.180873304847234,-1.0023572232862559,0.0690922240326618,8.6284456728549,13.359691095670462,5590.907,Healthy
B0046,4,72,68,1.48586566102824,0.9885202006448625,4.0,3.423608435843718,2.1796283675041006,4.182266567788393,-1.0022919216677797,0.06946080397493305,8.63136091760955,12.683911154117247,5543.61,Healthy
B0046,5,72,67,1.4694562316392716,0.9776032968779194,4.0,3.4211455348547464,2.1952581561866973,4.180656549578995,-1.0022939530561292,0.06977802043199789,8.67696820980418,13.065399804685724,5499.046,Healthy
B0046,6,72,66,1.458955459264481,0.9706173183422347,4.0,3.418211640329191,2.1940346005371705,4.180899052149243,-1.0024377453810243,0.07005820126808798,8.714755394110101,12.802479603911388,5461.219,Healthy
B0046,7,72,65,1.4556853555098297,0.9684417760274333,4.0,3.3913871477101263,2.1978529182010296,4.121126965024616,-1.0021665244093547,0.07034570166788807,8.941517894800649,13.585554405586658,5451.281,Healthy
B0046,8,72,64,1.456232262380321,0.9688056235161612,4.0,3.405195390316552,2.190965071547283,4.158094572470294,-1.002235007588667,0.07031099612973535,8.956808204433374,13.94301293338268,5468.062,Healthy
B0046,9,72,63,1.4440592236675138,0.960707115699166,4.0,3.4089875975783017,2.1866396618663058,4.180141305155931,-1.0021923537852624,0.0706954598905031,8.857079944726477,13.134169173843691,5411.297,Healthy
B0046,10,72,62,1.428294264765868,0.9502189667733549,4.0,3.405344636824463,2.183328288428697,4.179370029585307,-1.002036442615774,0.07097168339471431,8.951187295260016,14.086951683642924,5369.703,Healthy
B0046,11,72,61,1.4199848948034668,0.9446908895871704,4.0,3.4032461605763142,2.169516718963703,4.178701514525068,-1.0019449254309927,0.07138218919696751,8.966158040889411,13.314723048488911,5327.406,Healthy
B0046,12,72,60,1.4043226018516568,0.9342710425058618,4.0,3.3967709514446076,2.1506636217123933,4.178686122362143,-1.0019368953910395,0.07162416677861991,8.972930848723113,14.173291675329546,5299.266,Healthy
B0046,13,72,59,1.4234351301615986,0.946986270278674,4.0,3.3721964614287634,2.1813781395662764,4.104216707532647,-1.0020744940471753,0.0712489419844622,9.032800036514974,13.959348125513564,5367.172,Healthy
B0046,14,72,58,1.4339948857967295,0.9540114893364835,4.0,3.3962096829403037,2.197114951660172,4.155511867054,-1.0019365649129635,0.07108402856895002,8.8666091485246,13.523198161538613,5406.812,Healthy
B0046,15,72,57,1.4185177047756572,0.9437147939557047,4.0,3.3989726713804767,2.157995006136477,4.17891702072451,-1.0017349404979956,0.07163237002750375,8.91721938287038,13.750234723504356,5353.094,Healthy
B0046,16,72,56,1.4056313337829422,0.9351417187622936,4.0,3.39769311615204,2.198419108542039,4.178285871350945,-1.001588196535767,0.07221054759052473,8.923958703020183,13.400973711086476,5280.031,Healthy
B0046,17,72,55,1.3890214025155618,0.9240914246342458,4.0,3.3923860221630204,2.151164339585934,4.178074763829319,-1.0016469274447983,0.07255186373956755,8.991317663963024,13.648707282364962,5248.593,Healthy
B0046,18,72,54,1.3723339082737365,0.9129895292281874,4.0,3.387564802409393,2.152208745567858,4.177918597629585,-1.0017210974492488,0.07282207501978942,9.016720196858456,13.959820884900516,5203.375,Healthy
B0046,19,72,53,1.3615778905990563,0.9058337404992409,4.0,3.3755889260430436,2.165968185309718,4.151019587024004,-1.0015714385037338,0.07325730412095806,8.999593683204713,14.349640095291218,5166.812,Healthy
B0046,20,72,52,0.0,0.0,4.0,3.651052971550194,3.4709356617126152,4.177351418157289,-0.9957188795918821,0.10716174052507879,7.549065028670864,8.96387999471909,2384.094,Healthy
B0046,21,72,51,1.4100282016237429,0.9380668773376586,4.0,3.3771442240108183,2.199378116446157,4.178852366259435,-1.0017131896387048,0.07211448226749688,9.073580268946476,13.720010432160604,5340.281,Healthy
B0046,22,72,50,1.3395671374926488,0.8911903749193179,4.0,3.3739069772216053,2.1709534591124666,4.177296277706522,-1.0014759387718013,0.07384765949431793,9.035703497783533,14.214578668306734,5103.0,Healthy
B0046,23,72,49,1.3291515487117478,0.8842610675252661,4.0,3.3730377771688125,2.1705625280743464,4.176859724330072,-1.001751590105337,0.07432888943983192,9.0428494070086,13.7206185074268,5051.172,Healthy
B0046,24,72,48,1.3181687033905718,0.8769543743663251,4.0,3.361814920655554,2.1762627754763426,4.148811503971785,-1.0013919768296455,0.07464701313110839,9.103478864398264,14.307049577086085,5027.563,Healthy
B0046,25,72,47,1.312423708466101,0.873132330634921,4.0,3.36759601245628,2.16031962283908,4.17607839536505,-1.0012785845104528,0.07489506087783239,9.08626820310501,13.73206507015365,4993.765,Healthy
B0046,26,72,46,1.2993237532162487,0.8644171616047266,4.0,3.3619567307164724,2.144904732455604,4.175479903911147,-1.0011100184599881,0.07522353132758992,9.113491912356011,14.550153842364988,4962.469,Healthy
B0046,27,72,45,1.2877483042174591,0.8567162196777697,4.0,3.360770876263507,2.196218583907234,4.175276949812811,-1.0010016783342919,0.07561609739513132,8.977476169539525,14.437029519118854,4907.859,Healthy
B0046,28,72,44,1.2865282739749122,0.8559045550893838,4.0,3.3581255157395584,2.1691838412748474,4.175506752243359,-1.0011852000845294,0.07592957463752227,9.205520238536876,14.364000921258654,4888.656,Healthy
B0046,29,72,43,1.2719636386987183,0.8462149602874021,4.0,3.347714666699619,2.1947559967284405,4.145965438635247,-1.0010003485675925,0.07615356107132927,9.14555330973735,14.693349843683665,4866.25,Healthy
B0046,30,72,42,1.2714495345417192,0.8458729358650343,4.0,3.353800882166825,2.1877179876194037,4.174989626740224,-1.0010290829534054,0.0764455780028607,9.111354213090989,14.058016587648105,4836.125,Healthy
B0046,31,72,41,1.2615423884659074,0.839281886429312,4.0,3.350657273692142,2.1508230766314127,4.175655686812431,-1.0009585460015413,0.07677179205956652,9.163824507961877,13.779152574880364,4801.485,Healthy
B0046,32,72,40,1.2421201619204132,0.8263606218861663,4.0,3.349047830330531,2.190167787518222,4.174757798171361,-1.0009004370775454,0.07725965039396587,9.165326915001913,14.383739114376208,4760.938,Healthy
B0046,33,72,39,1.2402537441669796,0.8251189270947041,4.0,3.3446343037059103,2.18851427579806,4.175734259626989,-1.0008534371371294,0.0774916059141573,9.179753755489338,14.589504036127655,4740.907,Healthy
B0046,34,72,38,1.2851130012242886,0.8549629991061561,4.0,3.3205030122204913,2.163748582486284,4.087128849753504,-1.0011746350209894,0.07629648459593957,9.27415763140438,13.891154624298236,4914.532,Healthy
B0046,35,72,37,1.3043327841699193,0.8677495814951844,4.0,3.349264182688189,2.153820870810703,4.147121879450348,-1.0011690143333174,0.075600097375196,9.271981913108279,14.673096336965486,4998.656,Healthy
B0046,36,72,36,1.2778639041619957,0.8501403027679468,4.0,3.3574536928825296,2.1856873619664867,4.17500990248918,-1.0009996740645901,0.07643725609662333,9.033984664610193,13.896967367053858,4890.015,Warning
B0046,37,72,35,1.272346459165154,0.8464696439874279,4.0,3.3535254761184166,2.1586585951828057,4.175207914830006,-1.0008611138640546,0.07686754696718796,9.172120651818531,13.908543615362126,4842.11,Warning
B0046,38,72,34,1.2477883952768762,0.8301315975011188,4.0,3.347073227310051,2.149734467121552,4.174827125492382,-1.000811467966266,0.07730551770541885,9.093365400458568,14.617560660341365,4798.281,Warning
B0046,39,72,33,1.2352499196655526,0.8217899709650367,4.0,3.348504626898048,2.180494984747436,4.1748101416565255,-1.000971558605881,0.07785751154656331,9.119927887302934,14.288124170416689,4739.188,Warning
B0046,40,72,32,1.229251291851949,0.8177991897487901,4.0,3.3328169133314747,2.1583931144361963,4.144890688492612,-1.0007926094103774,0.07803310391296932,9.185345552194319,14.875868929885128,4733.156,Warning
B0046,41,72,31,1.223890910501634,0.8142330226403319,4.0,3.343773088070051,2.1973084174346607,4.174530382960434,-1.0006667122739987,0.07854943570032238,9.156968538676207,13.880179808466218,4670.61,Warning
B0046,42,72,30,1.205423323571373,0.801946862985027,4.0,3.33676988143417,2.194834923129504,4.1743300924480256,-1.0004434396725717,0.07903894399265589,9.08775088318824,14.631961684725407,4635.0,Warning
B0046,43,72,29,1.1957824090008151,0.795532932671103,4.0,3.333058450714012,2.153169565361056,4.173688629517977,-1.0004321685718414,0.07924927981620071,9.184456763175827,14.768164211079869,4615.86,Warning
B0046,44,72,28,1.190072949669846,0.7917345301428975,4.0,3.3307168993094938,2.1789077465484965,4.174343502341572,-1.0004986868063772,0.07977665390129918,9.215049403610458,15.037938036453404,4580.75,Warning
B0046,45,72,27,1.179201763233652,0.784502121669498,4.0,3.3218468956700393,2.16713614374112,4.14222437268915,-1.000373674220122,0.07995874963553497,9.185331012909922,14.290141125898849,4557.406,Warning
B0046,46,72,26,1.169504032514554,0.7780503925746829,4.0,3.327359417043662,2.175632256591337,4.173393414123743,-1.0001870072907715,0.0803263718231286,9.046655941616262,13.996450231420782,4524.032000000007,Warning
B0046,47,72,25,1.16772376849918,0.7768660143446479,4.0,3.3259632346577273,2.199283556452788,4.173536996898156,-1.0001225394585929,0.08055203619341957,9.26195924957788,14.935082428364884,4502.938,Warning
B0046,48,72,24,1.1579256145829042,0.770347475469092,4.0,3.322240958381916,2.176786994904175,4.174582549013794,-1.0001481029921278,0.08074202940811677,9.252994157098664,14.99164974108056,4483.094,Warning
B0046,49,72,23,1.1499812813376982,0.765062250768424,4.0,3.325985699672719,2.19883821425474,4.174588307825947,-0.9999638117239763,0.08198570958849184,9.26310734626783,14.811846373564524,4448.36,Warning
B0046,50,72,22,1.150285902223034,0.7652649096672672,4.0,3.3114789937571287,2.165246924019346,4.140409334076233,-1.0003136352879307,0.08133507354713293,9.331127163327569,14.247555903096725,4440.531,Warning
B0046,51,72,21,1.1349452274085248,0.755059029456554,4.0,3.3170441017303047,2.159522238937832,4.1724288341154105,-1.0001598810351362,0.0815890133825872,9.266824205941363,14.332240013732582,4416.547,Warning
B0046,52,72,20,1.1380960963513609,0.7571552469553975,4.0,3.314496922697215,2.1831972567411246,4.172310550176221,-1.0002538884639347,0.08197374553541624,9.20992133972331,14.276871638701772,4382.937,Warning
B0046,53,72,19,1.123711172150547,0.7475852107601945,4.0,3.315933995614132,2.191895759269081,4.1745648072291,-1.0001281764463046,0.0823773550588342,9.1721362476023,13.777310967702926,4347.453,Warning
B0046,54,72,18,0.0,0.0,4.0,3.4426193474976627,2.957668027855621,4.1730486061960095,-0.9990527044797731,0.09051873892061768,8.57217147461004,11.441352869995514,3581.188,Warning
B0046,55,72,17,1.214119211354098,0.8077320836555256,4.0,3.2963331961890048,2.198908641131297,4.101731329888953,-1.0007810921100906,0.07901951863218941,9.25834987796474,14.96165525093106,4746.5,Warning
B0046,56,72,16,1.211944797522819,0.8062854845092116,4.0,3.3205927834140843,2.1759612427269523,4.14324574268369,-1.0005274848759138,0.07961852869080463,9.311634785976043,14.622124863653871,4679.156,Warning
B0046,57,72,15,1.1971248679331925,0.7964260469061226,4.0,3.3321448974569696,2.1740843812957524,4.174381858889519,-1.0003494909916653,0.08039939677452175,9.306501252940654,14.181162993443126,4596.578,Warning
B0046,58,72,14,1.1822892151870987,0.7865561489645299,4.0,3.3300589536831566,2.1699286892596934,4.173792780760516,-1.0001304668043078,0.0808489406773457,9.361883663268088,13.989284902759552,4544.641,Critical
B0046,59,72,13,1.1645336676778395,0.7747436965694282,4.0,3.326398154149516,2.15658205310809,4.174292933831419,-0.9999751500715209,0.0811842958806919,9.565977385225588,15.042601535042603,4526.938,Critical
B0046,60,72,12,1.1535559567518647,0.767440419232999,4.0,3.324081152870965,2.159229413482601,4.174080626824366,-1.0001108627417226,0.08156395790179273,9.613253810213061,15.027421071078606,4487.438,Critical
B0046,61,72,11,1.1601987101282063,0.771859725818139,4.0,3.2901896835135895,2.1981836512731,4.089380393518967,-0.9997380074680035,0.08143343521609728,9.659706152498446,14.577396723095212,4513.312,Critical
B0046,62,72,10,1.1711716308206082,0.7791598162967136,4.0,3.3123680120679446,2.172247401410494,4.142442473931475,-0.999942885934547,0.0810633302758852,9.660074492266734,15.36587842843583,4568.438,Critical
B0046,63,72,9,1.1563410270783216,0.7692932773682453,4.0,3.3202672940295272,2.167855497701561,4.174041322689958,-0.9999545027275712,0.08169918615541961,9.610732084606383,15.29268403662172,4499.656,Critical
B0046,64,72,8,1.141082456193516,0.7591420194529341,4.0,3.3220005581957603,2.197413864039741,4.174154842675988,-0.9997765998111345,0.08232467328307036,9.509606751933422,14.698902260428524,4430.984,Critical
B0046,65,72,7,1.1352383596118123,0.7552540451379911,4.0,3.316995919062792,2.1808859045895868,4.173817719824036,-0.9995908082297772,0.08267641491289368,9.55376799961061,15.066788669768552,4411.141,Critical
B0046,66,72,6,0.0,0.0,4.0,3.6155991581342013,3.4276877712777214,4.174508000036821,-0.9914201446967897,0.12378726705883765,7.9488520188669245,9.413942588565495,1991.531,Critical
B0046,67,72,5,1.2530847858282803,0.8336551926604177,4.0,3.304824958917925,2.1634350552847827,4.122428601972404,-0.9999417105324964,0.0787805248242312,9.689325427035971,14.884443210062466,4883.312,Critical
B0046,68,72,4,1.2050453590356518,0.8016954098500046,4.0,3.3235919579934095,2.1839323108066178,4.143823070139112,-0.9998017376659812,0.08071492117357269,9.54652406934783,14.454392118638458,4663.907,Critical
B0046,69,72,3,1.19119860196273,0.7924834067470236,4.0,3.3336764636844887,2.196284886273677,4.173823759594136,-1.000249176467669,0.08154813988245604,9.486110245180768,14.172939173239188,4581.328,Critical
B0046,70,72,2,1.17463817374538,0.781466046124495,4.0,3.32512940887575,2.1526544597098902,4.174042864835579,-1.0000755059089512,0.08174257497333057,9.528985199683015,14.797843662102167,4553.031,Critical
B0046,71,72,1,1.1555432048235512,0.7687625003026936,4.0,3.3265245824041667,2.1963314779954723,4.173923325104936,-0.9996836231447859,0.0823480531768004,9.519831150565885,14.86814851282613,4486.5,Critical
B0046,72,72,0,1.1538041170229467,0.767605515881637,4.0,3.325662411014798,2.189500804437932,4.174510564064746,-0.9996591394483646,0.08274577942989426,9.50863223906921,14.051631055988958,4450.625,Critical
B0047,1,72,71,1.6743047446975208,1.1102254892747454,4.0,3.4752664759657903,2.470611866932728,4.246764125510136,-0.9527668403077523,0.20144763569935933,8.272422519178683,12.376815880696888,6436.141,Healthy
B0047,2,72,70,1.5243662105099025,1.010801783401141,4.0,3.4765588189090355,2.477661652422805,4.186635709569866,-0.9838885014038209,0.10670769250195597,8.210715424489035,11.314903320182369,5650.265,Healthy
B0047,3,72,69,1.5080762969973425,1.0,4.0,3.4707669643372343,2.4707098734854784,4.199922751479228,-0.9838892612061609,0.10731479696293068,7.954455063989402,11.624528187721143,5590.907,Healthy
B0047,4,72,68,1.4835577960067696,0.9837418696657521,4.0,3.4675514337042928,2.465457800547402,4.199568876812779,-0.9789465319710104,0.12749941051411634,7.985864710265717,11.0929238810592,5543.61,Healthy
B0047,5,72,67,1.4671391666146525,0.9728547352251355,4.0,3.4628386272032645,2.465765118194009,4.1993968014662295,-0.9762620303137102,0.1367702701794522,8.009426990342208,11.020979145558456,5499.046,Healthy
B0047,6,72,66,1.448858156982267,0.9607326631066466,4.0,3.4591836330966035,2.4700482803033514,4.198907847432783,-0.9711681299821951,0.15320166429797555,8.033626730077737,11.05909419348262,5461.219,Healthy
B0047,7,72,65,1.4458534180949325,0.9587402314947202,4.0,3.440865649757287,2.484128874181115,4.163303236325632,-0.9709334670284248,0.15361255478969701,8.150799939416203,11.877028657628198,5451.281,Healthy
B0047,8,72,64,1.431118266178283,0.9489694049483526,4.0,3.44810227661685,2.483034750266961,4.181797294694067,-0.9610547420763002,0.18072914493363484,8.230899786348077,11.559250858608888,5468.062,Healthy
B0047,9,72,63,1.419274551657853,0.9411158802002935,4.0,3.4496654644975946,2.49830336362436,4.197837203348764,-0.9582923588349711,0.18795126667322634,8.146945225413083,11.34743713793976,5411.297,Healthy
B0047,10,72,62,1.3999974221808271,0.9283332845747222,4.0,3.4449123724079618,2.49851157426792,4.197777018222757,-0.9553719838321842,0.19493355285943673,8.251894856354932,11.693269060729056,5369.703,Healthy
B0047,11,72,61,1.3885156686114437,0.9207197748390117,4.0,3.4418308643708455,2.4919375577484737,4.197306543877358,-0.9527836491780217,0.201619340838536,8.23497518866995,11.557441727679937,5327.406,Healthy
B0047,12,72,60,1.3652234669528964,0.9052747992068615,4.0,3.4344681780842876,2.4683068422721184,4.19770091242359,-0.949814677088373,0.20780089499321494,8.269239827690175,11.667407771157473,5299.266,Healthy
B0047,13,72,59,1.4060442272970963,0.932342899425316,4.0,3.430115214310407,2.479195639185483,4.1533796403143945,-0.962374774611937,0.1770451371609594,8.236583239584068,11.311016339650983,5367.172,Healthy
B0047,14,72,58,1.405754161352578,0.932150557734716,4.0,3.442078085056046,2.4933737831605582,4.1809212253928045,-0.9528782892582865,0.20076784571510078,8.16126508624072,11.175603921563273,5406.812,Healthy
B0047,15,72,57,1.3867662881727878,0.9195597669255268,4.0,3.4424678812268277,2.491571322470993,4.198049966629152,-0.9497638833815831,0.20761258162955815,8.25301239256121,11.15023736338702,5353.094,Healthy
B0047,16,72,56,1.3705053061420225,0.9087771678865115,4.0,3.4338551425476287,2.471859124111365,4.19764856730434,-0.9517106306260905,0.2036619845617688,8.291638340695691,11.81131136026599,5280.031,Healthy
B0047,17,72,55,1.34974311148236,0.8950098308485903,4.0,3.4327517306039357,2.488914813470205,4.1969633661005,-0.9434304652541514,0.2206481102504601,8.318107121376224,11.699803023226297,5248.593,Healthy
B0047,18,72,54,1.3251533367939785,0.878704439180184,4.0,3.4273855541261473,2.472852533936716,4.196227134476293,-0.9400482502771171,0.22717236753733644,8.303021352537922,11.234017863419322,5203.375,Healthy
B0047,19,72,53,1.3111943869635805,0.869448309461687,4.0,3.4184685184601045,2.4822189935935484,4.176260352394772,-0.9371553622323052,0.23346070210403586,8.32601397527908,11.729632241368254,5166.812,Healthy
B0047,20,72,52,0.0,0.0,4.0,3.6507246573834036,3.452630071948054,4.195583212031605,-0.9839651386620409,0.10590714735908692,7.192903163731922,8.565277404002732,2384.094,Healthy
B0047,21,72,51,1.3394234405932892,0.888166893982851,4.0,3.4156755122328164,2.481264290061195,4.199835388165491,-0.9234823229846594,0.2574089555829166,8.388106987601862,12.186162994585318,5340.281,Healthy
B0047,22,72,50,1.2849157142560723,0.8520230155559143,4.0,3.4189443106786306,2.487540187711501,4.195847527614419,-0.930472095057463,0.2449272778107199,8.304841644444155,11.147409475641334,5103.0,Healthy
B0047,23,72,49,1.281719159327807,0.8499033914131373,4.0,3.4147835574863517,2.4907582384317,4.195387366763826,-0.9322821459755778,0.24164614739638005,8.319029412369582,11.681014963080823,5051.172,Healthy
B0047,24,72,48,1.2600051642942829,0.8355049189507309,4.0,3.409591730169167,2.493163832069928,4.174064296873529,-0.9267897523084677,0.2517584402337099,8.401755924951388,11.29683746494969,5027.563,Healthy
B0047,25,72,47,1.266070385993126,0.8395267457713759,4.0,3.407645240350967,2.479240941037315,4.194958886516552,-0.9316504925123936,0.24323000086333818,8.395347720509116,11.88239860330653,4993.765,Healthy
B0047,26,72,46,1.2413590294280803,0.8231407335953028,4.0,3.407201115194828,2.4915265338912347,4.194794488425212,-0.9255669375549472,0.2535782203880096,8.419292173692186,11.79170575767619,4962.469,Healthy
B0047,27,72,45,1.2298873703485311,0.8155339174797059,4.0,3.402851724115477,2.495727313119633,4.194210512385239,-0.9273633082574366,0.2505189121390405,8.293327119939335,11.72661603963688,4907.859,Healthy
B0047,28,72,44,1.228088614506696,0.8143411689129282,4.0,3.398740761774466,2.4979742120513757,4.19378669081209,-0.9267828902753352,0.25117779098823134,8.49190236531868,12.464631760563272,4888.656,Healthy
B0047,29,72,43,1.2139857189070042,0.8049895892695299,4.0,3.3945066004903923,2.495109477398993,4.1718864589662426,-0.9236824517720293,0.2567295399461265,8.437149776270967,11.863547747838409,4866.25,Healthy
B0047,30,72,42,1.2173435064564189,0.8072161261868597,4.0,3.39192930556013,2.4851956352139384,4.19388971043665,-0.9289085100178415,0.2479875090487207,8.429621946088576,12.460832791038596,4836.125,Healthy
B0047,31,72,41,1.2073445944515917,0.8005858833903012,4.0,3.39128980672992,2.4873308484835266,4.193873318394839,-0.9282275865985665,0.2489078118478761,8.46306110156025,12.213639136225725,4801.485,Healthy
B0047,32,72,40,1.18804049227045,0.7877854022610791,4.0,3.3932667889977304,2.488620645344286,4.193344395761288,-0.9244391789678553,0.25527477857424213,8.459204966688853,11.534784991217848,4760.938,Healthy
B0047,33,72,39,1.186304749886542,0.786634437692931,4.0,3.3838600818009588,2.476969143594387,4.19356398488292,-0.9270544586298616,0.25101873516241113,8.493224799915222,12.42977502748968,4740.907,Healthy
B0047,34,72,38,1.2613935471028506,0.8364255506265499,4.0,3.3866520851320576,2.4790054948940434,4.142510591712848,-0.9460868598841972,0.21452297405787984,8.466232868159803,12.428323073625249,4914.532,Healthy
B0047,35,72,37,1.2648246158850651,0.8387006800673122,4.0,3.402095154295076,2.479600589435018,4.174381011699289,-0.9356871602351079,0.23519098155727214,8.553128334903379,12.48741336421358,4998.656,Healthy
B0047,36,72,36,1.24664945489822,0.8266487958071905,4.0,3.404625504614091,2.46837363838224,4.194961577545829,-0.9401469539731849,0.2268940347339568,8.342818484380935,11.343734065329729,4890.015,Warning
B0047,37,72,35,1.2333924152795082,0.8178581002401907,4.0,3.3977378433240313,2.497016493627855,4.194728577808066,-0.9395699773936357,0.22788519245968336,8.481468325698998,12.641653349352346,4842.11,Warning
B0047,38,72,34,1.2129250072037692,0.8042862351319793,4.0,3.39454078926717,2.4751740867556524,4.194123941573546,-0.9358360923749524,0.23500972226549793,8.425193812256257,11.969937687736325,4798.281,Warning
B0047,39,72,33,1.1999106597943647,0.795656467901159,4.0,3.397135252361952,2.499811739255094,4.194413177433493,-0.9347239037948782,0.23655267165917002,8.471726206300676,11.438399477589398,4739.188,Warning
B0047,40,72,32,1.1902559038393383,0.7892544337505994,4.0,3.384557786350807,2.494550023378076,4.172002506353698,-0.9317054169779714,0.2422403218363401,8.510483818712029,12.144441411939049,4733.156,Warning
B0047,41,72,31,1.1892563795455853,0.788591652765484,4.0,3.38207924956575,2.477337702429082,4.194068049662567,-0.9431234654151266,0.2210569521803255,8.530222967717657,12.67224284322037,4670.61,Warning
B0047,42,72,30,1.167069685125939,0.7738797350304059,4.0,3.3808097620789024,2.478325379623597,4.193464344236471,-0.9364521415339061,0.2337010477888509,8.420605358837513,11.984785271459067,4635.0,Warning
B0047,43,72,29,1.1615348403090369,0.7702095992236683,4.0,3.382026759648077,2.494831087986124,4.192797311893991,-0.9330135422416266,0.24032611518862582,8.51215713252602,12.101959002780742,4615.86,Warning
B0047,44,72,28,1.1555563844349988,0.7662453065111964,4.0,3.376424700878435,2.495678140540268,4.193468094113346,-0.9354455085688509,0.2355963534375664,8.54602737861718,12.396974763839234,4580.75,Warning
B0047,45,72,27,1.1488524666097713,0.7617999625729783,4.0,3.3729563491800936,2.4729308126474736,4.16991637056524,-0.9350017140200774,0.23640771280261816,8.4485741292899,11.455115215105929,4557.406,Warning
B0047,46,72,26,1.143572986788779,0.7582991583819012,4.0,3.378642488252421,2.494578415325497,4.192396921446495,-0.9345624675488318,0.23737812232379688,8.334392904335672,11.39345446641458,4524.032000000007,Warning
B0047,47,72,25,1.1418015379428537,0.7571245169864677,4.0,3.370172138170829,2.492546798627854,4.192623205881946,-0.9405823229183861,0.22588613939033644,8.548983420432004,12.6352725981059,4502.938,Warning
B0047,48,72,24,1.136058647502255,0.7533164268705809,4.0,3.367920943746027,2.4752083843332136,4.1933895299679325,-0.940166082376245,0.2267170894522368,8.545644001542279,12.45444631401429,4483.094,Warning
B0047,49,72,23,1.1236364680969286,0.7450793241258062,4.0,3.3731133787458676,2.4974098896142385,4.192510832064287,-0.9385550163357156,0.22966915864031245,8.530684068571667,12.18400994607025,4448.36,Warning
B0047,50,72,22,1.1320498900328944,0.7506582341270558,4.0,3.3570684734893477,2.470530852621601,4.1689267149519535,-0.9458548848985765,0.21495570482077583,8.5880890540764,12.849012968534735,4440.531,Warning
B0047,51,72,21,1.117010176215815,0.7406854536735574,4.0,3.3691516897861753,2.4800604125308974,4.191753022543457,-0.9389122330771017,0.22889493172857928,8.520717953543993,11.44307926801482,4416.547,Warning
B0047,52,72,20,1.120043039721982,0.7426965346196645,4.0,3.3578225461504885,2.482310382215253,4.192116566565046,-0.9483861774789661,0.20976839206152106,8.509426489984776,12.895633770945397,4382.937,Warning
B0047,53,72,19,1.1059773445917065,0.7333696224745155,4.0,3.3676285575809373,2.499914991218416,4.192241727517348,-0.9414049088928775,0.22442590227740364,8.454153696786289,11.573902587010837,4347.453,Warning
B0047,54,72,18,0.0,0.0,4.0,3.449492446913663,2.994695135525109,4.192932934065261,-0.9867055393374604,0.08960900476023077,8.047459499367323,10.553052640742196,3581.188,Warning
B0047,55,72,17,1.1907902374762016,0.7896087484745475,4.0,3.372493003925355,2.47468810834507,4.151696493245396,-0.9331169601303769,0.23957458384935962,8.476574571858773,11.984288635557064,4746.5,Warning
B0047,56,72,16,1.2012387088454022,0.7965370924780996,4.0,3.382136756328252,2.4936019875098454,4.173641970261601,-0.9478477265636571,0.21080243893717954,8.567006275916873,12.836265571184011,4679.156,Warning
B0047,57,72,15,1.1906909549024802,0.7895429145549249,4.0,3.383822718764627,2.4794043785439617,4.194390827243979,-0.956443523785203,0.1911769096972139,8.607327084258758,12.655987301395294,4596.578,Warning
B0047,58,72,14,1.1764375730308343,0.7800915480026985,4.0,3.3860339727551585,2.495823360233662,4.194161811786053,-0.9528668500629852,0.19997155885200238,8.707959029152644,12.20963360823446,4544.641,Critical
B0047,59,72,13,1.1628110372792353,0.7710558408712158,4.0,3.3841395923852935,2.4834980820953168,4.194190653204952,-0.9523529313575727,0.2004708697045603,9.003534328496398,12.780134013784457,4526.938,Critical
B0047,60,72,12,1.1516152840582583,0.7636319769438613,4.0,3.3827771801616184,2.4920392941768497,4.194292935889806,-0.9518066439769568,0.20145528266983814,9.02852617906244,12.658108002877777,4487.438,Critical
B0047,61,72,11,1.1583673498348623,0.7681092476164709,4.0,3.364536091766799,2.488243242390158,4.146356741131726,-0.9517057744990748,0.20104472563134193,9.027729535660669,13.24936801902594,4513.312,Critical
B0047,62,72,10,1.1692285288386206,0.7753112565767494,4.0,3.3787603150369994,2.498187334581169,4.172368631167838,-0.9457722537487265,0.21430530493640423,9.071608131387514,13.102537521023756,4568.438,Critical
B0047,63,72,9,1.1588148476218465,0.7684059817988695,4.0,3.38042492580436,2.4982213366801296,4.193697451503613,-0.9517682668620395,0.20166054745187945,9.050284055951,13.019156020970016,4499.656,Critical
B0047,64,72,8,1.1439588147705455,0.7585549995369772,4.0,3.3757552328187086,2.4715997205282143,4.193432136090228,-0.9577750037054298,0.1878394071811764,8.986064263951343,12.612257184300963,4430.984,Critical
B0047,65,72,7,1.1383941068159398,0.7548650615904122,4.0,3.3744651760728988,2.4972991957929973,4.193707973256604,-0.9541869981546398,0.19641372726719414,9.036875447987502,12.968805846071126,4411.141,Critical
B0047,66,72,6,0.0,0.0,4.0,3.6287077311529012,3.427057522273196,4.193728328919069,-0.9792035664803379,0.12245843381625332,7.698431744424151,9.05446951177611,1991.531,Critical
B0047,67,72,5,1.2213102850395667,0.8098464828810441,4.0,3.3850807989789566,2.475863858583421,4.166980224197571,-0.9269695970852067,0.24969369445325132,9.095394308322597,13.123905320087225,4883.312,Critical
B0047,68,72,4,1.2031062978889062,0.7977754840947722,4.0,3.3900890450634233,2.482088014003299,4.175112042490111,-0.9526683776410486,0.19913034535695295,9.009063913586548,13.179418154583676,4663.907,Critical
B0047,69,72,3,1.1897147112197684,0.7888955708597447,4.0,3.3919885847746993,2.484545959502679,4.195168632438667,-0.9591403423116251,0.18572622296962701,8.958051495293551,12.742282067813369,4581.328,Critical
B0047,70,72,2,1.177422568842014,0.7807446952029701,4.0,3.3862399608298266,2.481724014979985,4.19482784099826,-0.9554277687381623,0.1943298107542679,8.972563208541265,13.23162562344335,4553.031,Critical
B0047,71,72,1,1.158443027293818,0.768159429068899,4.0,3.383817098626054,2.475682459777723,4.194470276921028,-0.9577201485364993,0.1876484049828698,9.037146843138395,12.857920538298638,4486.5,Critical
B0047,72,72,0,1.1567087516841796,0.7670094371135242,4.0,3.3818846696550433,2.4992087242533025,4.194180006661532,-0.9573123780210179,0.18865171164480396,9.009035929017505,12.67528068575023,4450.625,Critical
B0048,1,72,71,1.6579955793677608,1.1061250749024247,4.0,3.4658606296374312,2.6876065414465464,4.223690952621402,-0.9275960004271296,0.25327787170988963,7.9114909421254485,10.85194413164328,6436.141,Healthy
B0048,2,72,70,1.5076933476098775,1.0058515461728808,4.0,3.4593246298099665,2.6835427959445024,4.161851896835355,-0.95963764625613,0.18880344923880502,7.958927971485882,10.829468947828506,5650.265,Healthy
B0048,3,72,69,1.4989223343608031,1.0,4.0,3.4552294701778714,2.6769979855651798,4.175466417206107,-0.9640819411783536,0.1779521735717097,7.708927821830712,11.053444137693344,5590.907,Healthy
B0048,4,72,68,1.4782919502497789,0.9862365223079942,4.0,3.4575807060974952,2.6934384147921957,4.174693750587349,-0.9590403279797144,0.19090580346319175,7.711890755969547,10.582379295049948,5543.61,Healthy
B0048,5,72,67,1.461856891390611,0.9752719389654045,4.0,3.4576403855897397,2.6967591738883163,4.174741021763634,-0.9561581387967848,0.19750907760944017,7.733691649876036,10.227762694291696,5499.046,Healthy
B0048,6,72,66,1.4509592706473475,0.9680016351655012,4.0,3.4540569996464043,2.6855475478766424,4.174511213058054,-0.95562492940014,0.19834739069464222,7.713793706750157,10.448166696977866,5461.219,Healthy
B0048,7,72,65,1.451746997147108,0.9685271637280577,4.0,3.436367401137892,2.691750203742161,4.14121689573938,-0.9577937939731281,0.19312075371317386,7.8513931260036465,11.087645565750543,5451.281,Healthy
B0048,8,72,64,1.444392866287476,0.9636208849362563,4.0,3.4466304878843594,2.689384375743919,4.158004815622747,-0.9502347980955429,0.2098007206025278,7.905320525605018,10.331525897326843,5468.062,Healthy
B0048,9,72,63,1.432738323965376,0.9558456039527554,4.0,3.4469353939775913,2.6855540838129546,4.173957792716822,-0.95236200437101,0.20582971840427322,7.847675607740912,10.695473118282326,5411.297,Healthy
B0048,10,72,62,1.417241201438662,0.9455067610577882,4.0,3.4438356242957933,2.689152622424136,4.173757067290182,-0.9494102232020358,0.21206391187591123,7.926506175979814,10.588614300598088,5369.703,Healthy
B0048,11,72,61,1.4057559944573452,0.937844451465067,4.0,3.4417182002819104,2.678956108681276,4.172904801080625,-0.9492095088363941,0.21321472468095284,7.937097401174621,10.7107611721746,5327.406,Healthy
B0048,12,72,60,1.3902706269897065,0.9275134509104304,4.0,3.439456123966976,2.688287422782237,4.173032965850683,-0.9438502376761829,0.22433205465301886,7.9661274485105595,10.52686289722462,5299.266,Healthy
B0048,13,72,59,1.4196659307880326,0.947124409480116,4.0,3.4300387550398135,2.680621623320638,4.133304141515335,-0.9514090951270098,0.20723941002173946,7.886742523689043,10.680714357791624,5367.172,Healthy
B0048,14,72,58,1.4190563985232272,0.9467177624839156,4.0,3.442487347026378,2.693587841641054,4.156655311996452,-0.9441558237541219,0.22267914726596647,7.810373532807223,10.479304841863389,5406.812,Healthy
B0048,15,72,57,1.404272356704056,0.936854648511786,4.0,3.4434500367152183,2.6905447145318244,4.172913024979518,-0.943749133811343,0.22396559073876146,7.869709498966687,10.378581035006627,5353.094,Healthy
B0048,16,72,56,1.3916140490958342,0.928409709559282,4.0,3.4369770767738053,2.6889512479861937,4.172334722190024,-0.948030574788209,0.2151793037861018,7.873285917762758,10.851484720266557,5280.031,Healthy
B0048,17,72,55,1.3749618350294734,0.9173002519945831,4.0,3.4351167375068576,2.6767423992621824,4.171533861821569,-0.9424402883201639,0.2265055817316393,7.888295790156799,10.70498211965856,5248.593,Healthy
B0048,18,72,54,1.3545155713071164,0.903659609478521,4.0,3.4352880614818906,2.692752260117709,4.172113180559959,-0.936561624298611,0.23788899699697827,7.90514873318139,10.26828159930382,5203.375,Healthy
B0048,19,72,53,1.3440223073315984,0.8966590706680878,4.0,3.426473499744202,2.69610071870072,4.152547964911409,-0.9359740520534714,0.23908047727147577,7.9278743808781424,10.42028909453994,5166.812,Healthy
B0048,20,72,52,0.0,0.0,4.0,3.6332673475295345,3.4429735829245125,4.171642845757827,-0.9854751233942511,0.10629008508341334,7.084065434295192,8.382812028066311,2384.094,Healthy
B0048,21,72,51,1.372384475860572,0.9155807772027151,4.0,3.4231723044699156,2.6813752744142234,4.176821150785954,-0.9249433480673207,0.258310368939546,7.950376644939932,11.025933551300648,5340.281,Healthy
B0048,22,72,50,1.318410575267441,0.8795723067464072,4.0,3.428797713311107,2.6946752970811247,4.171686901258687,-0.9296783941589581,0.25047538219191096,7.891054732187375,10.196289899952207,5103.0,Healthy
B0048,23,72,49,1.3112727599578604,0.8748103420028339,4.0,3.4246615589655973,2.6954700046169733,4.172000465131976,-0.9340469067277114,0.2425103313800676,7.911933312913009,10.67776116366158,5051.172,Healthy
B0048,24,72,48,1.2970172419001187,0.8652998305300559,4.0,3.420260120001828,2.696945913635699,4.151092092342163,-0.9282929869770825,0.25271220942756756,7.9731250548171255,10.197605675555666,5027.563,Healthy
B0048,25,72,47,1.2995219526631718,0.866970838230479,4.0,3.4176468335228454,2.678219557836974,4.171107672675929,-0.9361639727698597,0.23902664150431654,7.988820643678426,10.817583822184044,4993.765,Healthy
B0048,26,72,46,1.2826154066729571,0.8556917041468414,4.0,3.4172601086559014,2.6929901554909765,4.170406220123355,-0.9299928998106647,0.24981721597972836,7.990220402102304,10.516072793190034,4962.469,Healthy
B0048,27,72,45,1.2752890152407,0.8508039316023209,4.0,3.4115448650857543,2.684969781882089,4.169460748536267,-0.934806579329965,0.2414929966073137,7.882690956878554,10.549697060839051,4907.859,Healthy
B0048,28,72,44,1.2735572473264072,0.8496485896112155,4.0,3.4065891490442124,2.6836073579697186,4.170165006607723,-0.9370645194852636,0.23703345271446652,8.054682377673142,11.262651366620426,4888.656,Healthy
B0048,29,72,43,1.2594114333938535,0.8402112668038361,4.0,3.404850768576602,2.6880496504528555,4.148906074950599,-0.9310772172053213,0.24793431027140464,7.989516678064296,10.67022537319244,4866.25,Healthy
B0048,30,72,42,1.2631632585495876,0.8427142818498651,4.0,3.4037388246513496,2.6866245843324728,4.170272562112315,-0.9394586031577282,0.23328767732457542,8.031961049301984,11.290252755528313,4836.125,Healthy
B0048,31,72,41,1.2491717310136363,0.8333798905907491,4.0,3.4068285577090975,2.698617918096401,4.170271899546104,-0.9358379166065879,0.23965062329791603,8.043229181254354,10.973350060572036,4801.485,Healthy
B0048,32,72,40,1.233984347835307,0.8232476890548998,4.0,3.4086789774100317,2.699107325579607,4.169452174938924,-0.9322392887454545,0.2463182031151368,8.03181115051043,10.3391489283262,4760.938,Healthy
B0048,33,72,39,1.240031992028868,0.8272823505279641,4.0,3.3973450050321667,2.6835548325192,4.170146996930818,-0.9406998132859437,0.23040883361870534,8.097013437245893,11.22843469416495,4740.907,Healthy
B0048,34,72,38,1.30370857198071,0.8697639244508691,4.0,3.3993392010348766,2.681569834191177,4.12494331073437,-0.9537093572867028,0.20304574630930244,8.022533123805395,11.142187018109254,4914.532,Healthy
B0048,35,72,37,1.315055963470538,0.8773342909933538,4.0,3.4116534333763227,2.683679055503892,4.151287967783268,-0.9460022622334843,0.21959175693865884,8.108172025448226,11.266783334689707,4998.656,Healthy
B0048,36,72,36,1.2888738300982074,0.8598669861356304,4.0,3.417645007960136,2.682654869893668,4.170265534323388,-0.9477332619889278,0.21605195224589466,7.8977220071348055,10.42585253276335,4890.015,Warning
B0048,37,72,35,1.2877137595885193,0.8590930497660834,4.0,3.4079105797438367,2.682384467590376,4.170979556153871,-0.955996398502354,0.19799087633964266,8.04149350152151,11.216029100406416,4842.11,Warning
B0048,38,72,34,1.2673379985315465,0.8454994428193553,4.0,3.407164499269471,2.686240486840372,4.169424514471797,-0.9495988780290303,0.21221449626411665,7.954120438181095,10.782099455149345,4798.281,Warning
B0048,39,72,33,1.250594345697306,0.8343289822488412,4.0,3.411264697940678,2.6969281633328235,4.170624380836064,-0.9487217927497306,0.213748588156227,7.997450587692992,10.321202935071105,4739.188,Warning
B0048,40,72,32,1.2487131179395878,0.8330739287249903,4.0,3.399055092260418,2.697244348677796,4.149740744130536,-0.9484783034454789,0.21404457703719473,8.033089769228212,10.97070399517944,4733.156,Warning
B0048,41,72,31,1.248002326082933,0.8325997267998065,4.0,3.397998613644679,2.682663772646134,4.170538290499679,-0.960288282497019,0.18801623825695132,8.032822875095608,11.121182366824469,4670.61,Warning
B0048,42,72,30,1.2300895244599586,0.8206492733224333,4.0,3.3968749308721438,2.6897565950033164,4.170102316006519,-0.9538841832821683,0.2032917749548563,7.971994643634386,10.805368665446066,4635.0,Warning
B0048,43,72,29,1.2244197121500937,0.8168666808692475,4.0,3.3949285391136215,2.6851150517360427,4.169002458595089,-0.9534653843148169,0.20386991586284756,7.985840586212385,10.90427632418744,4615.86,Warning
B0048,44,72,28,1.2186682845116386,0.8130296390782146,4.0,3.3923053503439844,2.691698678764574,4.169722967056448,-0.9561814714709561,0.19764219330673874,8.055923800450703,11.177549576040898,4580.75,Warning
B0048,45,72,27,1.2037865236033616,0.8031013322092512,4.0,3.393507466288284,2.688395997689043,4.147796072295514,-0.949495711589349,0.21224684775495334,7.982156595851859,10.375532122783676,4557.406,Warning
B0048,46,72,26,1.1947642300832226,0.7970821454153026,4.0,3.397997936501643,2.696650926823416,4.16937546220786,-0.9491950189128958,0.21341542209438938,7.842796481143621,10.314092555911314,4524.032000000007,Warning
B0048,47,72,25,1.2052091893871495,0.8040504579585813,4.0,3.3882925257712984,2.6969697387700067,4.170164354666364,-0.9617018565505489,0.18438020969957125,8.079939832789865,11.367431862943256,4502.938,Warning
B0048,48,72,24,1.1955746593628465,0.7976228200460329,4.0,3.3877256181336417,2.6967087456075824,4.169926901474105,-0.9582791920312705,0.1929748361644375,8.064765751727984,11.06954549641082,4483.094,Warning
B0048,49,72,23,1.1888497102149884,0.7931362972998589,4.0,3.3892443793813447,2.6919470298999477,4.169479557902343,-0.9604573336465301,0.18708009287075986,8.047690080561159,10.977331626368253,4448.36,Warning
B0048,50,72,22,1.1915605250807406,0.7949448065225253,4.0,3.379247569665043,2.686563173222129,4.1466990810536295,-0.964049565042912,0.17773625878182267,8.077528255423264,11.25041370680882,4440.531,Warning
B0048,51,72,21,1.1726587153109655,0.7823345402422277,4.0,3.3916390352444328,2.696173744376241,4.168333177873153,-0.954156405475968,0.20224344087016005,7.993540199499143,10.261913330935936,4416.547,Warning
B0048,52,72,20,1.1841133872494156,0.7899764785040487,4.0,3.3795641863547807,2.687805922420921,4.1690272272079385,-0.9703946548779708,0.16091909203576352,7.973181959906695,11.209451387068038,4382.937,Warning
B0048,53,72,19,1.1576825122317769,0.7723432266592093,4.0,3.3905357196785717,2.6954427225266566,4.169215137661718,-0.9568118198331175,0.19662478168597097,7.915947250994455,10.39465598668322,4347.453,Warning
B0048,54,72,18,0.0,0.0,4.0,3.4657216656737035,3.078111316923791,4.1701191621232025,-0.9887316907290912,0.08983257797410317,7.631644271961187,9.73523495959482,3581.188,Warning
B0048,55,72,17,1.259355851168598,0.8401741853460571,4.0,3.3909861606032004,2.6861121256233056,4.135364610542779,-0.9536560997964092,0.20313757310587321,7.938268366482139,10.71880829888557,4746.5,Warning
B0048,56,72,16,1.265883375278026,0.844528996772769,4.0,3.3970417211274984,2.6816961536149058,4.1506494675081695,-0.9718532283937391,0.15625930624706955,8.024531067354474,11.267543040114028,4679.156,Warning
B0048,57,72,15,1.247259867318412,0.8321043984245459,4.0,3.4053897793262036,2.6935260886313634,4.170594556050919,-0.9745908346175696,0.1478408452351438,8.026701986317695,10.977215485451683,4596.578,Warning
B0048,58,72,14,1.232808747256218,0.8224633918620833,4.0,3.4044637089502996,2.6819098951639786,4.170902199360611,-0.9743182693533817,0.14875073740034178,8.083086131954136,10.698980931953203,4544.641,Critical
B0048,59,72,13,1.2319592783041904,0.8218966720711011,4.0,3.40066115678775,2.6836569825858465,4.1707733769162845,-0.9773202136961056,0.138489490209124,8.282945581406354,11.200778779435032,4526.938,Critical
B0048,60,72,12,1.220785786262778,0.8144423218454256,4.0,3.399557901522936,2.686405541586876,4.170606882649154,-0.9769934301900784,0.1389261331055714,8.296254318972048,11.067122162658642,4487.438,Critical
B0048,61,72,11,1.2275441303266783,0.8189511238753736,4.0,3.3869933616946555,2.685608364298082,4.128047138171167,-0.9767440428637847,0.1386990103774671,8.280354632475289,11.217197558663642,4513.312,Critical
B0048,62,72,10,1.2386788414290355,0.8263796015537087,4.0,3.3947531020283486,2.685972991906515,4.150268203613492,-0.9738169504529767,0.14902934549311242,8.346898191755683,11.59325762914515,4568.438,Critical
B0048,63,72,9,1.2283577755407058,0.8194939440037924,4.0,3.3979955411966936,2.689198249643033,4.1705243721131415,-0.9802233649908892,0.12750689992333988,8.337878264565942,11.534047303435644,4499.656,Critical
B0048,64,72,8,1.2095481507570451,0.8069451785658007,4.0,3.399587991995103,2.6983204775942364,4.170294880009359,-0.9801797978590467,0.12835329710188526,8.259622932500356,10.92572543982624,4430.984,Critical
B0048,65,72,7,1.2082142070681048,0.806055243404811,4.0,3.395118621843109,2.693240203211685,4.170568686817898,-0.9833769221524863,0.11543107552003957,8.290496900072908,11.346378697595553,4411.141,Critical
B0048,66,72,6,0.0,0.0,4.0,3.6274300474413557,3.441548920019712,4.170160404909495,-0.9815143614251551,0.12233193172728664,7.381556529300557,8.56828741399406,1991.531,Critical
B0048,67,72,5,1.2998734542832149,0.8672053411209794,4.0,3.402660754515897,2.6866110987705887,4.152589435404936,-0.9565798060844432,0.195515384170801,8.321321846834685,11.439171740202124,4883.312,Critical
B0048,68,72,4,1.2691220651743778,0.8466896756966258,4.0,3.409317486730915,2.699083135691788,4.151970239591361,-0.9772401913298513,0.1375940030441256,8.23807744072398,11.147240167890732,4663.907,Critical
B0048,69,72,3,1.2555144634690785,0.8376114190095627,4.0,3.4133709426845633,2.6907134698484554,4.170962379739071,-0.9839943201059,0.11361732170860699,8.189029507624946,10.831285577855546,4581.328,Critical
B0048,70,72,2,1.2519876926897655,0.8352585480845878,4.0,3.4068009615962724,2.684500860538322,4.171135033653532,-0.9871874196801942,0.09902616248286937,8.234868029314756,11.236293148641268,4553.031,Critical
B0048,71,72,1,1.2374982003019996,0.8255919415796252,4.0,3.4061690632747035,2.687835669252526,4.170873392468351,-0.9901111158822024,0.08170742633920844,8.238279702155017,11.08616967823061,4486.5,Critical
B0048,72,72,0,1.2231273969878986,0.8160045180122599,4.0,3.406745720524415,2.690437364566134,4.170920111392399,-0.9865545525457216,0.10032406710115392,8.219372551773532,10.751912617606896,4450.625,Critical
B0049,1,25,24,0.8583727215167135,0.6252477602213317,4.0,3.053366988981642,1.992540128455469,3.8462292855248927,-1.9911008133050878,0.209782159601008,13.052857746525287,16.380725919820748,1713.235,Healthy
B0049,2,25,23,1.4209057149417377,1.0350027365538932,4.0,3.2129415422375103,1.9882559316714203,4.162219408853582,-1.83826156002667,0.5663341193082031,12.628005551626734,20.824132297943244,3170.984,Healthy
B0049,3,25,22,1.372852133389263,1.0,4.0,3.184979657873478,1.999572792895172,4.191097729318615,-1.9024015568068964,0.45817679047669496,12.625179528928726,22.127142494646403,3135.344,Healthy
B0049,4,25,21,1.3643742487429145,0.993824619243284,4.0,3.3418301077163903,1.9713959702644483,4.191581344098992,-1.7343383193976387,0.6956761483585698,11.462796138822771,17.45530915998414,3049.781,Healthy
B0049,5,25,20,2.378643730568756,1.7326292269338723,4.0,3.2625681004485227,1.9735165526751877,4.462470916200919,-2.0045868396237765,0.13170835988651053,14.669814873687034,20.096309819317955,4565.859,Healthy
B0049,6,25,19,1.0605357965671216,0.7725054802143166,4.0,3.4447754613409876,1.9779063196102415,4.176096603328684,-0.8640775471976619,0.9962696804559763,10.159724053383584,20.530529696550808,5428.594,Healthy
B0049,7,25,18,1.0069932376659496,0.733504514561164,4.0,3.2264301040985295,1.999505796022011,4.192152439213644,-1.6316825774505053,0.7898938311100923,12.747809437833528,19.605507267281187,2646.797,Healthy
B0049,8,25,17,0.9298775334359536,0.6773326207683381,4.0,3.226587700876868,1.9998676881173485,4.19193811929599,-1.5413805979962574,0.8536484633896111,12.859387226194555,21.578292345131203,2705.594,Healthy
B0049,9,25,16,0.9232377029483808,0.6724960980824022,4.0,3.2214892828227866,1.9942412611094629,4.191932999195206,-1.5480032557315486,0.8494501087530163,12.77865014417398,21.333411676684342,2627.828,Healthy
B0049,10,25,15,0.9053279121173716,0.659450417199936,4.0,3.3410764354812947,1.9887929829692836,4.190969695803424,-1.2679865452905723,0.97281254383877,11.60077882051404,18.65094643921925,2981.312,Healthy
B0049,11,25,14,0.8595848360639872,0.6261306772651951,4.0,3.064645703434,1.99394963168183,4.171684324757671,-1.9918699549524492,0.2041285316513315,12.462166006182779,21.206691637037263,1941.797,Healthy
B0049,12,25,13,0.8369614294820705,0.6096515488640435,4.0,3.2359600944959555,1.997025505884536,4.190637849743496,-1.4315359583206417,0.9134155945717654,12.68524460660397,21.329570135453707,2663.625,Healthy
B0049,13,25,12,0.8456824187653132,0.6160040096070024,4.0,3.306834813693079,1.990570708799589,4.1898267739177975,-1.282717511127997,0.9687343134302495,12.070917134385256,18.615958800969327,2862.25,Warning
B0049,14,25,11,0.8071214007577537,0.5879157566409957,4.0,3.027048731210282,1.9874243707218109,4.190571685709423,-1.99132682330145,0.2084488093987708,12.931744232686027,22.131760657764843,1894.485,Warning
B0049,15,25,10,0.7820744360746734,0.5696712829107878,4.0,3.0458944536011447,1.989251737206632,4.18826381558764,-1.9900791687971107,0.2137311034506927,12.53100572898693,21.0797561027406,1799.25,Warning
B0049,16,25,9,0.7953019444133349,0.5793063397511816,4.0,3.0556096413337333,1.9868911872895965,4.162762870031206,-1.9889148395636458,0.21807178508889544,12.33551372934191,19.66472404691272,1741.204,Warning
B0049,17,25,8,0.0,0.0,4.0,3.6333215332721274,3.45435043151442,4.19011964495105,-1.8455690193556897,0.5678582026175583,7.437341180783139,8.914965140326935,236.156,Warning
B0049,18,25,7,0.7752051154719997,0.5646675972001389,4.0,2.9848405470772863,1.996058976050717,4.1692630784027385,-1.9909739596230231,0.21021435715216646,13.187367445445181,22.347809168975328,1899.218,Warning
B0049,19,25,6,0.7711865903845158,0.5617404610652639,4.0,3.216101228170252,1.9811242583835047,4.186817701935873,-1.4760043090484107,0.8918542091115955,12.73854385905339,19.41196098209977,2305.25,Warning
B0049,20,25,5,0.7585098914517947,0.5525066196162033,4.0,3.0487042882213067,1.991234767471124,4.188353148421002,-1.9881249898325228,0.22350078467313178,12.43174282130699,19.074608803884857,1690.594,Critical
B0049,21,25,4,0.7349386490499009,0.5353370775886132,4.0,2.97408172255637,1.992352748796434,4.161361064351189,-1.9893873144726053,0.21691801569849223,13.382353818734753,22.607671167433093,1800.421,Critical
B0049,22,25,3,0.7366758033690756,0.5366024391500844,4.0,3.0444695632884358,1.9960897948919885,4.186507738215053,-1.9869251503871834,0.22881591259300357,12.300881528020009,19.003281636478988,1633.25,Critical
B0049,23,25,2,0.7093946599203638,0.5167305659998707,4.0,2.977231196667954,1.9999963944412724,4.188359485457034,-1.9884870151283096,0.22210301492241585,13.146013541941878,22.10154579807187,1737.172,Critical
B0049,24,25,1,0.7186465009220309,0.5234697047436961,4.0,3.0221149151314726,1.9911540027307004,4.185414346041184,-1.9864544147288472,0.23069950113065515,12.419820365387574,19.702963463668752,1614.406,Critical
B0049,25,25,0,0.6913885231046639,0.5036147056841302,4.0,2.9634989615749228,1.9924291348754952,4.187572397568079,-1.9877745412866725,0.22461759639272516,13.214727037699832,22.293655276575564,1708.86,Critical
B0050,1,25,24,0.8631448527758341,0.5562373117455601,4.0,3.058057702902254,2.1766233079901336,3.818275498868238,-1.9678823415208642,0.2948439346361529,14.106047002561935,17.700710235479104,1713.235,Healthy
B0050,2,25,23,1.648789607776492,1.06253115698275,4.0,3.249035054994234,2.17499719337362,4.158856235580694,-2.000046726807743,0.15525045888682076,12.882473241826203,19.05864532227174,3170.984,Healthy
B0050,3,25,22,1.601636485397804,1.0321442225673019,4.0,3.276984379936998,2.1911951483218752,4.183088539012577,-2.0001495312287836,0.15670614531485097,12.442013542177062,20.111233999456417,3135.344,Healthy
B0050,4,25,21,1.5517564797427017,1.0,4.0,3.2890741542906974,2.1942759978640183,4.1834218050176215,-1.999381685199029,0.159216386502034,12.067451252934292,20.278735817853075,3049.781,Healthy
B0050,5,25,20,0.0325584171083419,0.02098165371524045,4.0,4.452558225780352,0.3492816607816715,4.535649473663294,-0.029284266758646496,0.2269356321874596,5.787557091529866,6.935918101259972,4565.859,Healthy
B0050,6,25,19,2.6401491157387014,1.7013939688374733,4.0,3.3355734950869853,2.178400890970668,4.542426686314755,-2.0055567331475808,0.12129292720478951,15.239769089136006,24.96276210259813,5428.594,Healthy
B0050,7,25,18,1.359027658891632,0.8757995707657517,4.0,3.2573285012561177,2.1918281570306326,4.180885798287954,-1.9976916428210447,0.1731001000386336,12.391726056611569,19.265522316221983,2646.797,Healthy
B0050,8,25,17,1.3742172692238257,0.8855882267375395,4.0,3.2495783074004967,2.1945981119604814,4.184295530413868,-1.9978786539081472,0.17185737943951016,12.491970904185653,18.66332781758057,2705.594,Healthy
B0050,9,25,16,1.3528030430821978,0.8717882352948237,4.0,3.267575856775779,2.1871747097810523,4.186758460479898,-1.9973459914842018,0.17473385774998407,12.223956310303723,19.24741197475352,2627.828,Healthy
B0050,10,25,15,1.3607406193458431,0.8769034556063003,4.0,3.1510598793508446,2.1918823058659096,4.185256536983114,-1.9987818593787239,0.16465514450080698,13.386384235573518,22.784422727870645,2981.312,Healthy
B0050,11,25,14,0.5268786924650971,0.33953696945570955,4.0,3.5669768532640593,0.3203299638987588,4.160830604206153,-0.981190437842449,1.007283061398303,9.39503756076183,13.887369323051947,1941.797,Healthy
B0050,12,25,13,1.4002714246164416,0.9023783324872096,4.0,3.252056715450036,2.184263094213456,4.184284380356375,-1.9975116671519328,0.17511566364235887,12.718196082251707,17.779357290699473,2663.625,Healthy
B0050,13,25,12,1.4289274755270829,0.9208451804009962,4.0,3.0874838435029104,2.1762467490120763,4.184699738172036,-1.9977018363826191,0.16929317981683586,14.939082954475598,22.23552363801744,2862.25,Warning
B0050,14,25,11,0.076583541740148,0.049352809374346156,4.0,3.527243039562959,2.1381406475642324,3.691318669736286,-0.19770943010321265,0.5960556941707942,7.209330122235992,10.434223507755965,1894.485,Warning
B0050,15,25,10,0.5736933387569048,0.36970577938365007,4.0,3.2035526569134523,2.1260336204243564,3.795648723658772,-1.2349850771455337,0.980556242813018,12.119721382650447,18.15521296792552,1799.25,Warning
B0050,16,25,9,0.3014742035427856,0.19427932634943682,4.0,3.4168857432287325,2.186548090086204,3.757656239642927,-0.6917680676449822,0.9561814848548518,9.057556338502183,14.027851994614435,1741.204,Warning
B0050,17,25,8,0.0,0.0,4.0,3.322716204974352,3.2123720225635264,3.757429844123109,-1.8435138843844037,0.5674277257544058,7.604996558081503,9.290927916610505,236.156,Warning
B0050,18,25,7,0.1795654263232146,0.11571752956558526,4.0,3.290574483611846,0.1970552492968445,4.171560623651518,-0.34492441297103527,0.7574739044829238,7.204792493597744,9.918067818733402,1899.218,Warning
B0050,19,25,6,1.179168781562907,0.7598929322714516,4.0,3.210764993027875,0.1927377074618698,4.062962069472706,-1.9854902626239654,0.23335231016662136,12.058448732368104,19.262784970646152,2305.25,Warning
B0050,20,25,5,0.0961913170505672,0.06198866787816912,4.0,3.520738945664213,2.1295104990476927,3.705386395014377,-0.28958023501338087,0.7040114083871492,7.604057088612014,10.698614481562748,1690.594,Critical
B0050,21,25,4,0.2780851770910449,0.17920671234261867,4.0,3.3510986530307876,2.199179035422044,3.763545734911403,-0.7305332698154489,0.9678644927019485,10.185710952125977,15.425941131175092,1800.421,Critical
B0050,22,25,3,0.2780851770910449,0.17920671234261867,4.0,3.40018711839692,0.4130567628886104,3.818979027069523,-0.0026691029202024863,0.0013524176415678608,5.65936924570859,6.6283285313681,1633.25,Critical
B0050,23,25,2,0.2780851770910449,0.17920671234261867,4.0,0.2966779489160762,0.2699084666247476,0.3599544547321904,-0.00020481609959401283,0.0008524570170871184,5.884714514591004,6.566309956548845,1737.172,Critical
B0050,24,25,1,0.2780851770910449,0.17920671234261867,4.0,0.24197773151733176,0.2339836210065135,0.2492950753551196,-0.0003686155594945728,0.0008691612377571372,5.647486022663556,6.606324237240683,1614.406,Critical
B0050,25,25,0,0.2780851770910449,0.17920671234261867,4.0,0.23472276332269082,0.2259955398929921,0.2459800772270432,-0.00033508989988052226,0.0009325230018776903,5.894264423762076,6.577509402056284,1708.86,Critical
B0051,1,25,24,0.6434735598158292,0.5236200568473035,4.0,3.1549295868000704,2.469359676853076,3.8000325140227753,-1.4446529772433485,0.8871946410371061,13.521306814955082,17.933039751399626,1713.235,Healthy
B0051,2,25,23,1.293180461998278,1.0523124325716908,4.0,3.3515013948204975,2.494398109831089,4.166332642660912,-1.542691727192151,0.8290963390184855,12.329416092737752,17.97953483271074,3170.984,Healthy
B0051,3,25,22,1.2288940261191657,1.0,4.0,3.4103353813308237,2.493737690186406,4.197817181186768,-1.4746378269373634,0.8706193507620527,11.786163300295161,16.976273689395825,3135.344,Healthy
B0051,4,25,21,1.2039031789717949,0.979663952614131,4.0,3.399036037954353,2.484825203522635,4.201090648817504,-1.5006800020025486,0.8556237034294888,11.79177216318508,18.15291521418941,3049.781,Healthy
B0051,5,25,20,2.330873478782131,1.8967245582135384,4.0,3.35046347393405,2.481006838176381,4.4605398643795535,-1.896821592318448,0.4130390989267412,14.855344209164883,20.74350641722436,4565.859,Healthy
B0051,6,25,19,1.0092808819126011,0.8212920402094389,4.0,3.5507869816186806,2.4989144012367213,4.183564695802171,-0.7374819898351749,0.9592830763634587,9.407360590589006,19.42896460124537,5428.594,Healthy
B0051,7,25,18,0.9565659895125322,0.7783958333114838,4.0,3.3747303939191564,2.4909800416005967,4.201222601303239,-1.4120917458916038,0.9025916289111331,12.00427347710193,18.9541455757646,2646.797,Healthy
B0051,8,25,17,0.901956291365404,0.7339577475315527,4.0,3.4288897043375743,2.494677278512384,4.202406487867388,-1.2823219733883886,0.9519496591633624,11.420322251577586,17.468709072861763,2705.594,Healthy
B0051,9,25,16,0.8897906666138162,0.7240580942717785,4.0,3.391239374171384,2.4990630530936326,4.204413406598424,-1.3407891208749412,0.9323909539308037,11.80356781146328,19.153660408464766,2627.828,Healthy
B0051,10,25,15,0.8830717036634559,0.7185906065897212,4.0,3.458540277576628,2.49110131411956,4.203308441652878,-1.1389566244625628,0.9837323681459692,10.939133221658826,16.52477794467856,2981.312,Healthy
B0051,11,25,14,0.8431270354481757,0.6860860395837076,4.0,3.331880238029603,2.487899627353052,4.187936112831865,-1.6577316261962292,0.7409913147912969,11.883224057630693,17.11375752268931,1941.797,Healthy
B0051,12,25,13,0.826559103449663,0.6726040536301799,4.0,3.4455112582421257,2.4928843010694406,4.204131585576503,-1.2024628091563312,0.9726759550232803,11.104558398908889,17.63739523383682,2663.625,Healthy
B0051,13,25,12,0.8352681546837963,0.6796909553882073,4.0,3.4313160640623783,2.4993609910440835,4.20261624712583,-1.168347837338951,0.979026602408542,11.406827135294929,18.52236923892433,2862.25,Warning
B0051,14,25,11,0.8025719464987874,0.6530847489211914,4.0,3.3091927488307733,2.498094046924129,4.204441713018145,-1.665118160522683,0.7344430215781391,12.198436592525173,18.39923327528304,1894.485,Warning
B0051,15,25,10,0.7839218784699513,0.637908445975255,4.0,3.321646649287508,2.495501924298458,4.205629455017258,-1.6832381832629877,0.718286704091553,11.825318185585296,17.275372082939334,1799.25,Warning
B0051,16,25,9,0.7910763493036002,0.6437303237625875,4.0,3.2949705809839465,2.490477437469913,4.18869211223692,-1.7405566859787576,0.6574060680074947,11.835979280716879,16.60444518809659,1741.204,Warning
B0051,17,25,8,0.0,0.0,4.0,3.7129537186963533,3.546618065659587,4.197410333228745,-1.8228736152324203,0.5607983383730071,7.054471734319081,8.422696645654868,236.156,Warning
B0051,18,25,7,0.7654538269480236,0.6228802571083518,4.0,3.3300145239416707,2.491598912047876,4.1821997161959255,-1.5726949110278066,0.8100562758744125,12.009985166510232,17.682518901037938,1899.218,Warning
B0051,19,25,6,0.773177347633947,0.6291651934183722,4.0,3.391911995963896,2.4869071541416994,4.194584498935661,-1.314248973317158,0.9422355995659047,11.689546036688197,16.94512387438401,2305.25,Warning
B0051,20,25,5,0.7605293776416485,0.6188730366306623,4.0,3.267971796503206,2.499952602276462,4.197406401996851,-1.7652832229320168,0.6280721978068254,11.987366110206718,17.545176388637014,1690.594,Critical
B0051,21,25,4,0.7376430319247004,0.6002495058537873,4.0,3.2933938275360117,2.4997210982004625,4.189508964301152,-1.639295567416511,0.7580772043328375,12.368454802055908,18.870237090882178,1800.421,Critical
B0051,22,25,3,0.739179500257907,0.601499791314169,4.0,3.271485849685164,2.491516785323916,4.19596724295681,-1.755416228780336,0.6403728290752935,11.81014948809308,16.8501327260127,1633.25,Critical
B0051,23,25,2,0.7014575429842594,0.5708039327031762,4.0,3.30778530525047,2.496222014851971,4.190531975284901,-1.6005657555126516,0.7913306114436407,12.09457421285805,18.12397455517185,1737.172,Critical
B0051,24,25,1,0.7047349480541781,0.5734708877052024,4.0,3.2841455177779646,2.488325882818304,4.178476681914968,-1.688137636758635,0.7160343750219632,11.79702749942571,16.26047891418261,1614.406,Critical
B0051,25,25,0,0.677848893570423,0.5515926346481337,4.0,3.3119152698386265,2.495715251425015,4.1919700049548565,-1.5784322210682304,0.8081061551207243,12.079392114792578,18.15350870977148,1708.86,Critical
B0052,1,25,24,0.8606591508342232,0.6323082763279742,4.0,3.134533959399899,2.691234036028442,3.83956882325682,-1.8085460674911937,0.5805209549917427,13.147685384792432,16.429874854641657,1713.235,Healthy
B0052,2,25,23,1.4183095114360322,1.0420023322896483,4.0,3.3543285492513166,2.694829986819334,4.150553672824585,-1.6188443277128228,0.7800630381905694,11.746281905613133,16.315701424377302,3170.984,Healthy
B0052,3,25,22,1.3707123028693164,1.0070336587123425,4.0,3.3958185323324503,2.6969580006046856,4.176524869238658,-1.5816653430049945,0.8086278356428309,11.375626826625542,15.689005573106092,3135.344,Healthy
B0052,4,25,21,1.3515647352626494,0.9929663412876574,4.0,3.3984180977394076,2.697283446718984,4.178983136527925,-1.6050658905122477,0.7911162103179333,11.242586382966397,14.97127576364998,3049.781,Healthy
B0052,5,25,20,1.3515647352626494,0.9929663412876574,4.0,0.2368976601225322,0.2268252104332805,0.2409705720685858,0.0009519931365801516,0.0011586729183949264,5.5591158087032575,6.581808344024416,4565.859,Healthy
B0052,6,25,19,1.3515647352626494,0.9929663412876574,4.0,0.33891988449688537,0.3259144093812141,0.4013740814936729,0.0016060669911138155,0.0012651860687160103,5.817834945150515,6.737694429645351,5428.594,Healthy
B0052,7,25,18,1.3515647352626494,0.9929663412876574,4.0,0.3234807888442701,0.3222221275291471,0.3247660042446946,0.0016235355548411526,0.0010937563212955646,5.782840820033069,6.627599429348354,2646.797,Healthy
B0052,8,25,17,1.3515647352626494,0.9929663412876574,4.0,0.32390294292207045,0.3218827423030691,0.3249405523148152,0.0017009736020435749,0.0011399980921681938,5.813684831217029,6.583040639790345,2705.594,Healthy
B0052,9,25,16,1.3515647352626494,0.9929663412876574,4.0,0.324473351966894,0.3232168838079549,0.325615660720445,0.0016835484501731995,0.0012740502091093957,5.767637628902302,6.6517285530931165,2627.828,Healthy
B0052,10,25,15,1.3515647352626494,0.9929663412876574,4.0,0.32466187572394384,0.3230251103407697,0.3259509224348625,0.0017691848194600886,0.0012578118809912246,5.786917078715292,6.598762794223108,2981.312,Healthy
B0052,11,25,14,1.3515647352626494,0.9929663412876574,4.0,0.35320476265266726,0.3432939472815726,0.3955571188397784,0.0011016079679528154,0.0013192494167307066,5.683693761052382,6.621977237527879,1941.797,Healthy
B0052,12,25,13,1.3515647352626494,0.9929663412876574,4.0,0.3233612009000584,0.3211377350306882,0.3274744903526401,0.0017674388415942954,0.0011678749368807758,5.727340157746257,6.646274566862874,2663.625,Healthy
B0052,13,25,12,1.3515647352626494,0.9929663412876574,4.0,0.32391593370497757,0.3217376539313532,0.326717874874792,0.0018028458478069618,0.0011217748725011272,5.9003989237563355,6.672403840084891,2862.25,Warning
B0052,14,25,11,1.3515647352626494,0.9929663412876574,4.0,0.32524374198582356,0.3234955258719347,0.3273918513110536,0.0009999293403992497,0.001092658490900752,5.883705249180587,6.586040670084572,1894.485,Warning
B0052,15,25,10,1.3515647352626494,0.9929663412876574,4.0,0.3257026258942197,0.3237199275721395,0.3279186387508218,0.0012246272453871165,0.0012201221520952946,5.705300542411731,6.6242080981673,1799.25,Warning
B0052,16,25,9,1.3515647352626494,0.9929663412876574,4.0,0.4073647899207004,0.3810248926630337,0.5149253197410989,0.0009738784326757785,0.0010800156497184946,5.659816925973588,6.59530928801328,1741.204,Warning
B0052,17,25,8,1.3515647352626494,0.9929663412876574,4.0,0.32959119818339044,0.3288279450149741,0.3304422255855551,0.0014850775059943209,0.001225673823113758,6.161148563000329,6.28820769613908,236.156,Warning
B0052,18,25,7,1.3515647352626494,0.9929663412876574,4.0,0.3234524095139687,0.3194939610849327,0.3268780977694632,0.0010125446676860893,0.0014396042482438909,5.75534290155213,6.582054970348843,1899.218,Warning
B0052,19,25,6,1.3515647352626494,0.9929663412876574,4.0,0.32192337326959014,0.3184212338752171,0.3285254196383198,0.001455608496379549,0.0013227326520516137,5.773897577009191,6.588698518838487,2305.25,Warning
B0052,20,25,5,1.3515647352626494,0.9929663412876574,4.0,0.32179114268680864,0.3170418237707028,0.3283222855989348,0.0007146315354781885,0.0013370078086550486,5.7051337493509084,6.60717530952573,1690.594,Critical
B0052,21,25,4,1.3515647352626494,0.9929663412876574,4.0,0.4906874413217856,0.4493991260435427,0.7680244991448124,0.000636095351331942,0.0013016204882287754,5.961640391926228,6.61496479869181,1800.421,Critical
B0052,22,25,3,1.3515647352626494,0.9929663412876574,4.0,0.32496324886560674,0.3178791442491548,0.3361141058865468,0.0007483565391353194,0.0009643464497271857,5.640355163569891,6.6145133816337776,1633.25,Critical
B0052,23,25,2,1.3515647352626494,0.9929663412876574,4.0,0.3200749504297926,0.3153630335182592,0.3261771649155523,0.0009327810681929694,0.0012316966796667539,5.878312867355149,6.546796095221561,1737.172,Critical
B0052,24,25,1,1.3515647352626494,0.9929663412876574,4.0,0.322777572934972,0.3154931438300191,0.3312920115805132,0.0008479125301492228,0.0011849627950834118,5.623840641053641,6.595730103984381,1614.406,Critical
B0052,25,25,0,1.3515647352626494,0.9929663412876574,4.0,0.3208764063278491,0.3153986271768572,0.3284411359130549,0.001057265579079541,0.0016148368114099006,5.882304744716434,6.555064601703525,1708.86,Critical
B0053,1,56,55,1.06914178861943,0.9456524529500228,4.0,3.0828389099409663,1.9808329057464715,4.082016063841389,-1.993560711727946,0.19338064792757956,11.988576567861957,19.02185891684059,2349.64,Healthy
B0053,2,56,54,1.1540727934432229,1.020773651932283,4.0,3.1103286425468237,1.9735558560671436,4.178658528567033,-1.9952648424142538,0.18602186992639902,12.059863244911188,18.304754041202315,2560.688,Healthy
B0053,3,56,53,1.1501525413826983,1.0173062016682686,4.0,3.1104628288221936,1.9558143264177168,4.192255020207044,-1.9952720113784062,0.18768060468054357,11.967885395858058,19.33942752368694,2522.375,Healthy
B0053,4,56,52,1.1305863853936766,1.0,4.0,3.115027942360279,1.99748310559266,4.192588912486402,-1.9947394897780593,0.1892635115635341,11.985900972885712,18.729143210051177,2488.719,Healthy
B0053,5,56,51,1.121790272357562,0.9922198664783568,4.0,3.109376043532363,1.974695202836088,4.192849949462827,-1.994716528121975,0.19006644963827024,12.004376962205335,18.709411575172343,2474.844,Healthy
B0053,6,56,50,1.1135982401443856,0.9849740404901695,4.0,3.1067532264566258,1.9637397944562875,4.193081087954604,-1.994462268339957,0.19045736265642232,12.133888437168595,18.63570596513145,2473.875,Healthy
B0053,7,56,49,1.0864654057095062,0.9609751362176476,4.0,3.083406677687234,1.944364958852849,4.179165887700054,-1.9944377413009737,0.19005420422747446,12.32708937826574,21.292305794774187,2495.5,Healthy
B0053,8,56,48,1.0647493568993147,0.9417673613047824,4.0,3.080580001769896,1.9470490842081751,4.191975122366585,-1.9945357941517972,0.19086257123282882,12.164497494980397,21.01159959420005,2481.078,Healthy
B0053,9,56,47,1.0809288094959644,0.9560780347797827,4.0,3.0828198149689934,1.9602813323957715,4.191963518196991,-1.9942887474626396,0.1922234816735491,12.128732336863894,20.939938897683515,2460.125,Healthy
B0053,10,56,46,1.0852752041846463,0.9599224068196676,4.0,3.095128536447283,1.9605995541160255,4.192155796080977,-1.99423279352749,0.19301585264484145,12.245191547318633,19.28383683899809,2440.547,Healthy
B0053,11,56,45,1.0504799933740894,0.9291461554335861,4.0,3.078011917190656,1.9595048550370973,4.192319942921637,-1.9941297761315324,0.1929938950047384,12.190916714981144,21.101391697483887,2449.922,Healthy
B0053,12,56,44,1.0853550177054303,0.9599930016205737,4.0,3.0992512260717127,1.984585820237712,4.178294459840927,-1.993681474074749,0.19482046495510183,12.163073942837917,18.64340722345076,2408.781,Healthy
B0053,13,56,43,1.0508395690790722,0.9294641989812781,4.0,3.0759964813859115,1.944670916271544,4.192753069603226,-1.994006147873811,0.1940151830816296,12.292542702117027,21.313677971413888,2442.547,Healthy
B0053,14,56,42,1.060906788333118,0.938368621840165,4.0,3.076814828498021,1.9692766515934297,4.192029518756707,-1.9936703356758645,0.19538687045283698,12.129527968970198,20.92811979857166,2420.671,Healthy
B0053,15,56,41,1.070582461063814,0.9469267230659522,4.0,3.0908348956433267,1.991566826677512,4.192422731350341,-1.993640914837378,0.19575656761378687,12.364595355360214,19.930786955410536,2409.906,Healthy
B0053,16,56,40,1.024036665663697,0.9057571176280542,4.0,3.0705536079059534,1.9588680902433293,4.192159667005352,-1.9937041845656749,0.19628399914014905,12.128324396717016,21.0220574646762,2416.672,Healthy
B0053,17,56,39,1.0670957253433857,0.9438427166021612,4.0,3.087460321440554,1.9836880271317603,4.177933640317498,-1.9931353663259233,0.19708892835702674,12.302129277138697,19.091622529647232,2395.75,Healthy
B0053,18,56,38,1.0279237850447498,0.9091952621442729,4.0,3.0715434654202056,1.968810244689163,4.192397472111982,-1.9931266937645042,0.19672666025429145,12.366585260617875,21.30570494347084,2410.688,Healthy
B0053,19,56,37,1.0325426399701008,0.9132806243819781,4.0,3.0648787393041275,1.940239319338743,4.191651190035001,-1.9933351618651365,0.19756062310628536,12.13341884254367,21.06885524244432,2402.125,Healthy
B0053,20,56,36,1.055948784653705,0.9339832836267683,4.0,3.0920593287919123,1.9763616179319543,4.191822005194803,-1.992634824405149,0.19961982970475367,12.146814956196247,19.0403826843671,2355.265,Healthy
B0053,21,56,35,1.0445313831308718,0.9238846289194965,4.0,3.0752264215555254,1.958878972318411,4.192766032434195,-1.9928701313578603,0.19827870377815748,12.493460218119653,21.22988294194384,2396.719,Healthy
B0053,22,56,34,1.035313906812183,0.9157318009376885,4.0,3.063652287832334,1.9866817453254884,4.151701089360854,-1.9928226279037262,0.19675044550132662,12.212439916474112,20.949809700571592,2442.344,Healthy
B0053,23,56,33,1.076341053101982,0.9520201790924573,4.0,3.081738329329653,1.960538225019884,4.177926260298856,-1.992894098916617,0.1967288925450701,12.533800131697806,20.122996890408825,2444.703,Healthy
B0053,24,56,32,1.0352223140423542,0.9156507874291127,4.0,3.0712653565298207,1.9904175883780109,4.19142646613203,-1.992442672698046,0.2004792600707915,12.15752125414067,20.906313087706064,2412.25,Healthy
B0053,25,56,31,1.0514287056908256,0.929985288408291,4.0,3.0775076513338275,1.9817745728975944,4.191965715839513,-1.9925886065719591,0.19923712932260432,12.500489505201012,21.20076254299653,2403.234,Healthy
B0053,26,56,30,1.060332934638968,0.9378610501043263,4.0,3.081721091323029,1.9986378497920827,4.19127356264746,-1.9921660756338,0.20113701641521453,12.129752391274424,20.01669492389786,2361.047,Healthy
B0053,27,56,29,1.0236966462748538,0.9054563715787156,4.0,3.065618110074437,1.9475532037509715,4.192474641560636,-1.992579022263777,0.2001693086623403,12.4375808996521,21.30088854975241,2392.468,Healthy
B0053,28,56,28,1.0465884668750889,0.9257041128358015,4.0,3.078450046499129,1.9971786671898824,4.17716731983324,-1.9922556312887356,0.20104994659883613,12.499986997045514,19.859103950325803,2373.89,Warning
B0053,29,56,27,1.0031121684812232,0.8872494675689322,4.0,3.0625561806089783,1.954304860794578,4.191922035679278,-1.9924849523302153,0.2012573800055707,12.407329307373491,21.371062787995548,2383.234,Warning
B0053,30,56,26,1.0461578935615607,0.9253232721330557,4.0,3.070668465167841,1.972812167862101,4.1914917424018325,-1.991918687181604,0.20306525042617932,12.12683073125857,20.121473725568496,2342.453,Warning
B0053,31,56,25,1.0156263513525603,0.8983182218304472,4.0,3.0689252222547845,1.9932654775438805,4.192505197154108,-1.9920764243229472,0.2028276337414781,12.488226976946088,21.375504791399432,2359.296,Warning
B0053,32,56,24,1.0250054893129452,0.9066140390112981,4.0,3.059463155886766,1.9677305370734943,4.191388693209469,-1.9916033205160302,0.20371991345042284,12.141455926320956,20.75519907919811,2345.453,Warning
B0053,33,56,23,0.9801331625592912,0.8669246111768835,4.0,3.0515604930870808,1.9646771872417268,4.176817913788527,-1.9918811626801765,0.2032736779194414,12.395143910298117,21.495108529574846,2360.172,Warning
B0053,34,56,22,1.036777776420363,0.9170265888699438,4.0,3.077258112412092,1.9842967959422224,4.191203897341503,-1.991620909948196,0.20533986227434123,12.19451958922961,19.650976156235696,2315.407,Warning
B0053,35,56,21,1.026830062058722,0.9082278677017449,4.0,3.0764274410465147,1.9519786488395736,4.191950279497998,-1.991691964766,0.20528347917321588,12.32467046038635,18.85601423191303,2322.156,Warning
B0053,36,56,20,1.0150379662805102,0.8977977971378704,4.0,3.0735171627901745,1.9991200294367053,4.191989330112193,-1.9916164333598747,0.20536881325440853,12.456556362135045,19.66943680638515,2327.1570000000065,Warning
B0053,37,56,19,0.9904614739486176,0.8760599691846929,4.0,3.0586262243104274,1.9919158008530224,4.192193889063254,-1.9915769869135742,0.2053054859121366,12.493233578273262,21.138845685984403,2335.0,Warning
B0053,38,56,18,1.0145765174582757,0.897389647147568,4.0,3.0655406838342585,1.94559141180858,4.176984220978375,-1.9913283590219126,0.2059426808065725,12.497083720348076,19.288047919779903,2329.375,Warning
B0053,39,56,17,0.9811308944080388,0.8678071017690554,4.0,3.0545790418645686,1.974560984027517,4.191893131054369,-1.991453914785753,0.20575569642663444,12.499664099435382,21.3268013324968,2333.875,Warning
B0053,40,56,16,1.0041687429386437,0.888184004258097,4.0,3.050692756091621,1.945088917895143,4.191053526742021,-1.991333341091594,0.206925459854018,12.233147481743185,20.84260661100648,2317.453,Warning
B0053,41,56,15,1.007820487960787,0.8914139609153866,4.0,3.0706836502741286,1.9541644750198832,4.191344296215671,-1.9909759973896202,0.20819601071326527,12.380002749755878,18.56010936417985,2295.109,Warning
B0053,42,56,14,0.982454133084564,0.8689775020972571,4.0,3.051595420919736,1.935548354335742,4.1920711169862885,-1.9908720980814456,0.20920349872202085,12.616251645969692,21.59240098021019,2326.657,Warning
B0053,43,56,13,1.1096775355538029,0.9815061899647826,4.0,3.072187965091245,1.981406351768184,4.132408076306833,-1.9918802848881905,0.2006615034646108,12.829588969895449,20.679962323191948,2479.297,Warning
B0053,44,56,12,1.1136801589914762,0.9850464974453822,4.0,3.094404341842919,1.9931418060709156,4.175775307137671,-1.9920173318720953,0.20166866919527887,12.58985421750493,18.9874805225948,2463.578,Warning
B0053,45,56,11,1.0385009100572404,0.9185506949967636,4.0,3.070776135685358,1.947894370100842,4.19084164853627,-1.9921854505345817,0.20233091404292286,12.499581621225966,21.621996984314368,2458.812,Critical
B0053,46,56,10,1.0768815902180078,0.9524982824227372,4.0,3.093317588803282,1.9856387948209864,4.19061444729718,-1.9915614937804331,0.2046884061335546,12.55044884575378,18.973652680872625,2400.672,Critical
B0053,47,56,9,1.0721705505837382,0.9483313831082464,4.0,3.0749380759068083,1.949232767477218,4.191036582578031,-1.9913636586660957,0.2052463112572737,12.432369953422185,20.978900321002104,2396.407,Critical
B0053,48,56,8,1.0124588999851116,0.8955166213438592,4.0,3.0677280268889113,1.971670057823583,4.190677216614621,-1.9913026171829147,0.20577225549331263,12.51661002939304,21.79016577987201,2392.375,Critical
B0053,49,56,7,1.0279944857549583,0.9092577966937084,4.0,3.0638438118587557,1.9947630114629613,4.174970264553197,-1.990880837032101,0.20698217218750198,12.386978430486096,21.259687238039497,2373.687,Critical
B0053,50,56,6,1.0304147279049998,0.9113984930450082,4.0,3.069633671738992,1.93495405419616,4.191223425605613,-1.99127383323294,0.20644015427721674,12.86442209459833,22.11367611975276,2385.922,Critical
B0053,51,56,5,1.0556163273995052,0.9336892262610553,4.0,3.0774703956362286,1.9626921591466933,4.1907916530158085,-1.9908555652032598,0.20843964390714215,12.452887134609785,20.51266351352416,2345.0,Critical
B0053,52,56,4,1.0011115418162628,0.8854799197565696,4.0,3.065650898720959,1.965011869626919,4.191391388470691,-1.9910466332112344,0.20802009029088922,12.717167506079072,21.838243278861643,2363.047000000006,Critical
B0053,53,56,3,1.0466839215498662,0.9257885421868095,4.0,3.087680483774557,1.998288646492444,4.1908069648629,-1.9904913026405957,0.2102702203857749,12.479976931874727,19.19841243068418,2316.687,Critical
B0053,54,56,2,1.047181656018543,0.9262287867139921,4.0,3.080080108538352,1.987337089818558,4.176075101120923,-1.9901940926688606,0.21089436134371092,12.53086381740867,19.94793881732045,2322.0,Critical
B0053,55,56,1,1.0102740078425778,0.8935840913127524,4.0,3.0638130274525714,1.9333820178355812,4.1919833117809935,-1.9906079852392542,0.20912596101971317,12.900294389057347,22.11167709201849,2357.687,Critical
B0053,56,56,0,0.0,0.0,4.0,4.060790325607858,3.8013484699433535,4.190597056442859,-0.6718360254347512,1.1605150069896715,6.1647589612344875,6.582625875555882,23.0,Critical
B0054,1,103,102,0.7399351039859233,0.6751046518820241,4.0,3.224017445984581,2.1808531235872497,3.849482783980402,-1.1710330967045812,0.9924503367197394,12.46348139823978,19.2224107892251,2660.313,Healthy
B0054,2,103,101,1.1665440238116096,1.0643356327575648,4.0,3.250620648698839,2.1857283549042807,4.150169673638684,-1.6489958041029575,0.7742370118742744,13.22908734445715,19.13350840101625,2826.0,Healthy
B0054,3,103,100,1.1052521456138635,1.0084139284473015,4.0,3.3125509639490387,2.191704472328808,4.18097797086454,-1.5571513787964162,0.8421272465574603,12.767949622305693,19.246439328077983,2818.578,Healthy
B0054,4,103,99,1.0960302257185877,1.0,4.0,3.014547209987882,2.194436684364802,4.183817862511293,-1.997470366256859,0.16840940941240212,14.48548355867213,25.274344894624623,2713.812,Healthy
B0054,5,103,98,1.0754450685609742,0.9812184402632534,4.0,3.362083204238267,2.1744802077788186,4.179551945393369,-1.4975619564128648,0.8784096306209649,12.21069483610014,17.912726519981458,2786.578,Healthy
B0054,6,103,97,1.0655493528023796,0.9721897515223872,4.0,3.01935322902276,2.1991956579298835,4.186221002348923,-1.9970237894724439,0.17077894541729582,14.382852820878863,25.399130245059563,2667.89,Healthy
B0054,7,103,96,1.0568368579972396,0.9642406141713366,4.0,3.2949076790535123,2.195382286735059,4.162967318861197,-1.6640786232847222,0.7613798795068452,12.646539321462496,19.95849572800336,2530.172,Healthy
B0054,8,103,95,1.0449064445364842,0.953355500621723,4.0,3.099558518903638,2.186961493066742,4.186119302404479,-1.9715817292939632,0.28127212880799046,13.501798463127008,22.3455512044548,2446.062,Healthy
B0054,9,103,94,1.0458363976936966,0.954203974628544,4.0,3.344320754921095,2.1792899341144296,4.183685207894235,-1.5296202376253885,0.8597253805263284,12.310686417130766,18.346440665576743,2713.25,Healthy
B0054,10,103,93,1.018187920878015,0.9289779578938736,4.0,3.3393968492515325,2.1960491387884744,4.186682919177322,-1.5281296055710467,0.8606210370927185,12.449589157423155,19.776786565302107,2676.578,Healthy
B0054,11,103,92,1.0226409233672231,0.933040804323395,4.0,3.1066787302612444,2.1942476804372792,4.187137846103755,-1.9701082949463855,0.2864170849160639,13.39260571620204,22.520284175103843,2394.734,Healthy
B0054,12,103,91,1.03890961861509,0.9478840950156754,4.0,3.3713317734388912,2.1907481286563577,4.170757473231068,-1.5000378935218985,0.8769725934728457,12.045245019281868,17.54568061289479,2673.0,Healthy
B0054,13,103,90,1.0173250354350074,0.928190675369396,4.0,3.1171442968796907,2.185877354823723,4.18733783943504,-1.8653555811837863,0.5230171078765105,14.027143186292392,22.730114882559054,2619.578,Healthy
B0054,14,103,89,1.033183911994548,0.9426600542126146,4.0,3.3723181530355464,2.18549830376202,4.183271363053432,-1.5115018139952765,0.8707415383684125,11.986987916312621,17.24230903543893,2640.016,Healthy
B0054,15,103,88,1.0095232119739597,0.9210724196151511,4.0,3.3752367769573675,2.169486415611112,4.187176348907268,-1.497824274090196,0.8785135653595444,11.961246010798936,17.67282228813571,2621.187,Healthy
B0054,16,103,87,0.9862483259626476,0.8998367953913278,4.0,3.0680241783485127,2.1991609285274296,4.187497017349983,-1.9179494962272425,0.42483800280292205,14.303923037098802,24.83365687277193,2616.453,Healthy
B0054,17,103,86,1.0080048320000436,0.9196870746326068,4.0,3.080029423131606,2.16946894247905,4.167864162415893,-1.9314917930639428,0.3938476915316865,14.014570142346548,23.814869897999767,2565.109,Healthy
B0054,18,103,85,1.0153387761254196,0.9263784449555079,4.0,3.0995001166042586,2.189366386338004,4.182759232638332,-1.92048742497431,0.41934267683299126,13.82742179742786,23.28615802177016,2532.531,Healthy
B0054,19,103,84,1.0106786853355956,0.9221266545573291,4.0,3.135117188240346,2.1938108499397133,4.183401065560466,-1.849612166299431,0.5483581169455682,13.793181239419976,22.857688282463823,2556.593,Healthy
B0054,20,103,83,1.010409656585336,0.9218811971384124,4.0,3.361825569933971,2.195354018162212,4.174098618023754,-1.525824007413269,0.8622149926010138,12.006556818172502,17.0744400013979,2577.891,Healthy
B0054,21,103,82,0.9801433323963482,0.8942666994003192,4.0,3.069748420550782,2.1757051329882087,4.187244537540539,-1.9223708469458909,0.4153748421695483,14.223331420666247,25.034160636506623,2572.36,Healthy
B0054,22,103,81,1.1016641723624383,1.0051403205054468,4.0,3.0996476610968013,2.1816843710356264,4.149611746563943,-1.9101165488009806,0.44058168213450843,13.816713741617784,23.82931377080337,2697.75,Healthy
B0054,23,103,80,1.0826512239001271,0.9877932181936964,4.0,3.3276361450033405,2.1869057073992466,4.167185143906847,-1.6020144332363573,0.8111534395174257,12.297445133045807,18.148295901779747,2683.406,Healthy
B0054,24,103,79,1.0575008387868343,0.9648464193526302,4.0,3.0908876531781067,2.1798631989492883,4.186239596060815,-1.9236868575194104,0.41235822266588296,13.917709213674303,24.24050410772348,2646.156,Healthy
B0054,25,103,78,1.0385517331615322,0.9475575661981667,4.0,3.1255606087732573,2.1957368370641035,4.183562459488766,-1.8803961080701523,0.4975703584001488,13.738247646589583,22.93935470684112,2593.531,Healthy
B0054,26,103,77,1.0073294901291132,0.9190709037870559,4.0,3.0910099520509644,2.197272162359153,4.183469543197807,-1.905113543140002,0.45139127600031964,14.021036742212438,24.77112444800467,2604.125,Healthy
B0054,27,103,76,1.0160400308540347,0.9270182582673674,4.0,3.371121145966289,2.186991625035034,4.182803471091083,-1.5218810456368534,0.8646808411159785,11.909908874752377,17.39258920543283,2588.594,Healthy
B0054,28,103,75,1.0158319636440951,0.9268284211578998,4.0,3.3382772643772527,2.1839945875783817,4.177543051799468,-1.5596078514903517,0.8408270514721972,12.313622257322168,18.305747733025576,2579.203,Healthy
B0054,29,103,74,1.0015383803216271,0.9137871901890214,4.0,3.275227014636782,2.1974155139704856,4.18745666665725,-1.6471246950174097,0.776094857025625,12.835536006037291,19.849601783840107,2555.453,Healthy
B0054,30,103,73,0.981248861591824,0.8952753661045161,4.0,3.08264025202744,2.1944796571193828,4.187380122640154,-1.9257089452541614,0.40739889858262296,14.025334270032486,23.697887384213885,2525.609,Healthy
B0054,31,103,72,0.9987416030110134,0.911235456445748,4.0,3.3354691487943056,2.19582689132158,4.183314724424282,-1.5632544144584157,0.838519020489302,12.206393799822907,17.639370990163055,2536.172,Healthy
B0054,32,103,71,0.9584014230949642,0.8744297379815504,4.0,3.0695623236052407,2.180729125655269,4.187279483525102,-1.9167231691178084,0.42729928729426064,14.157912343382948,24.85575941323945,2536.204,Healthy
B0054,33,103,70,0.9800846133894624,0.8942131251415917,4.0,3.1084291827280213,2.198606902338691,4.168586129733135,-1.8791583665297855,0.49929579680846814,13.877029644763786,22.63357359621721,2488.86,Healthy
B0054,34,103,69,0.9720372198962766,0.8868708153180558,4.0,3.3581509225423294,2.178492152794792,4.183747098480424,-1.5204721015245712,0.8654820838472418,12.000734280236426,18.24210090664387,2518.547,Healthy
B0054,35,103,68,0.9693202807518412,0.8843919246080354,4.0,3.1056894645085027,2.1931605321338634,4.187523274109238,-1.8782588716032265,0.5012171076604856,13.961422230756657,23.459587106388877,2485.766,Healthy
B0054,36,103,67,0.9479786388506264,0.8649201605996818,4.0,3.076065545012625,2.1971158447610275,4.184269535257578,-1.89639216401358,0.46813894400434297,14.14108020855593,24.87318926454243,2506.718,Healthy
B0054,37,103,66,0.9638519569071228,0.8794027156278421,4.0,3.121042954980712,2.192446180613871,4.183868392040906,-1.8576897659318123,0.5355876933743066,13.857077682108361,22.57895105031832,2459.297,Healthy
B0054,38,103,65,0.9682336695484696,0.8834005183695266,4.0,3.330025768269621,2.1750045839249057,4.169539487587025,-1.5518869076190895,0.8458188171180612,12.299989669041157,18.155876160419844,2488.734,Healthy
B0054,39,103,64,0.9407020864603765,0.8582811535545256,4.0,3.067009596769174,2.1906356157422464,4.18749739820457,-1.9124622855946998,0.4362573331027361,14.212120623239777,24.745737558953422,2491.375,Healthy
B0054,40,103,63,0.9618442077038964,0.8775708781874924,4.0,3.224323331222822,2.1969226044699126,4.183674115350642,-1.7011264817066785,0.728104563755007,13.232401754114171,20.864500972462256,2467.328,Healthy
B0054,41,103,62,0.9332340144199704,0.8514674071220221,4.0,3.348287536831091,2.188259141429684,4.185924206625423,-1.5163049342863169,0.8681123502874847,12.098481296366476,18.59367691804772,2466.125,Healthy
B0054,42,103,61,0.9313454737145216,0.8497443335596934,4.0,3.0573024563037245,2.1682818867328626,4.187821519147336,-1.9284095076756849,0.4008327940844686,14.31610663580659,24.597212846034733,2459.312999999994,Healthy
B0054,43,103,60,0.9976429099116704,0.9102330268835316,4.0,3.076951013118892,2.187733999755357,4.145501189988608,-1.8954338677218163,0.4692184291646878,14.083550544682673,24.13178710047615,2559.125,Healthy
B0054,44,103,59,0.9833315262972036,0.8971755552202078,4.0,3.085795975435223,2.158914847324055,4.168037433999008,-1.9122439737900219,0.4362117900049837,14.07160712441505,23.612194914633054,2534.156,Healthy
B0054,45,103,58,0.9904370062777442,0.9036584786048089,4.0,3.3302769619097354,2.1913469960772693,4.182894970276525,-1.5658732171156964,0.8368280790928758,12.23792511997238,18.35582339692624,2521.985,Healthy
B0054,46,103,57,0.9499871340436294,0.8667526786688676,4.0,3.071754770434524,2.1887585386046826,4.187269403966888,-1.9198544645109012,0.42067480422586245,14.182674582038874,24.73342335069987,2503.172,Healthy
B0054,47,103,56,0.9526027840900876,0.8691391548673166,4.0,3.0794678744671966,2.198239401427243,4.183666770470569,-1.9091163760160397,0.4429207977262682,14.10332308130901,24.172566338551658,2474.344,Healthy
B0054,48,103,55,0.8850175175465715,0.8074754662594543,4.0,3.0669938746662084,2.1796805503092664,4.071079307477162,-1.8522071985944888,0.5434233781753515,14.073408640034845,23.99040081449467,2349.64,Healthy
B0054,49,103,54,0.9937402750241768,0.9066723268262545,4.0,3.092460830981556,2.1687268442761383,4.166737300664872,-1.9078833192347389,0.44518843062808316,14.081056672524559,23.497913584081875,2560.688,Healthy
B0054,50,103,53,0.995507330519279,0.9082845592753584,4.0,3.1098726595442607,2.191725388766709,4.182736373587939,-1.8886275942243518,0.4824553954714021,13.882912785076055,22.413638355604547,2522.375,Healthy
B0054,51,103,52,0.975407870968116,0.889946142067945,4.0,3.0916929425969144,2.16190489413124,4.183619389994964,-1.9132216217910722,0.43417041488043767,13.976909425974554,23.276288269463745,2488.719,Healthy
B0054,52,103,51,0.965960558373922,0.8813265690192181,4.0,3.092077800709679,2.1867699716569766,4.18340061507743,-1.903346510749379,0.45448805604368125,14.001484389915577,23.166415774259068,2474.844,Warning
B0054,53,103,50,0.9573702621688754,0.8734889236664957,4.0,3.0868228519569625,2.198752976514828,4.183750141327261,-1.9027928791898274,0.45537355946678604,14.093605062402071,23.915519230311656,2473.875,Warning
B0054,54,103,49,0.9294756591964932,0.8480383454636056,4.0,3.072604933827402,2.166553275090901,4.16720818599326,-1.8852058718255222,0.48848855752134435,14.300275862318225,24.7714915843067,2495.5,Warning
B0054,55,103,48,0.9323553879823946,0.8506657627722964,4.0,3.076772656394079,2.197414602671961,4.183066668693598,-1.8841642253203457,0.4908089291867037,14.124062472619881,24.68396453173386,2481.078,Warning
B0054,56,103,47,0.954568378404969,0.870932530878998,4.0,3.2911829197288838,2.1984537160355733,4.182465009412686,-1.6061202048940721,0.8084193090066676,12.64526098166937,19.020363167421827,2460.125,Warning
B0054,57,103,46,0.9330242104372936,0.8512759854095968,4.0,3.0675140530182183,2.1699490089903373,4.186729661376772,-1.9185686957922585,0.4232420560942069,14.223331638985794,24.13873479197664,2440.547,Warning
B0054,58,103,45,0.923294184000959,0.8423984688885946,4.0,3.0671371599201427,2.176887912375456,4.183427098166605,-1.8904802137424437,0.4793173051825482,14.139185148296136,24.81564122138252,2449.922,Warning
B0054,59,103,44,0.9257799164262976,0.8446664103805447,4.0,3.078813614886158,2.1883883016985664,4.166698332057613,-1.8976415345909174,0.4653634042412932,14.087390371698557,23.24485824164149,2408.781,Warning
B0054,60,103,43,0.9162765793280084,0.8359957214932391,4.0,3.066888936059056,2.170115376243027,4.184004022833215,-1.8894343368968853,0.4811659260706758,14.202958247128624,24.86373425921068,2442.547,Warning
B0054,61,103,42,0.9387011679112468,0.8564555482909318,4.0,3.2822748078833337,2.1966197167856167,4.182970368325371,-1.611671218418306,0.804167078877111,12.672879944135305,19.187532398616906,2420.671,Warning
B0054,62,103,41,0.9158990586877171,0.8356512778534264,4.0,3.06323475400009,2.1844861596911245,4.186946857158577,-1.915975846751273,0.4290058178935058,14.267116889972154,24.608575630578702,2409.906,Warning
B0054,63,103,40,0.9202608990433788,0.8396309494476125,4.0,3.3294345220814243,2.1969048206503072,4.182782183216822,-1.5310760587444987,0.8591767967190661,12.173995572424571,18.813867999485478,2416.672,Warning
B0054,64,103,39,0.9111253917360888,0.8312958624281824,4.0,3.059197039764698,2.189593119391126,4.175798948316686,-1.9239678603051145,0.410769603278679,14.240824503948053,23.94925053538712,2395.75,Warning
B0054,65,103,38,0.8980507043695345,0.8193667321361943,4.0,3.0606951230963726,2.1801159908061365,4.183432164471636,-1.8954445735817307,0.470036788609675,14.275292993104369,24.82147170162433,2410.688,Warning
B0054,66,103,37,0.9278864624016372,0.8465883883752287,4.0,3.3096645129465334,2.1883204645817864,4.182464884390648,-1.562794930544311,0.8390951648877759,12.319879487331049,18.57811741414672,2402.125,Warning
B0054,67,103,36,0.9118415396987224,0.8319492640824699,4.0,3.068838395977353,2.176027126654838,4.187190771734197,-1.9221081343667143,0.4157940399247707,14.017340985088923,22.523812738647745,2355.265,Warning
B0054,68,103,35,0.8936491649329469,0.8153508397517466,4.0,3.0642577232510537,2.192431157609426,4.184124653963867,-1.8937037642157029,0.47314016919276647,14.309673058312118,24.88527095803529,2396.719,Warning
B0054,69,103,34,0.9100864492604256,0.830347948354935,4.0,3.05089172896046,2.165885100454371,4.1396795894908935,-1.8756620997311104,0.5049676352210464,14.20580721645281,24.49535100296176,2442.344,Warning
B0054,70,103,33,0.911490473146094,0.8316289567183202,4.0,3.0723870805326334,2.1973597496316057,4.166798038044882,-1.8854776045140642,0.487732329701613,14.343325580342825,24.79248513927076,2444.703,Warning
B0054,71,103,32,0.9337172811638196,0.8519083317721906,4.0,3.292510597456584,2.1972629267290893,4.182556356872751,-1.589261111842247,0.8206516392237352,12.52113276136492,19.41886177632084,2412.25,Warning
B0054,72,103,31,0.8981517756068776,0.8194589478752966,4.0,3.0615420925064947,2.198752877987022,4.18680349899093,-1.9122401856096214,0.4360435088332202,14.320010513448283,24.843161021240142,2403.234,Warning
B0054,73,103,30,0.9139367135371254,0.8338608663259476,4.0,3.104814009888728,2.198603650230703,4.184455817920845,-1.8597568424209725,0.5321713403002745,13.817833063271001,22.81807409211731,2361.047,Warning
B0054,74,103,29,0.8764848617154279,0.7996904110384184,4.0,3.0591573873230504,2.1805571893421827,4.184079696303244,-1.891396177801322,0.47761028734912664,14.23049295284562,24.58129890321389,2392.468,Warning
B0054,75,103,28,0.8854917958581964,0.8079081900114967,4.0,3.0574972660409525,2.174201624293327,4.166279880071051,-1.9002601186022197,0.4604646278922317,14.343710795679344,24.65462709285521,2373.89,Warning
B0054,76,103,27,0.8819074622846708,0.8046379028520567,4.0,3.0567448490556264,2.1705705059131044,4.183737744816785,-1.890256821336201,0.4797497193871965,14.146643227132303,24.667711168999983,2383.234,Warning
B0054,77,103,26,0.9045809105944796,0.8253247851822804,4.0,3.151370552126675,2.196118065671102,4.18293565751089,-1.7845839996739221,0.6375832353618502,13.55224741011707,21.67226159753115,2342.453,Warning
B0054,78,103,25,0.8734606349455996,0.7969311561393616,4.0,3.056163933839863,2.184361072149743,4.18457456922587,-1.8986075226465784,0.46393106664324624,14.28080189135689,24.96144413226689,2359.296,Warning
B0054,79,103,24,0.903131190986828,0.8240020847916948,4.0,3.236611432340167,2.193007424689509,4.1835244239011375,-1.6591500079295531,0.7662166341663991,12.92628985289928,19.86209455847644,2345.453,Warning
B0054,80,103,23,0.8712217754060124,0.7948884574189689,4.0,3.0377786371686537,2.168539148301184,4.171664411266561,-1.9081461941354183,0.4445920822173868,14.22945813956484,24.813991518744384,2360.172,Warning
B0054,81,103,22,0.8936499043476617,0.815351514381604,4.0,3.096631349811912,2.1987726546793334,4.183480212813237,-1.8642154954714256,0.5253954767069859,13.889055949262897,22.3422759308799,2315.407,Warning
B0054,82,103,21,0.8835064014687892,0.8060967487365944,4.0,3.0611426143701355,2.1680465237840907,4.183649118386083,-1.9063318856890261,0.44910548642917364,14.09831645395676,23.389616432610406,2322.156,Warning
B0054,83,103,20,0.8779403705367915,0.8010183934126357,4.0,3.0558445282697995,2.1849035687167166,4.183468521205082,-1.9062132651550836,0.4490575393053792,14.205610727972747,24.437246414395887,2327.1570000000065,Critical
B0054,84,103,19,0.8599389109365094,0.7845941569473687,4.0,3.0499483326806858,2.1788266272471644,4.183632733146927,-1.8957242503552245,0.4694749532422611,14.199988460708054,24.61732308170388,2335.0,Critical
B0054,85,103,18,0.8697358119609565,0.7935326887456354,4.0,3.0516041952252326,2.173598497548058,4.165207327973796,-1.8948015430442458,0.47060902019728096,14.288204303284642,24.271941214408503,2329.375,Critical
B0054,86,103,17,0.8638271814812677,0.7881417512139491,4.0,3.0472454916360254,2.171024131749843,4.183812225950738,-1.8950958802980535,0.4707215860140374,14.208858242752529,24.804728027574093,2333.875,Critical
B0054,87,103,16,0.8865694537789144,0.8088914274217711,4.0,3.231306720712414,2.193241046616703,4.183143233797935,-1.6587879730372208,0.766932686394631,12.936183613815922,19.87934804833635,2317.453,Critical
B0054,88,103,15,0.8690078572313327,0.7928685147908099,4.0,3.0561992011444175,2.1928820402300686,4.185938542114043,-1.9142507746667623,0.43273383790265185,14.08418288760077,23.51552492010551,2295.109,Critical
B0054,89,103,14,0.8474446088377652,0.7731945606537969,4.0,3.049101236395701,2.1802092140590776,4.18432308250829,-1.891201590561377,0.4780587278891419,14.275903069670573,24.913142338885027,2326.657,Critical
B0054,90,103,13,0.8799727721580702,0.8028727233148482,4.0,3.059261895423349,2.1788337133933458,4.1182630057067415,-1.8398920804939838,0.5619416691417586,14.30665353308513,23.80380834532953,2479.297,Critical
B0054,91,103,12,0.9110444582768508,0.8312220200675076,4.0,3.0704875641057296,2.1830841723157457,4.164907528561344,-1.8791742872877957,0.4990871356595615,13.97058204189835,23.08245417914552,2463.578,Critical
B0054,92,103,11,0.912172429335506,0.8322511623595604,4.0,3.067048133380307,2.1910520386239125,4.182445897550156,-1.858308089580359,0.5345663219591015,13.799155081842601,23.778234573688007,2458.812,Critical
B0054,93,103,10,0.8872043975884799,0.8094707397387734,4.0,3.0722065010406205,2.199607761547385,4.182116565141312,-1.8751258468342007,0.5063452993288488,13.85337076803369,23.05943482945761,2400.672,Critical
B0054,94,103,9,0.8961236767959215,0.8176085437866443,4.0,3.117253230362332,2.199124134730816,4.183709805636206,-1.800714268791482,0.6171147917918259,13.514874679422098,22.244929264861582,2396.407,Critical
B0054,95,103,8,0.8851334001128452,0.8075811956121259,4.0,3.0560602390351073,2.187300234238766,4.18305579589887,-1.8630586445315185,0.5266586220016259,13.789537640473576,23.801178997375885,2392.375,Critical
B0054,96,103,7,0.8793386645436118,0.8022941739285457,4.0,3.2276996110787217,2.1979569345819563,4.163750891434571,-1.6261597439567572,0.7930229556776321,12.632160467633849,20.129283300775896,2373.687,Critical
B0054,97,103,6,0.8461224238450626,0.7719882207539682,4.0,3.0511101255752124,2.1932450152273764,4.1857725238225205,-1.873244340822881,0.5101552004809543,14.133236180004296,24.104183465359974,2385.922,Critical
B0054,98,103,5,0.8705933152969343,0.7943150607239406,4.0,3.110131898177326,2.188819744044954,4.183962354946822,-1.8048654869219674,0.6118345419052434,13.44514404240349,21.124822433154826,2345.0,Critical
B0054,99,103,4,0.8440520909609104,0.7700992829896881,4.0,3.048474354226641,2.1933054601044173,4.183748382269399,-1.8598703836367976,0.5317162309129086,13.90645728525564,24.038373358435607,2363.047000000006,Critical
B0054,100,103,3,0.8536244678403578,0.778832962640878,4.0,3.0720502151516498,2.1984194356911515,4.183059531782334,-1.8567326723251218,0.5371405715651912,13.600457924373249,22.33379539164456,2316.687,Critical
B0054,101,103,2,0.8524519337958137,0.7777631618114571,4.0,3.0780861695186963,2.197124548478272,4.164596042177817,-1.8332643523185828,0.5723022312116928,13.622342114819537,21.7292466341309,2322.0,Critical
B0054,102,103,1,0.8373919001793014,0.7640226341662103,4.0,3.047978400472379,2.1601370672426743,4.183536913886723,-1.8581507060124247,0.5345007334464391,14.071709155413798,24.067733333922256,2357.687,Critical
B0054,103,103,0,0.0,0.0,4.0,4.067670722536388,3.83839582745546,4.182477074957816,-0.6715559054131551,1.1613729936970165,6.019953177795341,6.383481120383388,23.0,Critical
B0055,1,102,101,0.7989997927037011,0.6355092382000984,4.0,3.24393616697826,2.493079498483449,3.843735024444539,-1.1715210918629737,0.9797662282686106,11.879033293126687,18.02446981350722,2660.313,Healthy
B0055,2,102,100,1.319892156462878,1.0498171170002648,4.0,3.2904290284649416,2.480538609588174,4.174020568347548,-1.7486007645883601,0.6481554399427039,12.415262417855027,16.633080095446793,2826.0,Healthy
B0055,3,102,99,1.2769832801132015,1.0156882128753577,4.0,3.326231366449631,2.48985034932468,4.1994512899066025,-1.7060235650197326,0.6949630234440948,12.360226804144617,18.02222405324747,2818.578,Healthy
B0055,4,102,98,1.2572591312230863,1.0,4.0,3.338535407708074,2.485404008194569,4.201354950378872,-1.7298155313553945,0.6696501792059063,12.182802262813878,16.276920867509258,2713.812,Healthy
B0055,5,102,97,1.206763751299412,0.959836935227067,4.0,3.369050331157636,2.484071154442301,4.2022865042877005,-1.630519419462631,0.7650246980134167,11.995175259559732,17.386184005164274,2786.578,Healthy
B0055,6,102,96,1.2077322536103197,0.9606072635443212,4.0,3.3596802370189534,2.481388096934316,4.202804398571556,-1.6935037519026295,0.7075370634776282,12.015852590858461,16.287370504806514,2667.89,Healthy
B0055,7,102,95,1.2009614290093835,0.9552218784373152,4.0,3.331138062731705,2.4857750442530606,4.194689870235318,-1.796982266620521,0.5873285000030485,12.31051634460958,18.76540773861097,2530.172,Healthy
B0055,8,102,94,1.189059086549973,0.9457549816267654,4.0,3.335155652675837,2.4898705968582,4.203456278554985,-1.8221216958276871,0.5510499101272549,12.203269426883178,17.743208793113464,2446.062,Healthy
B0055,9,102,93,1.169708782604433,0.9303641179098198,4.0,3.3970397549525346,2.486378896244576,4.203931038045003,-1.60517659481492,0.7856439222074227,11.974188885781311,16.27240932778339,2713.25,Healthy
B0055,10,102,92,1.1483647194613424,0.9133874560482935,4.0,3.3803008994123225,2.484196378836121,4.204477051328936,-1.6273590433187917,0.7678264524895696,12.146032186206996,18.496064110315466,2676.578,Healthy
B0055,11,102,91,1.1527726060972296,0.9168934052408033,4.0,3.344612876092421,2.488899766066993,4.204395922551529,-1.8077804758929823,0.5720353591999178,12.075029193191549,17.233592924973692,2394.734,Healthy
B0055,12,102,90,1.1318370471727228,0.9002416598650189,4.0,3.4016962939915634,2.4856427415338582,4.196508158151434,-1.5934585102181222,0.794494773823247,11.953480850146518,17.25233196126928,2673.0,Healthy
B0055,13,102,89,1.1326525803383347,0.9008903194335667,4.0,3.377782507073848,2.4945204316368925,4.2049198480597365,-1.6457766002423246,0.751928551982334,12.091243346975185,18.84637103862602,2619.578,Healthy
B0055,14,102,88,1.1160565716574584,0.8876901697836441,4.0,3.411152214850695,2.489824423973652,4.204749253288386,-1.5844221226745288,0.8013395982049237,11.84145066042513,16.69866695291335,2640.016,Healthy
B0055,15,102,87,1.0984641825068853,0.8736975180592069,4.0,3.4062074380814424,2.4929609831648176,4.205529950993648,-1.5875314249026022,0.7990060369970609,11.855003538549179,17.281200338137296,2621.187,Healthy
B0055,16,102,86,1.092569410309668,0.8690089283716675,4.0,3.4006629565141497,2.4987737122938984,4.205627291462969,-1.5865260183824126,0.7995564820652137,11.91733362745109,17.87487048558903,2616.453,Healthy
B0055,17,102,85,1.109167680712031,0.8822108769518429,4.0,3.3734363664560836,2.4960528571959832,4.197933604847559,-1.6558769500299217,0.7428737437680821,12.135031767584422,18.56561933924195,2565.109,Healthy
B0055,18,102,84,1.107503502890571,0.8808872215651916,4.0,3.3751298920141575,2.4950345179419164,4.205390438967899,-1.6682381023500132,0.731915064312135,12.085534035682384,18.731388722663795,2532.531,Healthy
B0055,19,102,83,1.106751675424531,0.8802892322984056,4.0,3.3799212171444224,2.499203075422064,4.205435554958762,-1.6518184000413114,0.7466144056182916,12.035133443915594,18.85911132920102,2556.593,Healthy
B0055,20,102,82,1.0726694124582823,0.8531808485771493,4.0,3.4131937901660443,2.4858947643408493,4.183847655178161,-1.5631982736121797,0.8166915748353278,11.694010522378294,16.474886676905992,2577.891,Healthy
B0055,21,102,81,1.0776844021506693,0.8571696759937443,4.0,3.3882127771112662,2.490219926603604,4.205811869776469,-1.6102431965480546,0.7813778914234873,12.02595112446758,18.429839421941317,2572.36,Healthy
B0055,22,102,80,1.1981714734535909,0.9530028008529843,4.0,3.3833310240018224,2.49591717391522,4.185284066167707,-1.6643817613294818,0.7345698461806102,11.847288624466861,16.79121110894689,2697.75,Healthy
B0055,23,102,79,1.162538155268093,0.9246607373112916,4.0,3.406033299298373,2.493901769830843,4.196690472475704,-1.629380871239606,0.7660455719740732,11.64238700767333,16.558207457541112,2683.406,Healthy
B0055,24,102,78,1.1556827465844224,0.9192080756336616,4.0,3.395122860818019,2.490665842720209,4.205348595061986,-1.6480629343875917,0.7499069724220853,11.772012658338625,16.176716026227933,2646.156,Healthy
B0055,25,102,77,1.137444098422356,0.9047014017832807,4.0,3.3678744885149583,2.491266216084571,4.205552375701064,-1.6963503354994716,0.70487096595123,11.983454214473863,18.28920429337146,2593.531,Healthy
B0055,26,102,76,1.1126375352125493,0.8849707332251814,4.0,3.3809383898685605,2.492760704750605,4.2052142034116535,-1.647762002114427,0.7502757874265852,11.908597488676612,18.65863623047158,2604.125,Healthy
B0055,27,102,75,1.098656067845981,0.8738501400082788,4.0,3.41469739374783,2.486626233949432,4.205763745942962,-1.6019969747290892,0.7882772229275187,11.5894392622721,16.83473057053666,2588.594,Healthy
B0055,28,102,74,1.098530275888464,0.8737500874778236,4.0,3.41231159843661,2.495104294734825,4.198995746839671,-1.607009362096321,0.7841876738531155,11.629714317449922,16.756789919207705,2579.203,Healthy
B0055,29,102,73,1.1029370400968537,0.8772551439128503,4.0,3.4043822939909396,2.487763139286609,4.2061133400646735,-1.627589670095513,0.7678124206751239,11.647248561632294,16.24699765148442,2555.453,Healthy
B0055,30,102,72,1.0949644922735318,0.8709139310114447,4.0,3.3673428364678033,2.497867584305148,4.20656078786278,-1.6825636345526909,0.7183625209586999,12.022205345514335,19.129984857149815,2525.609,Healthy
B0055,31,102,71,1.0890679714830998,0.8662239505261203,4.0,3.4104196380737455,2.482550786926367,4.205789072356055,-1.612755670182398,0.7799086454482298,11.542224902228241,16.36765160927189,2536.172,Healthy
B0055,32,102,70,1.073323391636053,0.853701011176513,4.0,3.3875483794093744,2.498794021092515,4.206468698154612,-1.6303240143418964,0.7652863653841129,11.825965633220362,18.15665009637772,2536.204,Healthy
B0055,33,102,69,1.095373856745309,0.8712395317262146,4.0,3.3533445639000172,2.4986675609061084,4.19878751718924,-1.71799533716817,0.6825051831609196,12.03863906152037,18.80550760238104,2488.86,Healthy
B0055,34,102,68,1.0639517466243125,0.8462469829821633,4.0,3.403128476363774,2.495967983888696,4.205549436509086,-1.6148091574306578,0.7782357471446777,11.59317451081218,17.559578387097904,2518.547,Healthy
B0055,35,102,67,1.085798072407703,0.8636231349947862,4.0,3.3737196134296283,2.494521891499824,4.206680085108051,-1.6806946415000543,0.7206333096446643,11.873598601586018,17.467083355342886,2485.766,Healthy
B0055,36,102,66,1.0588748965507555,0.8422089529949656,4.0,3.382746702873388,2.4940939052144744,4.206242808359698,-1.63831200906344,0.758780951559817,11.809310238880515,18.49462899513655,2506.718,Healthy
B0055,37,102,65,1.0813260035191288,0.8600661364592307,4.0,3.3641919383896957,2.488192777263103,4.206501526529983,-1.701910823714865,0.6995375039518201,11.933034010302555,17.91164881741511,2459.297,Healthy
B0055,38,102,64,1.061601862588323,0.8443779299145562,4.0,3.408219619852174,2.483590427491968,4.198066617715753,-1.6137161861379503,0.7791514568096329,11.53732922797716,16.71929796179109,2488.734,Healthy
B0055,39,102,63,1.0593920670581127,0.8426203005799731,4.0,3.3720438606583496,2.494836964233761,4.2069940867465805,-1.6587094218378893,0.740847169624987,11.942237573488166,18.743872075423457,2491.375,Healthy
B0055,40,102,62,1.0742513141424723,0.8544390630891021,4.0,3.3954495279595993,2.495294559262084,4.206185443933068,-1.6449474011417666,0.7531328824818362,11.654440484569944,16.07532193134441,2467.328,Healthy
B0055,41,102,61,1.04056147341315,0.8276428045512555,4.0,3.3886471333647554,2.493930027919102,4.206494698836393,-1.6341793441136752,0.7623248665874016,11.722702041818202,18.1055360480279,2466.125,Healthy
B0055,42,102,60,1.0575656535324895,0.8411676059999413,4.0,3.356819503345258,2.4968794236107965,4.204041730199119,-1.6871055404907072,0.7136501987670603,12.139105911879911,19.22539590220654,2459.312999999994,Healthy
B0055,43,102,59,1.0983528970914622,0.8736090037564197,4.0,3.38173030037378,2.4980844986118784,4.186445589660851,-1.6534663598224018,0.7445583099942965,11.725785170275977,17.79698901775945,2559.125,Healthy
B0055,44,102,58,1.109758993739737,0.8826811960873505,4.0,3.332585578324588,2.497690135885909,4.198472809564929,-1.746935874580489,0.649531324821529,12.14093273670559,19.90310164984231,2534.156,Healthy
B0055,45,102,57,1.0793315779206871,0.8584798082720563,4.0,3.415794800601349,2.495812780943487,4.205147121886639,-1.6100189784192442,0.7816248775958641,11.32244979928203,16.28428434167548,2521.985,Healthy
B0055,46,102,56,1.0716159094756148,0.8523429123422837,4.0,3.364395338116308,2.497968365806555,4.207061766566151,-1.6797818306005563,0.721086293579546,11.899725740614361,18.858200111612096,2503.172,Healthy
B0055,47,102,55,1.0746464211019795,0.8547533236497892,4.0,3.3556150350421454,2.494850314865808,4.206586679847002,-1.703206082949298,0.6979995792807144,11.9698483506891,19.26539604228336,2474.344,Healthy
B0055,48,102,54,1.08643683065179,0.8641311911529987,4.0,3.2813552523710348,2.497025585392751,4.136062355148983,-1.8582921214004526,0.4916211942997817,11.944879920447905,19.91574517945343,2349.64,Healthy
B0055,49,102,53,1.1340138347387958,0.9019730352927363,4.0,3.3340325216514985,2.497531566741249,4.194893964041484,-1.7577069451672969,0.6372879265172486,12.028925123088163,19.74476118019262,2560.688,Healthy
B0055,50,102,52,1.1176964717951587,0.8889945151623928,4.0,3.355658576925396,2.4925446639956585,4.205199298124983,-1.7278318736099232,0.6716428426504919,11.71503135296823,18.239458117812696,2522.375,Healthy
B0055,51,102,51,1.1046468529644289,0.8786150965472065,4.0,3.353357049023896,2.497355535023157,4.205853256210238,-1.7321258947169127,0.6669389629340879,11.810607676487715,19.14324542302631,2488.719,Warning
B0055,52,102,50,1.089700148407426,0.8667267720277715,4.0,3.356165416087441,2.496005450177785,4.205832053797409,-1.720909576078404,0.6793897542473725,11.765625767571137,18.957146305546704,2474.844,Warning
B0055,53,102,49,1.075533547538172,0.8554589271440581,4.0,3.3655236596965747,2.4945789390502733,4.205960258814088,-1.6928963609340808,0.7081541895844613,11.666664960009529,18.569611226697237,2473.875,Warning
B0055,54,102,48,1.0609866776144368,0.8438886234870994,4.0,3.3657531038090425,2.497451626540361,4.1982654098780685,-1.6674344219063135,0.732570658776937,11.708939176253061,18.389604150481876,2495.5,Warning
B0055,55,102,47,1.0518218041615568,0.8365990574578878,4.0,3.3849405998756663,2.494771530909891,4.206713417529564,-1.6377223794615257,0.7589158654305581,11.450092345609722,17.859841515218953,2481.078,Warning
B0055,56,102,46,1.0553857898132757,0.8394337838585239,4.0,3.410105370394735,2.4850759949386982,4.206861671465562,-1.6143852867459763,0.778693825905917,11.131625464424475,15.816276936907297,2460.125,Warning
B0055,57,102,45,1.0533102333691788,0.8377829257398178,4.0,3.3607031370514133,2.4972833794296387,4.203250203022516,-1.6847849277248685,0.7162986904335491,11.738832332367679,18.755426828419857,2440.547,Warning
B0055,58,102,44,1.0315365260084348,0.8204645330393711,4.0,3.3928240190547645,2.4994934553850463,4.206868467936627,-1.6204098129461206,0.7734530806144814,11.33070420089266,17.253309886018204,2449.922,Warning
B0055,59,102,43,1.0533401053259417,0.8378066853260646,4.0,3.3379943082200825,2.496397324750552,4.199652821200027,-1.7350634493263108,0.6638216063455092,11.71743632355557,19.044660235871767,2408.781,Warning
B0055,60,102,42,1.0317876798810788,0.8206642960527442,4.0,3.383748883671106,2.498591356778633,4.206354715936561,-1.6355169727932206,0.7609448372911602,11.448023523006356,17.632782962314124,2442.547,Warning
B0055,61,102,41,1.0354207912157296,0.823554003706819,4.0,3.4034852057714984,2.4793908002585576,4.207116858721508,-1.620774629606393,0.7737104358062598,11.113362092407373,15.652866929465386,2420.671,Warning
B0055,62,102,40,1.0322251791310608,0.8210122746349767,4.0,3.3488479010139836,2.495919101086891,4.203805356740808,-1.695046194498669,0.7063057197534683,11.759912549960136,18.851175405607997,2409.906,Warning
B0055,63,102,39,1.011543397303472,0.8045623787352594,4.0,3.400337322032959,2.487748902505861,4.206451344410812,-1.607752495748955,0.7837888326494308,11.095152329208846,16.682382112943166,2416.672,Warning
B0055,64,102,38,1.0413760568150228,0.8282907086957895,4.0,3.3343052776040634,2.496210707787105,4.199840856194157,-1.7288529172580396,0.6706571391029508,11.855416870953553,19.331265935552995,2395.75,Warning
B0055,65,102,37,1.02174193386881,0.812674100743925,4.0,3.3786546268712,2.499306018937951,4.206363005983127,-1.6438464708058846,0.7535408529549507,11.501464461877692,17.796486773673443,2410.688,Warning
B0055,66,102,36,1.0133135547969283,0.8059703283372912,4.0,3.413323315609648,2.495131192399576,4.206927414011855,-1.5920409233304795,0.7957357114480256,10.922543090852551,15.641866781260571,2402.125,Warning
B0055,67,102,35,1.029994255962691,0.8192378407788475,4.0,3.3358445561886736,2.498865224973231,4.202275822485786,-1.731928125216886,0.6668918568121494,11.679121657086682,18.47501778028561,2355.265,Warning
B0055,68,102,34,1.0189349807814327,0.8104415036462633,4.0,3.3537094650205534,2.499842473941914,4.20659875616185,-1.6777504908523246,0.7228751605082481,11.716719550648065,18.598567041058164,2396.719,Warning
B0055,69,102,33,1.0290879520854015,0.8185169839126836,4.0,3.3664574186515495,2.4984245148092805,4.18778132479275,-1.6531774202404774,0.7447469153200276,11.332026451776493,17.70296113245331,2442.344,Warning
B0055,70,102,32,1.0567629241900045,0.8405291303487809,4.0,3.319131030823727,2.498165502515704,4.19944321827157,-1.748766373641858,0.6477630453051786,11.967823512320054,19.648490501323845,2444.703,Warning
B0055,71,102,31,1.0291668536316647,0.8185797407018799,4.0,3.4032103094968886,2.4838403700559373,4.205593767786481,-1.6200178882302807,0.7736516006312848,11.01544977025214,16.178060673787062,2412.25,Warning
B0055,72,102,30,1.032129844490102,0.8209364472748159,4.0,3.343831990901096,2.4989275943849365,4.202887645707948,-1.703990940961131,0.6969935523640988,11.818028778074435,18.88644438182567,2403.234,Warning
B0055,73,102,29,1.0409230283951276,0.8279303785071717,4.0,3.3724641292622257,2.497716849078165,4.206513407222774,-1.6883184479362592,0.7127676380732928,11.295282200562326,16.020151248713987,2361.047,Warning
B0055,74,102,28,1.011161098766987,0.804258305750629,4.0,3.3553714698756965,2.497475666164784,4.203597448523021,-1.671488542905288,0.7286332762648419,11.589249198689654,18.292174814306744,2392.468,Warning
B0055,75,102,27,1.0337876112911784,0.8222550034577911,4.0,3.327985568079429,2.499631738732727,4.19879054583806,-1.738115100941277,0.660169878948989,11.857143843844957,19.26049129848449,2373.89,Warning
B0055,76,102,26,1.003994224020383,0.7985579098906028,4.0,3.380340612404249,2.499611198369732,4.206474987547079,-1.6383784100519558,0.7582035299400515,11.276289724634314,17.24384546974176,2383.234,Warning
B0055,77,102,25,1.0334195479955004,0.8219622529129453,4.0,3.3795059063602477,2.4972946109355068,4.203906513751972,-1.6720302030703613,0.728454957650278,11.220787392479364,15.900824096276386,2342.453,Warning
B0055,78,102,24,1.009893656411646,0.8032502062078497,4.0,3.3419486124359232,2.4950143445404667,4.203458601351602,-1.7040964736723387,0.6969786182226454,11.759447806620914,18.94850032004803,2359.296,Warning
B0055,79,102,23,1.0126262447940628,0.8054236550335969,4.0,3.3994343538904057,2.496127080556164,4.206479388387375,-1.6294399730001765,0.7663220715304874,10.988248985047367,14.95747625778177,2345.453,Warning
B0055,80,102,22,0.9948742055727694,0.7913040206794413,4.0,3.3674537565378784,2.498292598142556,4.200091561431062,-1.6515379727772603,0.746829713177772,11.355681286808547,17.70459844093717,2360.172,Warning
B0055,81,102,21,1.0240799556179332,0.8145337187741784,4.0,3.3529430513041807,2.4995493131113817,4.203624990778383,-1.7174483877318063,0.6831986623306556,11.443287391092776,16.746714545942115,2315.407,Warning
B0055,82,102,20,1.0208889510043029,0.8119956543971664,4.0,3.313138824967226,2.4954991257797223,4.203121026339225,-1.7693261826528028,0.6231568659745707,11.785825239943042,19.20127329879016,2322.156,Critical
B0055,83,102,19,1.016100815944114,0.8081872628402638,4.0,3.331207681083792,2.495394779769103,4.206360725269558,-1.7382171562180335,0.6604692736115172,11.72640480534808,18.921215014535083,2327.1570000000065,Critical
B0055,84,102,18,0.9987875345106276,0.7944166080853894,4.0,3.361184494584018,2.4987692806726884,4.206662505631524,-1.6759841309858239,0.7248587592005278,11.472788708066494,17.83845317353606,2335.0,Critical
B0055,85,102,17,1.0158868294923784,0.8080170620865595,4.0,3.317225424194071,2.4984561833393784,4.198906004577256,-1.7579493131782606,0.6373195532443829,11.802235485150675,19.413252469388496,2329.375,Critical
B0055,86,102,16,0.9963437517762594,0.7924728697790381,4.0,3.3671948983953452,2.495225392424711,4.2063268655944,-1.6637548048231787,0.7362174226059778,11.363194027921853,17.555469742468727,2333.875,Critical
B0055,87,102,15,1.0053777381419529,0.7996583307085642,4.0,3.394889434849019,2.48261274521935,4.207127040760322,-1.6389209925149488,0.7580722131182812,10.949818258159802,15.18160164516741,2317.453,Critical
B0055,88,102,14,1.009132291002791,0.8026446306427596,4.0,3.310050856120256,2.497894652809196,4.202430409703646,-1.7742280928785612,0.6170740478740678,11.706437723845246,19.119001932657707,2295.109,Critical
B0055,89,102,13,0.9984581240784204,0.7941546012929735,4.0,3.3458687278652697,2.498867447840723,4.206373386837717,-1.6962395390509193,0.7051851073640546,11.583533228310797,18.259385299695204,2326.657,Critical
B0055,90,102,12,1.0892389324114138,0.8663599295968373,4.0,3.2453384054657453,2.49494387511604,4.181574605333568,-1.8679808387813042,0.4730453124133189,11.961499960858754,20.334330441428275,2479.297,Critical
B0055,91,102,11,1.0793936031703524,0.8585291419759243,4.0,3.3032859676964024,2.499224528115884,4.194441045655941,-1.7868262879672983,0.6002431731582906,11.522596039987194,18.82433959610769,2463.578,Critical
B0055,92,102,10,1.032614295314224,0.8213217702461041,4.0,3.3954172971180325,2.492495487385769,4.204880578247997,-1.61471261152207,0.7778464699912226,10.721858182752005,16.215064274032724,2458.812,Critical
B0055,93,102,9,1.0498572649026638,0.8350365002967544,4.0,3.319390417324327,2.495661665849974,4.202840264863921,-1.7601408237271083,0.6343326702797605,11.411543894379703,18.624861324787787,2400.672,Critical
B0055,94,102,8,1.0453902697248565,0.8314835372942413,4.0,3.384442477808506,2.498900329146198,4.205754690488186,-1.6551157920024593,0.7440155770139286,10.810513729948518,15.137573162785118,2396.407,Critical
B0055,95,102,7,1.0001607736713514,0.7955088563949226,4.0,3.396001919549735,2.489889091081545,4.207084563921945,-1.6115078715312525,0.7804502396909582,10.714176302518482,16.113386903826303,2392.375,Critical
B0055,96,102,6,1.0084094786878155,0.8020697194752644,4.0,3.4091500642055776,2.498768290819146,4.198111672339926,-1.5964976013167924,0.792136933995235,10.478734086554464,14.51027225857862,2373.687,Critical
B0055,97,102,5,1.003655158082039,0.7982882232922529,4.0,3.318069571504016,2.4975933279193185,4.203133911551857,-1.724633006126093,0.6749614404698484,11.577446477629389,18.79688115527297,2385.922,Critical
B0055,98,102,4,1.028526967659532,0.818070787570229,4.0,3.3705488423522825,2.495932540383024,4.206432255358412,-1.6761541599227183,0.7242905135197432,10.889278314878903,15.51511607516065,2345.0,Critical
B0055,99,102,3,0.9816844358987022,0.780813128749123,4.0,3.358032061134384,2.493973960448579,4.203481073295822,-1.6566423606087435,0.742157214305738,11.125862267460422,17.410882869971065,2363.047000000006,Critical
B0055,100,102,2,1.0127121434171131,0.8054919771645858,4.0,3.3305932142592156,2.4945849403498523,4.20306302939134,-1.7366403960823258,0.6620429328208168,11.180258248103398,17.541633082707207,2316.687,Critical
B0055,101,102,1,1.0201379996149256,0.8113983619450951,4.0,3.345081227582777,2.4970956728658367,4.197674431245264,-1.7132159087232544,0.6875542798935121,11.102809730123198,16.68412644043965,2322.0,Critical
B0055,102,102,0,0.9907591663373164,0.7880309967393011,4.0,3.3411218242164646,2.496842059818817,4.20280430699626,-1.6853564371512757,0.7155126870314747,11.41292758502581,18.127312484256297,2357.687,Critical
B0056,1,102,101,0.7852781208785192,0.6052867447757451,4.0,3.2954766160397124,2.689656173110366,3.8387228819147694,-1.082554743304369,0.9940384099889457,9.97935642991351,15.737541036017063,2660.313,Healthy
B0056,2,102,100,1.3443555553017368,1.0362196223924316,4.0,3.278114932402385,2.686775295531401,4.14918086948454,-1.7199163116216973,0.68650073412651,11.067443145348815,14.09017680302044,2826.0,Healthy
B0056,3,102,99,1.317502710734752,1.015521642347176,4.0,3.3106158390566507,2.698313212370538,4.17533419262966,-1.6905155460333223,0.7164931559222097,10.889462468094056,14.9073664521439,2818.578,Healthy
B0056,4,102,98,1.2973654679476911,1.0,4.0,3.3172843725733268,2.692589583576849,4.177469814791119,-1.726708354723348,0.6800393402459747,10.764459531712715,14.04619289990165,2713.812,Healthy
B0056,5,102,97,1.263960414854898,0.9742516246053344,4.0,3.344030455029123,2.6980823652266586,4.177333358996554,-1.6420112923998627,0.760859148859384,10.65574896441831,14.458798502682042,2786.578,Healthy
B0056,6,102,96,1.2589496187032136,0.9703893388612789,4.0,3.336353669510842,2.699291592092144,4.178105672730461,-1.7046338232855287,0.7030430141059517,10.604398240583924,13.79068771013097,2667.89,Healthy
B0056,7,102,95,1.28061976902026,0.9870925353409312,4.0,3.3009005971377725,2.6902918098264004,4.169426750713255,-1.8247670015083761,0.5554949340541268,10.747618198190096,14.881216824496482,2530.172,Healthy
B0056,8,102,94,1.2572786868607095,0.9691013965784098,4.0,3.3051103949821674,2.6937716432028966,4.178499777464705,-1.8506548604930126,0.5154530367303016,10.642275000961929,14.283153326557814,2446.062,Healthy
B0056,9,102,93,1.2226260041048898,0.9423913571855492,4.0,3.3671071393351695,2.6912557599593363,4.178690194193401,-1.6314150295742418,0.7695836087308617,10.449432487805073,13.24625881226546,2713.25,Healthy
B0056,10,102,92,1.2292772249257495,0.9475180705020223,4.0,3.350670766767032,2.698815560187372,4.178597106977031,-1.6616088416098966,0.7438159103101125,10.535109718676143,14.784638313108044,2676.578,Healthy
B0056,11,102,91,1.2275780135689456,0.9462083305723077,4.0,3.316178080747263,2.698364593875605,4.179016949083667,-1.8455069420958794,0.5241328907174297,10.596589405147556,13.967206000860529,2394.734,Healthy
B0056,12,102,90,1.2133872888296768,0.93527022169716,4.0,3.3637533511944144,2.690491235069901,4.170255325585353,-1.6426461298564279,0.7602143575080282,10.518875176620943,14.10183741263998,2673.0,Healthy
B0056,13,102,89,1.230223614493081,0.9482475407944824,4.0,3.345736483227564,2.695326027100301,4.1791853671260935,-1.6956317121625684,0.7119520496897479,10.55326910161315,15.014735099158155,2619.578,Healthy
B0056,14,102,88,1.1927530108462678,0.9193654681846047,4.0,3.373106355519255,2.69100578312218,4.179445713445421,-1.6346840292281264,0.7671106488661928,10.414707663905276,13.814334631047265,2640.016,Healthy
B0056,15,102,87,1.18671066359878,0.9147080702525893,4.0,3.3697897239570302,2.6980104623652483,4.1797547856645245,-1.6381228999586526,0.7641452937157062,10.394183210718758,14.16755708920704,2621.187,Healthy
B0056,16,102,86,1.1914875140242167,0.9183900323083493,4.0,3.3623304120622954,2.6918100210263542,4.179854576648961,-1.6445053548128659,0.7590570613027393,10.441904510807989,14.498480751440637,2616.453,Healthy
B0056,17,102,85,1.214178606017816,0.9358801633116773,4.0,3.3440747440292173,2.6994455277907243,4.171853041375375,-1.7073520267726885,0.7002115071752344,10.556505695788386,14.957470899011565,2565.109,Healthy
B0056,18,102,84,1.2094387558721402,0.9322267208062485,4.0,3.344993026252809,2.6974370448855804,4.179639783717689,-1.7217523886019717,0.6855408860489093,10.536326582207261,15.001521036754518,2532.531,Healthy
B0056,19,102,83,1.207072299940321,0.9304026735425559,4.0,3.350361911675404,2.687185471488668,4.180054992180052,-1.7041819303581027,0.703569276279637,10.495199596430949,14.338173356663557,2556.593,Healthy
B0056,20,102,82,1.162961249391913,0.8964021920759208,4.0,3.37818787285201,2.687470388534462,4.174069945070663,-1.6317327720996542,0.7691922189221349,10.301909086360435,13.436612124692124,2577.891,Healthy
B0056,21,102,81,1.17887968705904,0.9086720096873825,4.0,3.3620625284471575,2.699656546174108,4.180243969445706,-1.654732613269804,0.7505581176765472,10.453998023862313,14.639269846531356,2572.36,Healthy
B0056,22,102,80,1.2945104146044433,0.9977993453550414,4.0,3.346029829980996,2.6854368250416094,4.160878235645104,-1.7304356189135515,0.6754874000939061,10.390292640584766,13.577353530338334,2697.75,Healthy
B0056,23,102,79,1.2602567563003473,0.9713968711483848,4.0,3.3654291392154736,2.690427787524509,4.170401928183799,-1.69638971406972,0.7110108332256025,10.29031089579849,13.568274326866668,2683.406,Healthy
B0056,24,102,78,1.2408721291565108,0.9564553395424132,4.0,3.3689721031647792,2.6939728433831345,4.179668272690069,-1.6918741720619472,0.7160083467042118,10.263087503889402,13.222923404873027,2646.156,Healthy
B0056,25,102,77,1.252197340273113,0.9651847310642314,4.0,3.3465295769688743,2.6814059367851253,4.179757059071528,-1.7414082441068879,0.6640938864744848,10.400005286038285,14.117236767649958,2593.531,Healthy
B0056,26,102,76,1.2279025700477384,0.9464584963789452,4.0,3.352812339869088,2.695307365997281,4.179381275805115,-1.7007572591990596,0.707316533735362,10.409833153074386,14.72590749283402,2604.125,Healthy
B0056,27,102,75,1.1917170308946994,0.918566942266378,4.0,3.3743035968482755,2.687952325629709,4.179761909304835,-1.6642520477871068,0.7415942890041415,10.249617197163523,13.782905674311683,2588.594,Healthy
B0056,28,102,74,1.1858570240011006,0.9140500909716779,4.0,3.3764282291064944,2.696650296000414,4.17225893612502,-1.661218424865919,0.7441208310167555,10.237028804942252,13.53465268656202,2579.203,Healthy
B0056,29,102,73,1.1840938286611429,0.9126910326465424,4.0,3.375019443182964,2.683210476599473,4.180576245666881,-1.6741395350666335,0.732673909008867,10.198234922837491,12.997563677985069,2555.453,Healthy
B0056,30,102,72,1.2059829135917657,0.9295629823564797,4.0,3.3500962120625943,2.6972876615572554,4.180487517962948,-1.7210677294448378,0.6863453564598225,10.430944576015767,14.9075480868495,2525.609,Healthy
B0056,31,102,71,1.165428493679393,0.8983039262814588,4.0,3.379062729502439,2.683737907365728,4.18039553298969,-1.660218253465555,0.7455463241646945,10.139534423823738,13.20576446654183,2536.172,Healthy
B0056,32,102,70,1.1790060613193858,0.9087694180610968,4.0,3.3612064036489087,2.69363443342256,4.180559366384886,-1.6771366747493928,0.7302749398444733,10.308440154694576,14.51158708545384,2536.204,Healthy
B0056,33,102,69,1.2013113747183153,0.9259621936898595,4.0,3.3463562838477823,2.6943722854819816,4.172113004233132,-1.7399898086415906,0.6655720937688049,10.36840954285901,14.30233008977442,2488.86,Healthy
B0056,34,102,68,1.165597803317432,0.8984344289364329,4.0,3.368266919681875,2.688897787724772,4.180373353367004,-1.6716395639461556,0.7350124965154838,10.204673365751807,14.15321706372225,2518.547,Healthy
B0056,35,102,67,1.180303335055002,0.9097693473544735,4.0,3.3594964247247177,2.6882331708894665,4.180733041897962,-1.7116000565977858,0.6965586993643057,10.315613775538878,13.855287867564956,2485.766,Healthy
B0056,36,102,66,1.1658134189695046,0.8986006239349893,4.0,3.361567624174783,2.689459077872609,4.180279081248084,-1.6774896727466349,0.7298289846421461,10.276786926763112,14.492855960891132,2506.718,Healthy
B0056,37,102,65,1.176396051577376,0.9067576412668996,4.0,3.355757582090394,2.6894641263415138,4.180999495499183,-1.7243823805848957,0.682965993182119,10.32641766409495,14.065463723343733,2459.297,Healthy
B0056,38,102,64,1.1458325512940766,0.8831995144025798,4.0,3.377027547912211,2.6842747820981163,4.172470795694908,-1.6629834811063648,0.7427891567009658,10.173012177291527,13.412858944276625,2488.734,Healthy
B0056,39,102,63,1.167557759980296,0.8999451494783974,4.0,3.357651728668808,2.6890536637756743,4.181062785086551,-1.689827294587583,0.7183710342480413,10.359918034435648,14.60610388019012,2491.375,Healthy
B0056,40,102,62,1.145636654711916,0.883048518721717,4.0,3.3773583743313456,2.697570405713833,4.181144967626914,-1.6766143500201733,0.7305025611776653,10.160882493726476,13.208123302069437,2467.328,Healthy
B0056,41,102,61,1.1443667002824445,0.882069646953625,4.0,3.365617870156837,2.6861014784430512,4.1812569980664405,-1.675151077790599,0.7318587481256615,10.194404833993097,14.33986737197622,2466.125,Healthy
B0056,42,102,60,1.1605177686388095,0.8945187746322849,4.0,3.356825640396486,2.6984158813975863,4.181218970555332,-1.7007993161787647,0.7070093197996554,10.45640074188921,14.869194370874,2459.312999999994,Healthy
B0056,43,102,59,1.227201304260248,0.9459179657383389,4.0,3.3493744607237104,2.6966170938157865,4.162741220330822,-1.7280902642659892,0.6776970688223439,10.313619268601707,14.255223899564948,2559.125,Healthy
B0056,44,102,58,1.2454797202045476,0.9600068376837393,4.0,3.3378261700959464,2.6938401614375964,4.171908005371084,-1.7697668005317093,0.6301353886336954,10.450923975542697,15.145967765545794,2534.156,Healthy
B0056,45,102,57,1.1722288849037228,0.9035456190753076,4.0,3.379813223194436,2.694145271746648,4.1801184107331695,-1.6776635778147013,0.7292233710556943,10.066401247840554,13.36575567843813,2521.985,Healthy
B0056,46,102,56,1.1953514999944956,0.9213683649877225,4.0,3.3529139626798687,2.6949310922042096,4.180978585892375,-1.7206408430840379,0.6868981343679095,10.43749851062521,14.761564527480054,2503.172,Healthy
B0056,47,102,55,1.1919514716203925,0.9187476474966969,4.0,3.3506050479395064,2.698968781686075,4.180622872978541,-1.7353946887212042,0.6710050393980609,10.413907415221043,14.927522519928406,2474.344,Healthy
B0056,48,102,54,1.2296223665252586,0.9477841031721033,4.0,3.282678428854045,2.69347301500386,4.109379346813982,-1.8819520327756425,0.4585695796492209,10.513733364328893,15.38684146714604,2349.64,Healthy
B0056,49,102,53,1.2774519419396988,0.9846507969419799,4.0,3.33124930750755,2.6975073541494394,4.169898025659996,-1.7966492983038744,0.5958862220903988,10.477654553290117,15.06186195706642,2560.688,Healthy
B0056,50,102,52,1.2433879751668584,0.9583945356074415,4.0,3.3452443163116463,2.68847764541694,4.18030832398499,-1.7761136080338402,0.6229679178409546,10.31728183321325,14.19417584217932,2522.375,Healthy
B0056,51,102,51,1.230802542912592,0.9486937746690642,4.0,3.341356791517586,2.695809647268888,4.1803883737342336,-1.7812712509429693,0.6166293917341835,10.380685727786513,14.670219241896357,2488.719,Warning
B0056,52,102,50,1.2162358534094664,0.9374658748497722,4.0,3.3435875505910966,2.6988862295180773,4.180539223969872,-1.770178297141129,0.6302505696666849,10.36448134266215,14.756439650219583,2474.844,Warning
B0056,53,102,49,1.2088335726499548,0.931760249918024,4.0,3.3430796751998537,2.6881817818985594,4.180613197410378,-1.7603312590728741,0.6422812682284974,10.418606978035179,15.074941469247385,2473.875,Warning
B0056,54,102,48,1.1946181162240357,0.9208030780361435,4.0,3.3475631632118508,2.693866336049454,4.171995741541347,-1.725357477499951,0.6816095847441249,10.467474839092922,14.772345213065618,2495.5,Warning
B0056,55,102,47,1.1734248134794991,0.9044674322461701,4.0,3.3573308617480517,2.692863343941837,4.180481328623388,-1.7049184863619542,0.7032502060922223,10.24758606535621,14.624267787138264,2481.078,Warning
B0056,56,102,46,1.1404596305913128,0.8790581056511482,4.0,3.382778882292665,2.6912645328393867,4.181058054860729,-1.6737250543608966,0.7332029134086199,10.06027633089391,12.974017575008304,2460.125,Warning
B0056,57,102,45,1.1821716406845988,0.9112094239371747,4.0,3.3460645335108428,2.6880196285337377,4.18149130108492,-1.7445639059237334,0.6606663926688874,10.46181981941412,14.962343761280408,2440.547,Warning
B0056,58,102,44,1.1480663382055174,0.8849213013366614,4.0,3.3641915924918147,2.6997902360046213,4.180595098911064,-1.6890678369808096,0.7191042025865206,10.21776828052081,14.288936379622092,2449.922,Warning
B0056,59,102,43,1.1825381935034152,0.9114919602215698,4.0,3.340090097397974,2.6973629105606647,4.173047661044039,-1.7678866953516275,0.6331646896851695,10.382854030148234,14.731654795183925,2408.781,Warning
B0056,60,102,42,1.15520928628466,0.890427034497913,4.0,3.35648490646885,2.691300691707842,4.180864505746636,-1.704950103976557,0.7033573828697535,10.344585715881983,14.530184451529058,2442.547,Warning
B0056,61,102,41,1.1216816712671696,0.8645841892505151,4.0,3.3822432790887746,2.689936372979849,4.181146414659693,-1.6727370538477788,0.7342307957042604,10.028217431506214,12.920963346782584,2420.671,Warning
B0056,62,102,40,1.162666262561457,0.8961748183421935,4.0,3.3475849268060007,2.6913240152919484,4.181695073360697,-1.7375416574771907,0.6688621477872113,10.497532395250285,14.975497658516607,2409.906,Warning
B0056,63,102,39,1.124695615744926,0.8669073160426317,4.0,3.368899621618762,2.686923064348457,4.180846468482689,-1.6790843732728173,0.7285114421572604,10.078456668334661,14.006665059857031,2416.672,Warning
B0056,64,102,38,1.1664177948797931,0.8990664725529925,4.0,3.340217809060051,2.6874437664677444,4.17358432175774,-1.7528301920007388,0.651269102845872,10.437586290235986,15.065495014920012,2395.75,Warning
B0056,65,102,37,1.1346745156379463,0.8745989805269702,4.0,3.3606706640426602,2.699800435335948,4.181103233539769,-1.696361090547745,0.7117144539890926,10.327680053270171,14.438517748547325,2410.688,Warning
B0056,66,102,36,1.1012231317092755,0.8488148936562231,4.0,3.384477709863685,2.697960709571132,4.181672942091641,-1.6547810696984198,0.7501356920671536,9.931318938388468,13.194289211464437,2402.125,Warning
B0056,67,102,35,1.1560733948472832,0.8910930831819359,4.0,3.3408256322235093,2.6834783907862354,4.181798435766776,-1.7665140217971276,0.6345176223167165,10.341385046767083,14.482501609291248,2355.265,Warning
B0056,68,102,34,1.1385609898764002,0.8775946470022017,4.0,3.3541889238828593,2.699619006890264,4.181361272735532,-1.7114334458397396,0.6962052069570207,10.494744894336083,14.720749328790644,2396.719,Warning
B0056,69,102,33,1.1757265448773706,0.9062415903031998,4.0,3.340961153961277,2.689809371052332,4.16432577440784,-1.7341386416649764,0.6713128362332806,10.206418347273608,14.529077890794348,2442.344,Warning
B0056,70,102,32,1.1969385632452556,0.9225916619614507,4.0,3.3371235826921466,2.688916524535636,4.172633979258993,-1.76327611270095,0.6385302379004779,10.592911474763564,15.244128605525711,2444.703,Warning
B0056,71,102,31,1.1267457988726266,0.8684875824967281,4.0,3.376237517393404,2.698695743312111,4.180507540870247,-1.684432789415394,0.7230100405464586,9.984423245892257,13.512900564234096,2412.25,Warning
B0056,72,102,30,1.1601031368559531,0.8941991794271555,4.0,3.348647645780763,2.697889593175275,4.181900407397767,-1.7382277088571685,0.6678713657289637,10.532756069231716,14.862132323599852,2403.234,Warning
B0056,73,102,29,1.1361458729690277,0.8757330922074738,4.0,3.362242476728691,2.695993320018532,4.181297616479253,-1.7328967687649997,0.673497206817497,10.144690849516095,13.378405270944848,2361.047,Warning
B0056,74,102,28,1.1397253894261876,0.8784921578259092,4.0,3.351293107048021,2.6955474945092024,4.181657232676167,-1.7156881587629866,0.6919899010354643,10.418716582380117,14.806201026240291,2392.468,Warning
B0056,75,102,27,1.1560010024767575,0.8910372836618207,4.0,3.3414098071318334,2.699727848412594,4.172972784971319,-1.7530374056679272,0.6507491364594766,10.532972017810645,15.144104218787898,2373.89,Warning
B0056,76,102,26,1.126818619026835,0.8685437117494386,4.0,3.35783559274309,2.695330424081241,4.18131610574028,-1.702815564152015,0.7049347104033592,10.294250246042282,14.39832488350013,2383.234,Warning
B0056,77,102,25,1.116688355680394,0.8607353774005476,4.0,3.36675593545663,2.6854130230502054,4.18166924078605,-1.7175512283850776,0.6901376763364802,10.050387765399135,13.069857113335043,2342.453,Warning
B0056,78,102,24,1.1330613197666846,0.8733555407167418,4.0,3.3487514550466417,2.690400334997493,4.182044120407073,-1.7291690081472488,0.6778830188770333,10.472005861254317,14.625776758086843,2359.296,Warning
B0056,79,102,23,1.0893839897995972,0.8396893679642168,4.0,3.3810092385566413,2.6887925590382147,4.1815714469098,-1.6749388332386832,0.7320201136681229,9.909401931448466,12.585237711150564,2345.453,Warning
B0056,80,102,22,1.112083645925937,0.8571861001396527,4.0,3.3564306318997588,2.6988640537115023,4.174449328074176,-1.6967956767696222,0.7109185080306168,10.242760595982558,14.409091639662265,2360.172,Warning
B0056,81,102,21,1.1279950254648337,0.8694504773964845,4.0,3.3508758903963662,2.680924614006194,4.181914870814706,-1.753415191734097,0.6503002164171081,10.216290881964335,13.639615611059916,2315.407,Warning
B0056,82,102,20,1.1386774565024178,0.877684418642418,4.0,3.338909543714827,2.689418119708915,4.181346159150703,-1.764019308767849,0.6380535290372443,10.357968672788795,14.880692487289394,2322.156,Critical
B0056,83,102,19,1.1271136962200643,0.8687711551341435,4.0,3.346321199511455,2.6980519577561664,4.181554177966883,-1.743062159577205,0.6625896511647188,10.4126408516178,14.94384328293818,2327.1570000000065,Critical
B0056,84,102,18,1.110150886965375,0.8556963433916027,4.0,3.3538216131821788,2.690667005796631,4.181615967935099,-1.711553001717173,0.6963878614476008,10.355563284677743,14.50969090814752,2335.0,Critical
B0056,85,102,17,1.1344632260422465,0.8744361200216463,4.0,3.339346853440726,2.690672584400043,4.173516161117117,-1.7522810293736752,0.6518455687742074,10.41665753464741,15.062267575750978,2329.375,Critical
B0056,86,102,16,1.108458756302863,0.8543920612102767,4.0,3.3536514376808864,2.689574754055628,4.181332312389274,-1.7102152613104593,0.69768163682162,10.301294534772044,14.468947045350122,2333.875,Critical
B0056,87,102,15,1.0768220870214844,0.8300067433773419,4.0,3.38120127228625,2.6850453196446677,4.181999698138027,-1.6752482242752484,0.7315526691806636,9.91165771895873,12.508239840028546,2317.453,Critical
B0056,88,102,14,1.128398212919817,0.8697612513957502,4.0,3.3368543585349384,2.68848533115398,4.182136607973574,-1.7684173466123287,0.6324594249400555,10.349022787330426,14.887028438704052,2295.109,Critical
B0056,89,102,13,1.1066350346531368,0.8529863496395724,4.0,3.3522604662249167,2.695941959305812,4.18160323028519,-1.7117088970464227,0.6962333299556576,10.403963430415772,14.643769942307395,2326.657,Critical
B0056,90,102,12,1.271609072217319,0.9801471548559741,4.0,3.301853229400361,2.6936113374580533,4.160391647622785,-1.8436644323324185,0.5261556557629565,10.672589964446292,15.536147821768504,2479.297,Critical
B0056,91,102,11,1.2415767175377967,0.9569984312144928,4.0,3.3271853602584223,2.6975058053441106,4.171177372817309,-1.812029971968896,0.5743271509753395,10.38887188704922,14.710321906861784,2463.578,Critical
B0056,92,102,10,1.174652904422814,0.9054140359393127,4.0,3.357838197685972,2.699681085693745,4.179908499745383,-1.7201885508327548,0.6871377207681356,10.084749408390376,14.282705134297458,2458.812,Critical
B0056,93,102,9,1.1989389885187762,0.9241335754183312,4.0,3.3341676075284923,2.6932891744671807,4.1812209027547125,-1.7962378329894884,0.5967395454321018,10.365887906876877,14.735427526864724,2400.672,Critical
B0056,94,102,8,1.1461398965188565,0.8834364138980366,4.0,3.3656652776557863,2.680335373836448,4.180715020333036,-1.7222270467266643,0.6852817775413476,10.019608551209917,12.986214565204865,2396.407,Critical
B0056,95,102,7,1.129224378671885,0.8703980540334642,4.0,3.3651251580925825,2.695500756668203,4.181433629004157,-1.6995424040803295,0.7084582995696587,10.060030313914343,14.020906563644123,2392.375,Critical
B0056,96,102,6,1.1103432888019913,0.8558446453476589,4.0,3.3750175764348014,2.6916361141573137,4.173658812188033,-1.6857958238112818,0.7215125736921261,9.894806886286887,13.158594712143495,2373.687,Critical
B0056,97,102,5,1.153909472897475,0.8894251476593177,4.0,3.3447811593713976,2.6977127849492053,4.1820632868427365,-1.7402948082227616,0.6653545717727144,10.535153782453834,14.942021026324584,2385.922,Critical
B0056,98,102,4,1.1302191455340138,0.8711648131978671,4.0,3.3605010057610825,2.687276744661873,4.18182200740338,-1.7346003290908105,0.6718457198946742,10.116013026114192,13.316711053744784,2345.0,Critical
B0056,99,102,3,1.1258719408034097,0.8678140189629312,4.0,3.3538264483941607,2.6980124491519586,4.1819501512020345,-1.7146209406772344,0.6931564014704287,10.332244370257053,14.61281089291766,2363.047000000006,Critical
B0056,100,102,2,1.1430108283920968,0.8810245506227565,4.0,3.341678704653779,2.6927360739353285,4.181791330814548,-1.774352624864773,0.6251558102722448,10.278021353580035,14.205466297575018,2316.687,Critical
B0056,101,102,1,1.1372731775310292,0.8766020104805836,4.0,3.3456418542105237,2.6899104032044447,4.173014294511639,-1.7619972814702227,0.6400766560925489,10.263503141787313,13.862516639323273,2322.0,Critical
B0056,102,102,0,1.1290590137779504,0.8702705919589601,4.0,3.3496423795442105,2.6950189281281465,4.181882887350109,-1.7226331709023301,0.6848801470332685,10.452748281670244,14.899199505524647,2357.687,Critical
